1403636620.763555765 0.000000 0.000000 0.000000 -0.04505082 -0.79361849 -0.00000000 0.60674551
1403636620.813555479 -0.000028 0.000078 -0.000124 -0.04504968 -0.79360471 0.00009179 0.60676361
1403636620.863555670 -0.000019 0.000203 -0.000341 -0.04505513 -0.79360640 0.00007543 0.60676100
1403636620.913555622 -0.000053 0.000275 -0.000670 -0.04509554 -0.79360290 0.00012516 0.60676257
1403636620.963555574 -0.000151 0.000351 -0.001120 -0.04511548 -0.79363220 0.00008901 0.60672276
1403636621.013555527 -0.000273 0.000409 -0.001720 -0.04510634 -0.79368546 0.00010706 0.60665378
1403636621.063555717 -0.000441 0.000543 -0.002393 -0.04481826 -0.79363122 -0.00035229 0.60674598
1403636621.113555431 -0.000605 0.000281 -0.003221 -0.04506884 -0.79365312 0.00020390 0.60669883
1403636621.163555622 -0.000885 0.000240 -0.004201 -0.04472428 -0.79365980 -0.00023732 0.60671559
1403636621.213555574 -0.001242 0.000032 -0.005326 -0.04499743 -0.79359351 0.00009877 0.60678214
1403636621.263555765 -0.001654 0.000016 -0.006568 -0.04479237 -0.79366543 -0.00023251 0.60670321
1403636621.313555479 -0.002162 -0.000132 -0.007942 -0.04500465 -0.79367167 0.00009078 0.60667937
1403636621.363555670 -0.002662 -0.000091 -0.009408 -0.04484548 -0.79365789 -0.00015439 0.60670917
1403636621.413555622 -0.003092 -0.000213 -0.011096 -0.04506087 -0.79369354 0.00017564 0.60664657
1403636621.463555574 -0.003498 -0.000144 -0.012833 -0.04487467 -0.79365785 -0.00012496 0.60670707
1403636621.513555527 -0.003880 -0.000150 -0.014720 -0.04498878 -0.79369762 0.00007034 0.60664659
1403636621.563555717 -0.004260 0.000010 -0.016744 -0.04483572 -0.79370749 -0.00015519 0.60664500
1403636621.613555431 -0.004687 0.000053 -0.018852 -0.04501974 -0.79371563 0.00005851 0.60662074
1403636621.663555622 -0.005173 0.000221 -0.021030 -0.04488687 -0.79372789 -0.00016450 0.60661452
1403636621.713555574 0.011021 0.001241 -0.009821 -0.04461930 -0.79048754 0.00289389 0.61084383
1403636621.763555765 0.013200 0.002071 -0.011606 -0.04450435 -0.79031241 0.00292842 0.61107862
1403636621.813555479 0.011274 0.001882 -0.015670 -0.04551194 -0.78984968 0.00427143 0.61159455
1403636621.863555670 0.013980 0.003378 -0.017912 -0.04549520 -0.78971819 0.00439572 0.61176470
1403636621.913555622 0.016235 0.002005 -0.021555 -0.04564026 -0.78886983 0.00627120 0.61283116
1403636621.963555574 0.019988 0.004293 -0.024102 -0.04567539 -0.78860967 0.00659996 0.61315984
1403636622.013555527 0.023362 0.000478 -0.031259 -0.04547918 -0.78783944 0.00803003 0.61414670
1403636622.063555717 0.028359 0.003373 -0.034257 -0.04552566 -0.78756768 0.00844401 0.61448618
1403636622.113555431 0.032452 -0.002824 -0.028661 -0.04560869 -0.78688951 0.01005090 0.61532408
1403636622.163555622 0.038683 0.000895 -0.031607 -0.04558909 -0.78662959 0.01042933 0.61565148
1403636622.213555574 0.042249 -0.005959 -0.029590 -0.04539553 -0.78610389 0.01167911 0.61631446
1403636622.263555765 0.049789 -0.001491 -0.032587 -0.04536968 -0.78589027 0.01204081 0.61658179
1403636622.313555479 0.052494 -0.008314 -0.029406 -0.04478623 -0.78532048 0.01261038 0.61733857
1403636622.363555670 0.061432 -0.003371 -0.032377 -0.04473661 -0.78506848 0.01296793 0.61765520
1403636622.413555622 0.057676 -0.009976 -0.027283 -0.04419415 -0.78488076 0.01324191 0.61792696
1403636622.463555574 0.067312 -0.004831 -0.030296 -0.04415321 -0.78459494 0.01361256 0.61828470
1403636622.513555527 0.060357 -0.006863 -0.024711 -0.04301556 -0.78460909 0.01374287 0.61834405
1403636622.563555717 0.070595 -0.001483 -0.027707 -0.04298071 -0.78435585 0.01411141 0.61865937
1403636622.613555431 0.064181 0.001674 -0.021119 -0.04158017 -0.78438105 0.01438382 0.61871687
1403636622.663555622 0.075059 0.007469 -0.024020 -0.04148151 -0.78407976 0.01485508 0.61909412
1403636622.713555574 0.066118 0.009755 -0.016561 -0.04045798 -0.78421679 0.01491836 0.61898677
1403636622.763555765 0.077589 0.015897 -0.019412 -0.04031676 -0.78395482 0.01529007 0.61931867
1403636622.813555479 0.067832 0.019664 -0.010302 -0.03914484 -0.78416605 0.01516539 0.61912946
1403636622.863555670 0.079755 0.026096 -0.012986 -0.03906428 -0.78388448 0.01547276 0.61948342
1403636622.913555622 0.069030 0.030831 -0.002305 -0.03779650 -0.78405399 0.01521473 0.61935392
1403636622.963555574 -0.091924 -0.049156 -0.012993 -0.03881360 -0.79129810 -0.01266363 0.61006594
1403636623.013555527 -0.105852 -0.061069 0.003031 -0.04065418 -0.79208248 -0.01124504 0.60895494
1403636623.063555717 -0.106672 -0.073472 0.004251 -0.04060633 -0.79206257 -0.01146472 0.60897994
1403636623.113555431 -0.070954 -0.079868 -0.017022 -0.04273809 -0.79187296 -0.01028945 0.60910164
1403636623.163555622 -0.070737 -0.091472 -0.016399 -0.04265897 -0.79188443 -0.01054580 0.60908789
1403636623.213555574 -0.057151 -0.025502 -0.042713 -0.04119127 -0.79166925 -0.00726360 0.60951646
1403636623.263555765 -0.055202 -0.035010 -0.042613 -0.04116773 -0.79166153 -0.00728923 0.60952777
1403636623.313555479 -0.040010 -0.024982 -0.054057 -0.04197612 -0.79148892 -0.00610438 0.60970979
1403636623.363555670 -0.037080 -0.033516 -0.054213 -0.04208554 -0.79154677 -0.00599224 0.60962826
1403636623.413555622 -0.026153 -0.013351 -0.064997 -0.04220162 -0.79142551 -0.00471011 0.60978889
1403636623.463555574 -0.022067 -0.020799 -0.065158 -0.04222863 -0.79125480 -0.00470782 0.61000854
1403636623.513555527 -0.017222 -0.007672 -0.073901 -0.04286344 -0.79144154 -0.00346348 0.60973029
1403636623.563555717 -0.012302 -0.013580 -0.074468 -0.04292980 -0.79149681 -0.00337586 0.60965435
1403636623.613555431 -0.006821 -0.009220 -0.076280 -0.04373499 -0.79153971 -0.00272171 0.60954469
1403636623.663555622 -0.002782 -0.014382 -0.076461 -0.04363073 -0.79151521 -0.00279188 0.60958366
1403636623.713555574 -0.003857 -0.008720 -0.080095 -0.04441868 -0.79160578 -0.00208172 0.60941197
1403636623.763555765 -0.000045 -0.012902 -0.080345 -0.04454602 -0.79152381 -0.00221403 0.60950866
1403636623.813555479 -0.040368 -0.024112 0.049391 -0.04907602 -0.79464914 -0.00213743 0.60507828
1403636623.863555670 -0.042330 -0.024964 0.050449 -0.04938830 -0.79459970 -0.00218518 0.60511762
1403636623.913555622 -0.044324 -0.038028 0.056464 -0.05028476 -0.79483316 -0.00282901 0.60473439
1403636623.963555574 -0.046556 -0.038904 0.057605 -0.05070279 -0.79478250 -0.00280282 0.60476619
1403636624.013555527 -0.040990 -0.041681 0.052728 -0.05043010 -0.79464943 -0.00308855 0.60496244
1403636624.063555717 -0.043195 -0.042433 0.053924 -0.05078221 -0.79475010 -0.00315198 0.60480039
1403636624.113555431 -0.036407 -0.045368 0.047882 -0.05111845 -0.79484293 -0.00382925 0.60464614
1403636624.163555622 -0.037540 -0.046323 0.048820 -0.05169472 -0.79480615 -0.00381576 0.60464559
1403636624.213555574 -0.040455 -0.046182 0.050735 -0.05156736 -0.79510655 -0.00389180 0.60426090
1403636624.263555765 -0.042392 -0.046735 0.052211 -0.05171172 -0.79518377 -0.00390988 0.60414682
1403636624.313555479 -0.038547 -0.048450 0.048362 -0.05178475 -0.79684797 -0.00518275 0.60193420
1403636624.363555670 -0.040249 -0.048184 0.049220 -0.05262518 -0.79984054 -0.00627635 0.59786814
1403636624.413555622 -0.060544 0.007756 0.041702 -0.04946696 -0.80160504 -0.00604837 0.59577327
1403636624.463555574 0.006869 0.007743 0.007262 -0.05090774 -0.80411744 -0.00573324 0.59225897
1403636624.513555527 -0.009281 0.009528 0.036664 -0.05138372 -0.80865736 -0.00820674 0.58597410
1403636624.563555717 -0.011809 0.012587 0.037353 -0.05252550 -0.81073977 -0.00940796 0.58296962
1403636624.613555431 0.020435 0.005911 0.013431 -0.05167565 -0.81082097 -0.01161695 0.58289281
1403636624.663555622 0.020938 0.004830 0.012337 -0.05100701 -0.80974198 -0.01459231 0.58438282
1403636624.713555574 0.065481 -0.000372 0.014804 -0.04970914 -0.80987826 -0.01777515 0.58421764
1403636624.763555765 0.070190 0.005192 0.014539 -0.04797255 -0.80863090 -0.02060056 0.58599515
1403636624.813555479 0.059230 0.015054 0.015220 -0.04372846 -0.81119370 -0.02603403 0.58255886
1403636624.863555670 0.062523 0.024543 0.017953 -0.03951883 -0.81388558 -0.03121202 0.57883878
1403636624.913555622 0.069480 0.030919 0.021531 -0.03485053 -0.81830943 -0.03758928 0.57248770
1403636624.963555574 0.026679 0.024788 0.050181 -0.03120264 -0.82352131 -0.04537167 0.56460646
1403636625.013555527 0.037630 0.024976 0.056764 -0.02824500 -0.82690954 -0.04910485 0.55947435
1403636625.063555717 0.032844 0.038537 0.068673 -0.02731351 -0.83028312 -0.05067474 0.55436088
1403636625.113555431 0.037113 0.041142 0.081190 -0.02703938 -0.83314762 -0.05028116 0.55009609
1403636625.163555622 0.039525 0.042721 0.094946 -0.02974666 -0.83430223 -0.04616984 0.54856474
1403636625.213555574 0.041481 0.043784 0.108692 -0.03180154 -0.83340208 -0.04261961 0.55010290
1403636625.263555765 0.040942 0.044459 0.123540 -0.03340765 -0.83100723 -0.03984572 0.55382600
1403636625.313555479 0.042728 0.044020 0.130177 -0.03436412 -0.82876385 -0.03753622 0.55727966
1403636625.363555670 0.039946 0.044231 0.136095 -0.03449587 -0.82754679 -0.03582185 0.55918971
1403636625.413555622 0.041356 0.046104 0.135729 -0.03432197 -0.82818814 -0.03510607 0.55829559
1403636625.463555574 0.037189 0.046693 0.133048 -0.03380887 -0.83002453 -0.03474761 0.55561574
1403636625.513555527 0.038126 0.048242 0.126820 -0.03378914 -0.83075496 -0.03419089 0.55455880
1403636625.563555717 0.031416 0.048532 0.122683 -0.03312676 -0.83150570 -0.03404472 0.55348156
1403636625.613555431 0.034665 0.048923 0.117298 -0.03198316 -0.83131638 -0.03450644 0.55380454
1403636625.663555622 0.026524 0.048429 0.119744 -0.03116844 -0.83050167 -0.03468288 0.55506090
1403636625.713555574 0.025625 0.049222 0.122783 -0.03072979 -0.82847032 -0.03378584 0.55816765
1403636625.763555765 0.015369 0.047941 0.133799 -0.02999933 -0.82556219 -0.03405732 0.56248307
1403636625.813555479 0.009666 0.045159 0.145942 -0.02979792 -0.82244902 -0.03341135 0.56707439
1403636625.863555670 -0.001629 0.042826 0.165066 -0.02995055 -0.81902039 -0.03231466 0.57207022
1403636625.913555622 -0.006186 0.040103 0.182557 -0.03020545 -0.81669948 -0.03118380 0.57542780
1403636625.963555574 -0.017248 0.037077 0.206294 -0.03039804 -0.81500879 -0.03044403 0.57784928
1403636626.013555527 -0.017858 0.034125 0.225689 -0.03048253 -0.81330249 -0.02959080 0.58028808
1403636626.063555717 -0.027382 0.030615 0.248555 -0.03277969 -0.81247592 -0.02576483 0.58150197
1403636626.113555431 -0.030772 0.029765 0.272521 -0.03546459 -0.81172455 -0.02120018 0.58257710
1403636626.163555622 -0.039061 0.026585 0.293811 -0.03817753 -0.81093102 -0.01700670 0.58364726
1403636626.213555574 -0.041149 0.027379 0.312614 -0.04083203 -0.81028211 -0.01309123 0.58446922
1403636626.263555765 -0.047814 0.025861 0.328877 -0.04229342 -0.80999714 -0.01086242 0.58480588
1403636626.313555479 -0.050899 0.028050 0.342060 -0.04271340 -0.80975694 -0.00981332 0.58512645
1403636626.363555670 -0.056333 0.028239 0.351138 -0.04255551 -0.80960070 -0.01003552 0.58535034
1403636626.413555622 -0.059731 0.031777 0.356147 -0.04142986 -0.80928786 -0.01127060 0.58584102
1403636626.463555574 -0.064041 0.031522 0.355753 -0.03928553 -0.80898719 -0.01356094 0.58635524
1403636626.513555527 -0.066700 0.035473 0.358259 -0.03681955 -0.80710840 -0.01635251 0.58902712
1403636626.563555717 -0.069905 0.038665 0.360386 -0.03384897 -0.80513811 -0.01954136 0.59179812
1403636626.613555431 -0.071077 0.043755 0.360516 -0.03109894 -0.80327393 -0.02197182 0.59439136
1403636626.663555622 -0.072127 0.047420 0.360627 -0.02851121 -0.80185994 -0.02414541 0.59634281
1403636626.713555574 -0.071426 0.052707 0.359225 -0.02725517 -0.80232620 -0.02432671 0.59576676
1403636626.763555765 -0.070208 0.056195 0.356578 -0.02620848 -0.80380805 -0.02389375 0.59383064
1403636626.813555479 -0.067580 0.061800 0.352703 -0.02564776 -0.80552460 -0.02325219 0.59155021
1403636626.863555670 -0.064650 0.065219 0.348094 -0.02503080 -0.80789519 -0.02286484 0.58835025
1403636626.913555622 -0.060504 0.070469 0.342720 -0.02460920 -0.81029435 -0.02255246 0.58507165
1403636626.963555574 -0.056577 0.073820 0.336798 -0.02426357 -0.81316261 -0.02292631 0.58107850
1403636627.013555527 -0.051458 0.084487 0.324356 -0.02251445 -0.81520403 -0.02292256 0.57828198
1403636627.063555717 -0.046948 0.087621 0.318461 -0.02277609 -0.81758410 -0.02311600 0.57489402
1403636627.113555431 -0.039458 0.093953 0.314636 -0.02262724 -0.82023137 -0.02257154 0.57113836
1403636627.163555622 -0.035555 0.096989 0.314683 -0.02262686 -0.81930802 -0.02219727 0.57247678
1403636627.213555574 -0.031054 0.102243 0.311917 -0.02226012 -0.81761291 -0.02245842 0.57489933
1403636627.263555765 -0.027961 0.105229 0.317586 -0.02195125 -0.81521249 -0.02264236 0.57830274
1403636627.313555479 -0.023823 0.109816 0.321236 -0.02227257 -0.81323666 -0.02139322 0.58111307
1403636627.363555670 -0.020404 0.112764 0.331015 -0.02274699 -0.81244104 -0.02070003 0.58223160
1403636627.413555622 -0.016771 0.115996 0.341180 -0.02314516 -0.81206464 -0.01968446 0.58277598
1403636627.463555574 -0.012427 0.119101 0.355033 -0.02458147 -0.81139975 -0.01899266 0.58366555
1403636627.513555527 -0.009313 0.122231 0.367015 -0.02726323 -0.81203180 -0.01911985 0.58266242
1403636627.563555717 -0.005179 0.126349 0.376535 -0.03094933 -0.81246534 -0.02049152 0.58182670
1403636627.613555431 0.000275 0.130389 0.381931 -0.03459068 -0.81307104 -0.02291689 0.58068389
1403636627.663555622 0.005483 0.134761 0.382470 -0.03770305 -0.81478448 -0.02503934 0.57799460
1403636627.713555574 0.010978 0.139483 0.380330 -0.04170808 -0.81736732 -0.02802849 0.57392117
1403636627.763555765 0.016147 0.144620 0.374705 -0.04612194 -0.82058645 -0.03160928 0.56878071
1403636627.813555479 0.020726 0.150995 0.368753 -0.05114185 -0.82342956 -0.03550303 0.56399274
1403636627.863555670 0.024360 0.156960 0.361687 -0.05650567 -0.82610496 -0.03989108 0.55925522
1403636627.913555622 0.027928 0.163850 0.356078 -0.06055546 -0.82856243 -0.04355443 0.55490571
1403636627.963555574 0.029165 0.169756 0.351731 -0.06383783 -0.82966966 -0.04729978 0.55257192
1403636628.013555527 0.029890 0.181046 0.348825 -0.06536345 -0.82974518 -0.05007824 0.55203508
1403636628.063555717 0.026658 0.186959 0.350429 -0.06768964 -0.82820241 -0.05240075 0.55385291
1403636628.113555431 0.024195 0.194108 0.355977 -0.07000825 -0.82417421 -0.05425901 0.55936720
1403636628.163555622 0.019325 0.199801 0.363291 -0.07215976 -0.81876819 -0.05520984 0.56688931
1403636628.213555574 0.013971 0.205485 0.371966 -0.07435144 -0.81361291 -0.05510504 0.57399419
1403636628.263555765 0.009159 0.212619 0.383558 -0.07750778 -0.80989645 -0.05332925 0.57897865
1403636628.313555479 0.001429 0.218964 0.399158 -0.08050639 -0.80731366 -0.05049118 0.58242083
1403636628.363555670 -0.004141 0.225808 0.413150 -0.08243083 -0.80621729 -0.04875792 0.58381633
1403636628.413555622 -0.008445 0.232890 0.424761 -0.08389605 -0.80576026 -0.04716923 0.58436883
1403636628.463555574 -0.012342 0.240487 0.434644 -0.08469139 -0.80573886 -0.04584094 0.58438931
1403636628.513555527 -0.015205 0.249076 0.444447 -0.08507517 -0.80586078 -0.04447985 0.58427062
1403636628.563555717 -0.017921 0.257963 0.451227 -0.08556821 -0.80615535 -0.04309669 0.58389580
1403636628.613555431 -0.019990 0.267485 0.456557 -0.08549107 -0.80653503 -0.04143650 0.58350281
1403636628.663555622 -0.021335 0.278167 0.460538 -0.08503940 -0.80655008 -0.04104466 0.58357570
1403636628.713555574 -0.022525 0.289622 0.462977 -0.08435842 -0.80680192 -0.04324017 0.58316773
1403636628.763555765 -0.022668 0.302365 0.463330 -0.08454675 -0.80833462 -0.04713683 0.58071086
1403636628.813555479 -0.023209 0.315689 0.463054 -0.08545312 -0.81044703 -0.05198071 0.57720999
1403636628.863555670 -0.023013 0.329580 0.461323 -0.08723500 -0.81273476 -0.05636508 0.57330205
1403636628.913555622 -0.023104 0.343449 0.462199 -0.08948481 -0.81503205 -0.05978342 0.56933397
1403636628.963555574 -0.021683 0.357031 0.464318 -0.09124610 -0.81685741 -0.06264432 0.56612173
1403636629.013555527 -0.020857 0.372840 0.471074 -0.09349408 -0.81839068 -0.06437990 0.56333896
1403636629.063555717 -0.017590 0.386034 0.478460 -0.09578443 -0.81893265 -0.06622525 0.56195096
1403636629.113555431 -0.016975 0.402007 0.486797 -0.09741647 -0.81914963 -0.06858364 0.56107059
1403636629.163555622 -0.014525 0.416242 0.494868 -0.10135299 -0.81889154 -0.07113252 0.56043232
1403636629.213555574 -0.015485 0.433714 0.502916 -0.10572910 -0.81772341 -0.07421166 0.56092995
1403636629.263555765 -0.016510 0.448987 0.512106 -0.11009336 -0.81620712 -0.07722547 0.56189111
1403636629.313555479 -0.018721 0.466116 0.516690 -0.11484188 -0.81425120 -0.07891104 0.56354181
1403636629.363555670 -0.020015 0.481237 0.519811 -0.11917499 -0.81227756 -0.07971296 0.56537451
1403636629.413555622 -0.028686 0.499604 0.521790 -0.12409398 -0.80996111 -0.07911726 0.56771836
1403636629.463555574 -0.030092 0.516109 0.522795 -0.13064238 -0.80690025 -0.07957844 0.57053643
1403636629.513555527 -0.042048 0.537902 0.514726 -0.13724965 -0.80474819 -0.08033174 0.57191757
1403636629.563555717 -0.043974 0.556242 0.511854 -0.14455668 -0.80404608 -0.08282044 0.57074867
1403636629.613555431 -0.045483 0.576020 0.506634 -0.15124768 -0.80462394 -0.08804027 0.56740934
1403636629.663555622 -0.046186 0.596329 0.499946 -0.15864477 -0.80626614 -0.09363436 0.56213820
1403636629.713555574 -0.047095 0.617443 0.491766 -0.16625336 -0.80755057 -0.10013423 0.55695155
1403636629.763555765 -0.046772 0.639677 0.483768 -0.17445259 -0.80848231 -0.10732221 0.55172874
1403636629.813555479 -0.051335 0.661236 0.472952 -0.18295263 -0.80842991 -0.11453562 0.54758653
1403636629.863555670 -0.055404 0.683732 0.461722 -0.19189875 -0.80779675 -0.12127755 0.54399544
1403636629.913555622 -0.059396 0.707028 0.450591 -0.20032102 -0.80660515 -0.12751310 0.54129477
1403636629.963555574 -0.063688 0.731780 0.442128 -0.20735328 -0.80528313 -0.13341206 0.53918913
1403636630.013555527 -0.068569 0.755888 0.434247 -0.21325975 -0.80376804 -0.13780289 0.53804051
1403636630.063555717 -0.065376 0.777853 0.436465 -0.21756730 -0.80137985 -0.14165152 0.53887815
1403636630.113555431 -0.071425 0.805462 0.434016 -0.22096507 -0.79768349 -0.14565009 0.54190547
1403636630.163555622 -0.077079 0.830076 0.432915 -0.22352246 -0.79278707 -0.14949063 0.54697251
1403636630.213555574 -0.084660 0.858730 0.434328 -0.22520498 -0.78833243 -0.15327591 0.55165315
1403636630.263555765 -0.091626 0.885093 0.437503 -0.22672731 -0.78418075 -0.15597437 0.55617198
1403636630.313555479 -0.099497 0.916259 0.442625 -0.22764151 -0.78208180 -0.15774293 0.55825134
1403636630.363555670 -0.105216 0.941796 0.446708 -0.22851260 -0.78222813 -0.15860022 0.55744696
1403636630.413555622 -0.114147 0.974780 0.458812 -0.22909204 -0.78302606 -0.15870957 0.55605602
1403636630.463555574 -0.119514 1.000799 0.465894 -0.22842065 -0.78496310 -0.15945412 0.55338172
1403636630.513555527 -0.128726 1.030816 0.479633 -0.22745807 -0.78599197 -0.15967645 0.55225254
1403636630.563555717 -0.136351 1.058047 0.497163 -0.22533673 -0.78769251 -0.16115679 0.55026571
1403636630.613555431 -0.143178 1.086371 0.511446 -0.22282370 -0.78860492 -0.16235067 0.54963091
1403636630.663555622 -0.150028 1.112226 0.521199 -0.22059009 -0.79007983 -0.16286070 0.54826113
1403636630.713555574 -0.157513 1.139706 0.530828 -0.21886884 -0.79105124 -0.16249680 0.54765788
1403636630.763555765 -0.165302 1.165116 0.537873 -0.21850383 -0.79114519 -0.16082026 0.54816258
1403636630.813555479 -0.175045 1.193388 0.544837 -0.21829825 -0.79180885 -0.15817619 0.54805557
1403636630.863555670 -0.183706 1.218480 0.548807 -0.21845486 -0.79187435 -0.15602014 0.54851637
1403636630.913555622 -0.193218 1.244490 0.552755 -0.21854539 -0.79182841 -0.15353271 0.54924803
1403636630.963555574 -0.202173 1.269611 0.553888 -0.21882076 -0.79167856 -0.15162691 0.54988346
1403636631.013555527 -0.218334 1.299027 0.560507 -0.21901824 -0.79178693 -0.15040660 0.54998393
1403636631.063555717 -0.228134 1.325065 0.560048 -0.21835931 -0.79129422 -0.14956776 0.55118251
1403636631.113555431 -0.233974 1.352148 0.561140 -0.21824027 -0.79017311 -0.14953162 0.55284531
1403636631.163555622 -0.243490 1.378311 0.559628 -0.21768992 -0.78949239 -0.14937792 0.55407500
1403636631.213555574 -0.250526 1.406452 0.557886 -0.21699486 -0.78843016 -0.14907639 0.55593825
1403636631.263555765 -0.259605 1.432902 0.555970 -0.21631940 -0.78770203 -0.14949660 0.55711956
1403636631.313555479 -0.268542 1.459276 0.553439 -0.21619589 -0.78773050 -0.14874497 0.55732839
1403636631.363555670 -0.277521 1.485801 0.549759 -0.21560775 -0.78780910 -0.14896711 0.55738579
1403636631.413555622 -0.285524 1.509580 0.547490 -0.21523357 -0.78801631 -0.14853276 0.55735341
1403636631.463555574 -0.299625 1.530847 0.543069 -0.21414914 -0.78833550 -0.14890890 0.55721937
1403636631.513555527 -0.306056 1.554949 0.536597 -0.21298451 -0.78874856 -0.14947286 0.55693013
1403636631.563555717 -0.304582 1.574000 0.541419 -0.21126431 -0.78890820 -0.15026718 0.55714542
1403636631.613555431 -0.314075 1.596429 0.533706 -0.21004980 -0.78952870 -0.15062430 0.55662900
1403636631.663555622 -0.323014 1.620137 0.525608 -0.20891413 -0.79021369 -0.15061263 0.55608727
1403636631.713555574 -0.333199 1.642877 0.519883 -0.20818644 -0.79068311 -0.15075753 0.55565348
1403636631.763555765 -0.340888 1.665989 0.512827 -0.20733625 -0.79115800 -0.15087061 0.55526459
1403636631.813555479 -0.351663 1.688433 0.511508 -0.20656971 -0.79120851 -0.15076770 0.55550620
1403636631.863555670 -0.363844 1.709972 0.508735 -0.20560385 -0.79178016 -0.15151195 0.55484715
1403636631.913555622 -0.375861 1.730160 0.509717 -0.20472348 -0.79255841 -0.15198094 0.55393253
1403636631.963555574 -0.386767 1.754157 0.510932 -0.20445691 -0.79275932 -0.15230572 0.55365423
1403636632.013555527 -0.412203 1.770831 0.521252 -0.20458078 -0.79262821 -0.15260962 0.55371250
1403636632.063555717 -0.424451 1.793777 0.523986 -0.20434412 -0.79183709 -0.15313446 0.55478585
1403636632.113555431 -0.439880 1.816016 0.526808 -0.20297492 -0.79130761 -0.15476682 0.55559039
1403636632.163555622 -0.455691 1.836932 0.529417 -0.20113820 -0.79075781 -0.15795986 0.55614224
1403636632.213555574 -0.471169 1.850652 0.531872 -0.20082150 -0.79092768 -0.15891084 0.55574408
1403636632.263555765 -0.480367 1.872499 0.526651 -0.20175799 -0.79026785 -0.15869158 0.55640580
1403636632.313555479 -0.497421 1.884262 0.525778 -0.20257360 -0.79000056 -0.15841054 0.55656909
1403636632.363555670 -0.510244 1.902452 0.522743 -0.20333471 -0.78967112 -0.15788890 0.55690718
1403636632.413555622 -0.524503 1.914135 0.519497 -0.20408360 -0.79013743 -0.15797496 0.55594662
1403636632.463555574 -0.537162 1.930568 0.512578 -0.20653615 -0.79137486 -0.15500538 0.55411369
1403636632.513555527 -0.555231 1.940749 0.506116 -0.20834736 -0.79329713 -0.15029570 0.55198029
1403636632.563555717 -0.568576 1.955984 0.496617 -0.21014478 -0.79621661 -0.14336272 0.54893115
1403636632.613555431 -0.618632 1.957630 0.486353 -0.21014901 -0.79964767 -0.13616170 0.54576642
1403636632.663555622 -0.637298 1.972454 0.475284 -0.20803867 -0.80255058 -0.12890248 0.54407410
1403636632.713555574 -0.629614 2.032563 0.437363 -0.20287898 -0.80476963 -0.11948126 0.54489467
1403636632.763555765 -0.645227 2.051359 0.428702 -0.19617398 -0.80717173 -0.11251191 0.54528032
1403636632.813555479 -0.683821 2.057901 0.421535 -0.18629458 -0.80886652 -0.10745200 0.54725073
1403636632.863555670 -0.711719 2.076066 0.423240 -0.17351158 -0.80990133 -0.10451412 0.55048193
1403636632.913555622 -0.746682 2.098381 0.427573 -0.15940322 -0.81017640 -0.10174957 0.55484397
1403636632.963555574 -0.765301 2.119098 0.426200 -0.14764856 -0.81080364 -0.09968980 0.55754758
1403636633.013555527 -0.784411 2.140205 0.426130 -0.13723254 -0.81116220 -0.09787811 0.56000267
1403636633.063555717 -0.807092 2.162895 0.428427 -0.12837272 -0.81231837 -0.09504784 0.56091462
1403636633.113555431 -0.838872 2.169247 0.442468 -0.12160708 -0.81308109 -0.09246381 0.56174844
1403636633.163555622 -0.860442 2.187743 0.442741 -0.11597541 -0.81392700 -0.09019370 0.56208330
1403636633.213555574 -0.883252 2.198145 0.443854 -0.11187383 -0.81447712 -0.08770873 0.56251085
1403636633.263555765 -0.910668 2.216928 0.441645 -0.10868901 -0.81588240 -0.08379056 0.56169543
1403636633.313555479 -0.888956 2.279934 0.414925 -0.10741707 -0.81612780 -0.07864437 0.56232735
1403636633.363555670 -0.909474 2.305755 0.409088 -0.10706342 -0.81717800 -0.07446651 0.56143769
1403636633.413555622 -0.923125 2.311190 0.401206 -0.10810957 -0.81799940 -0.07186851 0.56037865
1403636633.463555574 -0.938207 2.324861 0.385725 -0.10892978 -0.81894820 -0.06939960 0.55914385
1403636633.513555527 -0.957992 2.341859 0.375697 -0.10992242 -0.81968727 -0.06859513 0.55796465
1403636633.563555717 -0.975312 2.357593 0.361220 -0.11121550 -0.82055837 -0.06789443 0.55651184
1403636633.613555431 -0.996047 2.375109 0.351103 -0.11221601 -0.82143927 -0.06790014 0.55500870
1403636633.663555622 -1.018177 2.397285 0.341276 -0.11339822 -0.82214270 -0.06880169 0.55361408
1403636633.713555574 -1.040166 2.414156 0.334407 -0.11444621 -0.82176358 -0.06962632 0.55385815
1403636633.763555765 -1.063687 2.437124 0.328149 -0.11593048 -0.82119316 -0.06984566 0.55436765
1403636633.813555479 -1.088254 2.460852 0.324070 -0.11755110 -0.82090320 -0.07021613 0.55440903
1403636633.863555670 -1.113367 2.484460 0.321820 -0.11953930 -0.81995778 -0.06986454 0.55542644
1403636633.913555622 -1.156587 2.493994 0.337860 -0.12242954 -0.81891211 -0.06772412 0.55660346
1403636633.963555574 -1.181229 2.514496 0.340358 -0.12577676 -0.81720225 -0.06526589 0.55866005
1403636634.013555527 -1.212317 2.533064 0.339126 -0.12835254 -0.81585144 -0.06344157 0.56025639
1403636634.063555717 -1.240483 2.558331 0.337115 -0.13052883 -0.81535032 -0.06286190 0.56054836
1403636634.113555431 -1.269070 2.579193 0.336222 -0.13011147 -0.81558936 -0.06248655 0.56033957
1403636634.163555622 -1.446481 2.628016 0.296571 -0.12894343 -0.81685624 -0.06242221 0.55876912
1403636634.213555574 -1.500190 2.639444 0.317450 -0.12660237 -0.81852883 -0.06487687 0.55657289
1403636634.263555765 -1.545408 2.659841 0.321461 -0.12293565 -0.81880696 -0.06754263 0.55666865
1403636634.313555479 -1.591381 2.683377 0.324835 -0.11941507 -0.81755057 -0.07025322 0.55894150
1403636634.363555670 -1.628098 2.703211 0.331249 -0.11612694 -0.81536600 -0.07252586 0.56252361
1403636634.413555622 -1.664169 2.721245 0.335223 -0.11286877 -0.81303539 -0.07461613 0.56627425
1403636634.463555574 -1.705559 2.745994 0.337987 -0.11049055 -0.81163144 -0.07598941 0.56857000
1403636634.513555527 -1.739329 2.764769 0.338020 -0.10838761 -0.80983461 -0.07678178 0.57142330
1403636634.563555717 -1.782997 2.786075 0.349051 -0.10706530 -0.80889313 -0.07727855 0.57293713
1403636634.613555431 -1.821979 2.795746 0.352712 -0.10430996 -0.80855117 -0.07783721 0.57385172
1403636634.663555622 -1.859039 2.822230 0.350523 -0.10059187 -0.80867469 -0.07651483 0.57451894
1403636634.713555574 -1.896410 2.828305 0.342526 -0.09711035 -0.80940206 -0.07586263 0.57418006
1403636634.763555765 -1.935693 2.848512 0.341168 -0.09329863 -0.81089930 -0.07413456 0.57292387
1403636634.813555479 -1.975736 2.868864 0.340898 -0.09047296 -0.81261340 -0.07180665 0.57124243
1403636634.863555670 -2.012422 2.892484 0.341464 -0.08797885 -0.81411075 -0.06924735 0.56981419
1403636634.913555622 -2.041314 2.906149 0.340756 -0.08510474 -0.81513599 -0.06703593 0.56904893
1403636634.963555574 -2.074793 2.925194 0.343868 -0.08223794 -0.81703064 -0.06532910 0.56694794
1403636635.013555527 -2.109702 2.938793 0.349356 -0.07925773 -0.81742766 -0.06476003 0.56686539
1403636635.063555717 -2.121750 2.969352 0.356804 -0.07689889 -0.81825898 -0.06377300 0.56610230
1403636635.113555431 -2.141026 2.979967 0.353852 -0.07517844 -0.81912307 -0.06275326 0.56519698
1403636635.163555622 -2.145857 2.990723 0.340122 -0.07440518 -0.81864134 -0.06235669 0.56604052
1403636635.213555574 -2.175364 3.007278 0.339251 -0.07353438 -0.81952121 -0.06103965 0.56502375
1403636635.263555765 -2.215256 3.013824 0.326508 -0.07369469 -0.82023796 -0.05865741 0.56421458
1403636635.313555479 -2.238946 3.028651 0.320507 -0.07423515 -0.82082953 -0.05589660 0.56356331
1403636635.363555670 -2.268549 3.047703 0.316416 -0.07613426 -0.82163249 -0.05178273 0.56253194
1403636635.413555622 -2.300247 3.067223 0.315001 -0.07642507 -0.82224004 -0.04993646 0.56177119
1403636635.463555574 -2.334686 3.086007 0.315722 -0.07720662 -0.82183508 -0.04862433 0.56237168
1403636635.513555527 -2.368601 3.095462 0.316729 -0.07906009 -0.82178800 -0.04627711 0.56238102
1403636635.563555717 -2.402679 3.114599 0.320310 -0.07959662 -0.82168772 -0.04559405 0.56250764
1403636635.613555431 -2.428256 3.131751 0.317740 -0.08038042 -0.82119788 -0.04479814 0.56317507
1403636635.663555622 -2.454206 3.145342 0.327951 -0.08121229 -0.82039712 -0.04530663 0.56418120
1403636635.713555574 -2.480329 3.166396 0.333603 -0.08167703 -0.81944416 -0.04530303 0.56549781
1403636635.763555765 -2.511307 3.186381 0.344704 -0.08284121 -0.81757784 -0.04365832 0.56815293
1403636635.813555479 -2.547491 3.204986 0.356038 -0.08546748 -0.81478051 -0.04102278 0.57196605
1403636635.863555670 -2.581683 3.222533 0.367573 -0.08841920 -0.81332911 -0.03884086 0.57373268
1403636635.913555622 -2.615453 3.244477 0.381460 -0.09106627 -0.81380821 -0.03581256 0.57283557
1403636635.963555574 -2.649065 3.268144 0.396974 -0.09197687 -0.81577351 -0.03536159 0.56991525
1403636636.013555527 -2.683429 3.294534 0.410848 -0.09131976 -0.81888242 -0.03717752 0.56542914
1403636636.063555717 -2.713844 3.317665 0.426758 -0.08892366 -0.82152896 -0.04078762 0.56171088
1403636636.113555431 -2.752506 3.335671 0.434301 -0.08649230 -0.82348316 -0.04476542 0.55891916
1403636636.163555622 -2.789462 3.361204 0.444389 -0.08376843 -0.82270070 -0.04897150 0.56013231
1403636636.213555574 -2.827458 3.378484 0.461166 -0.08042701 -0.82018603 -0.05326542 0.56390528
1403636636.263555765 -2.853696 3.409836 0.476831 -0.07810985 -0.81673806 -0.05658806 0.56888978
1403636636.313555479 -2.890593 3.416194 0.504202 -0.07691444 -0.81403719 -0.05929275 0.57263600
1403636636.363555670 -2.924439 3.443218 0.523572 -0.07551206 -0.81002970 -0.06125534 0.57827122
1403636636.413555622 -2.965607 3.459612 0.544579 -0.07361930 -0.80497094 -0.06249377 0.58540287
1403636636.463555574 -3.000276 3.486053 0.561578 -0.07257921 -0.80105137 -0.06353578 0.59077252
1403636636.513555527 -3.034063 3.502513 0.573254 -0.07059422 -0.79981659 -0.06645544 0.59236269
1403636636.563555717 -3.068980 3.525956 0.585902 -0.06815486 -0.79938972 -0.06971023 0.59285029
1403636636.613555431 -3.094971 3.553626 0.596146 -0.06556097 -0.79906109 -0.07333752 0.59314816
1403636636.663555622 -3.124317 3.576820 0.604439 -0.06274097 -0.79963010 -0.07722418 0.59219228
1403636636.713555574 -3.152193 3.598649 0.610613 -0.06049767 -0.79984389 -0.08062310 0.59168378
1403636636.763555765 -3.179235 3.618324 0.614353 -0.05792245 -0.80051496 -0.08392041 0.59057443
1403636636.813555479 -3.206479 3.637350 0.616694 -0.05448067 -0.80093845 -0.08831886 0.58968571
1403636636.863555670 -3.231119 3.652961 0.615888 -0.05195488 -0.80211071 -0.09159192 0.58781802
1403636636.913555622 -3.255358 3.668474 0.613260 -0.05350242 -0.80387384 -0.08842269 0.58575231
1403636636.963555574 -3.281539 3.681485 0.609233 -0.05641084 -0.80493674 -0.08267147 0.58485904
1403636637.013555527 -3.303020 3.693291 0.603494 -0.06030940 -0.80631031 -0.07559111 0.58353445
1403636637.063555717 -3.325083 3.702543 0.596973 -0.06351274 -0.80693349 -0.06964247 0.58307324
1403636637.113555431 -3.345737 3.711810 0.589048 -0.06594756 -0.80833191 -0.06478855 0.58142316
1403636637.163555622 -3.366421 3.719786 0.580408 -0.06750875 -0.81032993 -0.06176938 0.57878538
1403636637.213555574 -3.386869 3.727234 0.571517 -0.06801736 -0.81286227 -0.06024101 0.57532563
1403636637.263555765 -3.405992 3.734433 0.563456 -0.06822315 -0.81459492 -0.05888201 0.57298659
1403636637.313555479 -3.424254 3.744799 0.554675 -0.06814771 -0.81604537 -0.05797254 0.57102105
1403636637.363555670 -3.449997 3.753718 0.552506 -0.06759238 -0.81719575 -0.05832838 0.56940335
1403636637.413555622 -3.472949 3.758700 0.552002 -0.06718531 -0.81801877 -0.05653155 0.56845019
1403636637.463555574 -3.485344 3.767189 0.552493 -0.06610004 -0.81884851 -0.05651806 0.56738312
1403636637.513555527 -3.505382 3.772124 0.555060 -0.06607148 -0.81894631 -0.05549199 0.56734657
1403636637.563555717 -3.528839 3.778696 0.562381 -0.06562653 -0.81996403 -0.05439269 0.56603320
1403636637.613555431 -3.550248 3.785456 0.568322 -0.06586339 -0.82007903 -0.05273192 0.56599624
1403636637.663555622 -3.571816 3.791862 0.576905 -0.06599944 -0.82053562 -0.05202086 0.56538412
1403636637.713555574 -3.594612 3.798592 0.593552 -0.06524206 -0.82004571 -0.05174836 0.56620722
1403636637.763555765 -3.621224 3.805207 0.605220 -0.06446711 -0.81946012 -0.05168016 0.56714925
1403636637.813555479 -3.645243 3.810479 0.618180 -0.06375552 -0.81816955 -0.05198443 0.56906189
1403636637.863555670 -3.666913 3.816371 0.634231 -0.06305988 -0.81716698 -0.05180073 0.57059466
1403636637.913555622 -3.693543 3.819086 0.646340 -0.06254679 -0.81592518 -0.05147947 0.57245424
1403636637.963555574 -3.706909 3.832043 0.664427 -0.06213425 -0.81440063 -0.05105113 0.57470404
1403636638.013555527 -3.729532 3.836123 0.676029 -0.06159416 -0.81335914 -0.05094297 0.57624464
1403636638.063555717 -3.754273 3.841734 0.681314 -0.06118788 -0.81232278 -0.05056956 0.57778063
1403636638.113555431 -3.780289 3.847511 0.683122 -0.06105663 -0.81106255 -0.05037995 0.57957872
1403636638.163555622 -3.805398 3.852797 0.681934 -0.06082501 -0.81013777 -0.04989750 0.58093662
1403636638.213555574 -3.827350 3.856682 0.676841 -0.06054119 -0.81000317 -0.04984459 0.58115845
1403636638.263555765 -3.851093 3.861979 0.673241 -0.06019395 -0.80955294 -0.05011339 0.58179840
1403636638.313555479 -3.872873 3.866383 0.665288 -0.06126653 -0.81070383 -0.04785238 0.58027223
1403636638.363555670 -3.892335 3.871257 0.659092 -0.06429839 -0.81381987 -0.04358472 0.57590216
1403636638.413555622 -3.912876 3.877014 0.649188 -0.06817599 -0.81930283 -0.03835189 0.56800004
1403636638.463555574 -3.932578 3.882503 0.639510 -0.07113602 -0.82459887 -0.03380669 0.56020842
1403636638.513555527 -3.934209 3.875146 0.610122 -0.07603592 -0.82875831 -0.03035421 0.55358542
1403636638.563555717 -3.954949 3.882170 0.601963 -0.07706691 -0.83121864 -0.02892925 0.54981757
1403636638.613555431 -3.978969 3.892785 0.594159 -0.07549711 -0.83244159 -0.03057996 0.54809310
1403636638.663555622 -4.004278 3.902863 0.590761 -0.07201736 -0.83179817 -0.03496304 0.54927487
1403636638.713555574 -4.030752 3.914096 0.590214 -0.06961815 -0.83050541 -0.03839422 0.55130750
1403636638.763555765 -4.056431 3.924736 0.592835 -0.06722040 -0.82810465 -0.04095679 0.55501950
1403636638.813555479 -4.080027 3.938305 0.596321 -0.06594914 -0.82516039 -0.04226398 0.55944150
1403636638.863555670 -4.106586 3.950949 0.599696 -0.06589695 -0.82268819 -0.04227648 0.56307587
1403636638.913555622 -4.137892 3.964160 0.604282 -0.06643056 -0.82080815 -0.04064236 0.56587027
1403636638.963555574 -4.163323 3.979493 0.611393 -0.06776807 -0.81907713 -0.03831807 0.56837652
1403636639.013555527 -4.191163 3.992293 0.620174 -0.07082799 -0.81857906 -0.03368959 0.56901383
1403636639.063555717 -4.211610 4.006353 0.642818 -0.07390092 -0.81770828 -0.02815806 0.57017449
1403636639.113555431 -4.242461 4.022397 0.650518 -0.07674288 -0.81722507 -0.02380793 0.57068984
1403636639.163555622 -4.265703 4.038701 0.655714 -0.07909843 -0.81730448 -0.01988801 0.57040449
1403636639.213555574 -4.297965 4.058298 0.657655 -0.08095135 -0.81725519 -0.01705721 0.57030684
1403636639.263555765 -4.325167 4.075617 0.660423 -0.08151507 -0.81785006 -0.01578673 0.56940966
1403636639.313555479 -4.366292 4.085518 0.647672 -0.07866995 -0.81849758 -0.02008601 0.56874362
1403636639.363555670 -4.396207 4.107211 0.638950 -0.07480002 -0.81911992 -0.02536913 0.56815836
1403636639.413555622 -4.428173 4.130147 0.628753 -0.07091773 -0.81988191 -0.03076493 0.56728992
1403636639.463555574 -4.458616 4.153496 0.617969 -0.06702630 -0.82038702 -0.03606769 0.56672015
1403636639.513555527 -4.490089 4.178536 0.606292 -0.06280675 -0.82006863 -0.04188272 0.56726413
1403636639.563555717 -4.531940 4.202049 0.576764 -0.05827955 -0.81927837 -0.04869666 0.56834416
1403636639.613555431 -4.584484 4.222457 0.556460 -0.05458777 -0.81852709 -0.05333007 0.56937639
1403636639.663555622 -4.615009 4.246415 0.542659 -0.05311291 -0.81666191 -0.05463332 0.57206428
1403636639.713555574 -4.647163 4.269777 0.531422 -0.05382037 -0.81420749 -0.05374633 0.57557003
1403636639.763555765 -4.677737 4.290596 0.520832 -0.05517753 -0.81187082 -0.05120950 0.57896356
1403636639.813555479 -4.710200 4.313251 0.513049 -0.05632010 -0.81068021 -0.04956100 0.58066286
1403636639.863555670 -4.749500 4.322621 0.513834 -0.05741457 -0.81019234 -0.04756648 0.58140293
1403636639.913555622 -4.780950 4.343784 0.510722 -0.05829902 -0.80977729 -0.04535545 0.58206946
1403636639.963555574 -4.809420 4.362189 0.508179 -0.05863572 -0.80944091 -0.04480617 0.58254586
1403636640.013555527 -4.839813 4.382591 0.507447 -0.05799380 -0.80916289 -0.04413560 0.58304733
1403636640.063555717 -4.868436 4.400417 0.509585 -0.05526193 -0.80924539 -0.04326725 0.58326321
1403636640.113555431 -4.899439 4.421980 0.513480 -0.05040343 -0.80948329 -0.04319230 0.58337871
1403636640.163555622 -4.936325 4.431948 0.509534 -0.04599364 -0.80971519 -0.04086582 0.58358879
1403636640.213555574 -4.962686 4.452719 0.510291 -0.04192110 -0.80966740 -0.03826588 0.58413786
1403636640.263555765 -4.986728 4.472168 0.518100 -0.03854215 -0.81070239 -0.03652427 0.58304555
1403636640.313555479 -5.012892 4.490849 0.524745 -0.03624455 -0.81118482 -0.03418092 0.58266387
1403636640.363555670 -5.034440 4.512558 0.525575 -0.03338859 -0.81115288 -0.03261896 0.58296845
1403636640.413555622 -5.060093 4.533626 0.527459 -0.03095241 -0.81137195 -0.03137443 0.58286632
1403636640.463555574 -5.083315 4.549468 0.531014 -0.02860362 -0.81128618 -0.03065078 0.58314415
1403636640.513555527 -5.106663 4.575098 0.538992 -0.02742454 -0.81222710 -0.02866577 0.58199082
1403636640.563555717 -5.131564 4.596121 0.530284 -0.02568194 -0.81226020 -0.02831606 0.58204125
1403636640.613555431 -5.167640 4.603083 0.511485 -0.02480596 -0.81241205 -0.02823027 0.58187144
1403636640.663555622 -5.189493 4.617928 0.509317 -0.02371516 -0.81221482 -0.02783019 0.58221144
1403636640.713555574 -5.211089 4.634122 0.504820 -0.02334833 -0.81266899 -0.02705181 0.58162889
1403636640.763555765 -5.234704 4.647632 0.499779 -0.02295211 -0.81359994 -0.02634665 0.58037419
1403636640.813555479 -5.276162 4.649873 0.485062 -0.02202576 -0.81473370 -0.02671363 0.57880069
1403636640.863555670 -5.298056 4.663113 0.482459 -0.02134457 -0.81575457 -0.02673966 0.57738539
1403636640.913555622 -5.319141 4.676114 0.482113 -0.02107378 -0.81617548 -0.02645554 0.57681330
1403636640.963555574 -5.340954 4.688133 0.484442 -0.02083457 -0.81641313 -0.02680718 0.57646933
1403636641.013555527 -5.361401 4.699628 0.487359 -0.02072054 -0.81605829 -0.02723275 0.57695572
1403636641.063555717 -5.371871 4.724048 0.497497 -0.02153527 -0.81510547 -0.02662747 0.57829947
1403636641.113555431 -5.389708 4.736243 0.497245 -0.02167503 -0.81473622 -0.02712813 0.57879111
1403636641.163555622 -5.409365 4.747055 0.496596 -0.02175516 -0.81491403 -0.02770253 0.57851051
1403636641.213555574 -5.426410 4.759054 0.492886 -0.02213356 -0.81422097 -0.02782690 0.57946525
1403636641.263555765 -5.444507 4.769550 0.489149 -0.02322488 -0.81365074 -0.02665789 0.58027790
1403636641.313555479 -5.461437 4.780865 0.483522 -0.02579497 -0.81357975 -0.02397584 0.58038588
1403636641.363555670 -5.479041 4.790534 0.477187 -0.02867311 -0.81374722 -0.02047013 0.58015023
1403636641.413555622 -5.494089 4.805387 0.467656 -0.03101802 -0.81355934 -0.01721263 0.58039883
1403636641.463555574 -5.511063 4.815949 0.459672 -0.03160354 -0.81345035 -0.01708229 0.58052386
1403636641.513555527 -5.525938 4.826080 0.451532 -0.03085670 -0.81323954 -0.01861105 0.58081231
1403636641.563555717 -5.540060 4.837471 0.443992 -0.02976317 -0.81350793 -0.02018302 0.58044091
1403636641.613555431 -5.554015 4.850419 0.437971 -0.02884152 -0.81347741 -0.02234971 0.58045083
1403636641.663555622 -5.566297 4.862052 0.429847 -0.02802654 -0.81373992 -0.02375960 0.58006666
1403636641.713555574 -5.561864 4.884658 0.424189 -0.02767066 -0.81311712 -0.02499718 0.58090449
1403636641.763555765 -5.573434 4.895682 0.424259 -0.02758670 -0.81356510 -0.02589662 0.58024147
1403636641.813555479 -5.586763 4.906591 0.428036 -0.02725418 -0.81312444 -0.02616984 0.58086228
1403636641.863555670 -5.599769 4.917132 0.431549 -0.02725534 -0.81255522 -0.02653120 0.58164187
1403636641.913555622 -5.616149 4.923056 0.433908 -0.02849302 -0.81241304 -0.02728548 0.58174625
1403636641.963555574 -5.629130 4.933374 0.439123 -0.03135957 -0.81207102 -0.02834986 0.58202536
1403636642.013555527 -5.634550 4.942198 0.455698 -0.03474431 -0.81100903 -0.03096322 0.58317962
1403636642.063555717 -5.644968 4.954582 0.462250 -0.03914856 -0.81031564 -0.03346394 0.58372606
1403636642.113555431 -5.657275 4.966093 0.466312 -0.04271378 -0.80969296 -0.03680567 0.58413884
1403636642.163555622 -5.667799 4.977417 0.472190 -0.04580216 -0.80913612 -0.03941261 0.58450625
1403636642.213555574 -5.678291 4.986284 0.476460 -0.04859658 -0.80848822 -0.04132892 0.58504452
1403636642.263555765 -5.688968 4.995761 0.479256 -0.05156680 -0.80814529 -0.04283372 0.58515581
1403636642.313555479 -5.697743 5.004041 0.480447 -0.05516920 -0.80755673 -0.04473124 0.58549774
1403636642.363555670 -5.699238 5.016112 0.468867 -0.05931940 -0.80671752 -0.04761188 0.58602146
1403636642.413555622 -5.704704 5.033879 0.461261 -0.06323173 -0.80545675 -0.04977442 0.58716580
1403636642.463555574 -5.711744 5.042182 0.456069 -0.06663026 -0.80536212 -0.05207765 0.58671985
1403636642.513555527 -5.716685 5.051797 0.449510 -0.06964114 -0.80573336 -0.05346124 0.58573523
1403636642.563555717 -5.714478 5.064747 0.441009 -0.07252570 -0.80746585 -0.05537879 0.58281396
1403636642.613555431 -5.716430 5.075538 0.433779 -0.07480264 -0.80953043 -0.05566450 0.57962618
1403636642.663555622 -5.720926 5.084333 0.423311 -0.07691622 -0.81195221 -0.05617011 0.57590140
1403636642.713555574 -5.725683 5.091383 0.414253 -0.07850094 -0.81403229 -0.05672208 0.57268808
1403636642.763555765 -5.727518 5.100282 0.402553 -0.08040866 -0.81585155 -0.05696155 0.56980355
1403636642.813555479 -5.735625 5.104632 0.394757 -0.08311369 -0.81706476 -0.05724822 0.56764420
1403636642.863555670 -5.740846 5.112726 0.389391 -0.08389813 -0.81791456 -0.05676907 0.56635162
1403636642.913555622 -5.746891 5.122810 0.388997 -0.08411747 -0.81894732 -0.05640927 0.56486064
1403636642.963555574 -5.752447 5.131206 0.387508 -0.08476360 -0.81922688 -0.05582555 0.56441647
1403636643.013555527 -5.758779 5.139622 0.388661 -0.08476628 -0.81874100 -0.05555482 0.56514734
1403636643.063555717 -5.766149 5.148960 0.390695 -0.08459898 -0.81648955 -0.05570697 0.56840528
1403636643.113555431 -5.773206 5.158100 0.391776 -0.08454554 -0.81408230 -0.05547441 0.57187818
1403636643.163555622 -5.780839 5.167949 0.391804 -0.08459618 -0.81211135 -0.05505922 0.57470611
1403636643.213555574 -5.788159 5.177117 0.390188 -0.08462979 -0.81064269 -0.05484399 0.57679144
1403636643.263555765 -5.795349 5.187366 0.386827 -0.08438747 -0.81009310 -0.05463227 0.57761859
1403636643.313555479 -5.801979 5.195172 0.383668 -0.08402992 -0.81030119 -0.05473529 0.57736903
1403636643.363555670 -5.808436 5.205782 0.378879 -0.08375111 -0.81149425 -0.05460833 0.57574366
1403636643.413555622 -5.815777 5.216133 0.377233 -0.08407509 -0.81295501 -0.05364085 0.57372309
1403636643.463555574 -5.823500 5.227335 0.376446 -0.08438504 -0.81505096 -0.05237587 0.57081334
1403636643.513555527 -5.832326 5.238598 0.377051 -0.08403099 -0.81737686 -0.05179325 0.56758375
1403636643.563555717 -5.845517 5.256571 0.385193 -0.08357288 -0.81929442 -0.05122569 0.56493200
1403636643.613555431 -5.854834 5.267212 0.388452 -0.08296232 -0.82145909 -0.05154282 0.56184122
1403636643.663555622 -5.866784 5.280772 0.394075 -0.08183905 -0.82342514 -0.05097876 0.55917312
1403636643.713555574 -5.868800 5.282162 0.411864 -0.08118304 -0.82474377 -0.05123069 0.55729924
1403636643.763555765 -5.880583 5.295824 0.421206 -0.08043569 -0.82571355 -0.05139695 0.55595467
1403636643.813555479 -5.891286 5.311214 0.429937 -0.07963293 -0.82751873 -0.05190985 0.55333237
1403636643.863555670 -5.907686 5.323295 0.440695 -0.07955086 -0.82921174 -0.05165352 0.55082798
1403636643.913555622 -5.922767 5.335712 0.447814 -0.07895622 -0.83021809 -0.05163400 0.54939764
1403636643.963555574 -5.938068 5.354485 0.461953 -0.07839231 -0.83143441 -0.05194278 0.54760699
1403636644.013555527 -5.956905 5.367956 0.466595 -0.07794551 -0.83198508 -0.05234541 0.54679546
1403636644.063555717 -5.976161 5.383635 0.469001 -0.07777702 -0.83231502 -0.05225816 0.54632548
1403636644.113555431 -5.996531 5.398347 0.469842 -0.07775900 -0.83291010 -0.05238422 0.54540829
1403636644.163555622 -6.016122 5.415656 0.469186 -0.07738645 -0.83210709 -0.05257666 0.54666702
1403636644.213555574 -6.039839 5.428030 0.471124 -0.07864646 -0.82888713 -0.05096640 0.55151000
1403636644.263555765 -6.063797 5.454585 0.466242 -0.08164936 -0.82446878 -0.04639850 0.55806074
1403636644.313555479 -6.092218 5.471198 0.464342 -0.08506948 -0.81932098 -0.04168630 0.56545430
1403636644.363555670 -6.109861 5.491498 0.463914 -0.08813648 -0.81436716 -0.03742584 0.57239619
1403636644.413555622 -6.135560 5.509261 0.457594 -0.08986265 -0.81073613 -0.03474716 0.57742901
1403636644.463555574 -6.160342 5.529434 0.449975 -0.09138773 -0.80751253 -0.03290761 0.58179797
1403636644.513555527 -6.185479 5.549239 0.440194 -0.09392251 -0.80431110 -0.02885371 0.58602874
1403636644.563555717 -6.212378 5.569892 0.430027 -0.09584986 -0.80253120 -0.02557785 0.58830456
1403636644.613555431 -6.237648 5.590725 0.424435 -0.09691847 -0.80161574 -0.02556292 0.58937725
1403636644.663555622 -6.260644 5.614212 0.410000 -0.09421565 -0.80156944 -0.02947045 0.58969596
1403636644.713555574 -6.277159 5.639692 0.391339 -0.09000766 -0.80154368 -0.03572818 0.59004224
1403636644.763555765 -6.301406 5.660907 0.373707 -0.08438973 -0.80280719 -0.04371056 0.58861565
1403636644.813555479 -6.320595 5.687247 0.355845 -0.07983285 -0.80324278 -0.05139747 0.58803575
1403636644.863555670 -6.338596 5.714848 0.335707 -0.07679767 -0.80483493 -0.05683725 0.58575795
1403636644.913555622 -6.355700 5.740755 0.316605 -0.07651099 -0.80649496 -0.05878024 0.58331538
1403636644.963555574 -6.371614 5.767936 0.300303 -0.07724170 -0.80826261 -0.05888996 0.58075576
1403636645.013555527 -6.387373 5.792498 0.285043 -0.07794465 -0.81263353 -0.05888420 0.57452940
1403636645.063555717 -6.404026 5.816465 0.270701 -0.08037312 -0.81911782 -0.05659391 0.56514005
1403636645.113555431 -6.433394 5.839442 0.261523 -0.08195298 -0.82578000 -0.05469240 0.55531959
1403636645.163555622 -6.447598 5.860034 0.248619 -0.08248822 -0.83166047 -0.05489414 0.54637276
1403636645.213555574 -6.468322 5.875776 0.237781 -0.08429952 -0.83629179 -0.05332172 0.53913488
1403636645.263555765 -6.488692 5.901261 0.233047 -0.08440105 -0.83878750 -0.05359435 0.53520056
1403636645.313555479 -6.512087 5.928844 0.228965 -0.08450596 -0.83828870 -0.05350898 0.53597349
1403636645.363555670 -6.536378 5.955093 0.227372 -0.08402749 -0.83578720 -0.05446884 0.53984468
1403636645.413555622 -6.564285 5.986202 0.223759 -0.08373880 -0.83308482 -0.05564177 0.54393151
1403636645.463555574 -6.592102 6.013170 0.221171 -0.08372908 -0.83082823 -0.05609886 0.54732697
1403636645.513555527 -6.622609 6.042776 0.216406 -0.08338515 -0.82920996 -0.05656132 0.54978049
1403636645.563555717 -6.658052 6.069206 0.208627 -0.08328197 -0.82855778 -0.05730981 0.55070110
1403636645.613555431 -6.693268 6.097246 0.201883 -0.08323168 -0.82747734 -0.05787413 0.55227196
1403636645.663555622 -6.726736 6.125020 0.194446 -0.08248030 -0.82675804 -0.05861702 0.55338250
1403636645.713555574 -6.762830 6.157105 0.176307 -0.08266628 -0.82600290 -0.05914569 0.55442519
1403636645.763555765 -6.799034 6.185172 0.170890 -0.08276434 -0.82552078 -0.05825149 0.55522272
1403636645.813555479 -6.836364 6.213325 0.167919 -0.08326317 -0.82518421 -0.05751443 0.55572507
1403636645.863555670 -6.876532 6.240448 0.168989 -0.08384970 -0.82564635 -0.05706126 0.55499671
1403636645.913555622 -6.918980 6.275611 0.171682 -0.08454352 -0.82573767 -0.05563155 0.55490074
1403636645.963555574 -6.960769 6.303968 0.178886 -0.08644311 -0.82285464 -0.05581885 0.55885784
1403636646.013555527 -7.012515 6.329982 0.187357 -0.08978646 -0.82012666 -0.05630618 0.56228130
1403636646.063555717 -7.066999 6.354832 0.196326 -0.09555758 -0.81766646 -0.05623359 0.56491423
1403636646.113555431 -7.108805 6.385472 0.206181 -0.10314601 -0.81491108 -0.05857120 0.56731848
1403636646.163555622 -7.151997 6.414778 0.215328 -0.11205586 -0.81172234 -0.06223489 0.56980447
1403636646.213555574 -7.194904 6.454000 0.217113 -0.12268885 -0.80830415 -0.06597923 0.57204772
1403636646.263555765 -7.234875 6.486425 0.224147 -0.13451308 -0.80452698 -0.07128209 0.57407442
1403636646.313555479 -7.278128 6.516021 0.227574 -0.14672375 -0.79987665 -0.07722894 0.57680602
1403636646.363555670 -7.316341 6.549670 0.231228 -0.15949673 -0.79505217 -0.08340136 0.57922108
1403636646.413555622 -7.353028 6.582327 0.232970 -0.17049650 -0.79079615 -0.09337659 0.58039057
1403636646.463555574 -7.419451 6.603082 0.209560 -0.17902961 -0.78645606 -0.10345260 0.58200757
1403636646.513555527 -7.454714 6.637819 0.210574 -0.18497921 -0.78227936 -0.11418074 0.58376746
1403636646.563555717 -7.493985 6.677439 0.201859 -0.19043525 -0.77945732 -0.12252955 0.58409521
1403636646.613555431 -7.532782 6.714422 0.203303 -0.19595507 -0.77840518 -0.12860587 0.58236374
1403636646.663555622 -7.563720 6.748778 0.206882 -0.19945314 -0.77880691 -0.13515887 0.57914620
1403636646.713555574 -7.593332 6.781754 0.213998 -0.20366981 -0.77900388 -0.13884016 0.57653706
1403636646.763555765 -7.621224 6.815285 0.222225 -0.20689733 -0.77874915 -0.14177620 0.57501545
1403636646.813555479 -7.648461 6.849240 0.238928 -0.20928117 -0.77801591 -0.14459089 0.57444417
1403636646.863555670 -7.675080 6.881675 0.251473 -0.21137945 -0.77740330 -0.14688485 0.57392306
1403636646.913555622 -7.702164 6.911480 0.264737 -0.21281492 -0.77755372 -0.14734997 0.57306894
1403636646.963555574 -7.732042 6.938941 0.274907 -0.21405355 -0.77830900 -0.14840876 0.57130642
1403636647.013555527 -7.756957 6.966886 0.289498 -0.21464450 -0.77918815 -0.14894358 0.56974501
1403636647.063555717 -7.780327 6.996612 0.298475 -0.21456637 -0.78068444 -0.14918543 0.56765904
1403636647.113555431 -7.806321 7.024044 0.303266 -0.21519350 -0.78301688 -0.14906925 0.56422928
1403636647.163555622 -7.828713 7.053440 0.308987 -0.21551644 -0.78483730 -0.14805739 0.56183813
1403636647.213555574 -7.838297 7.083814 0.320993 -0.21506401 -0.78590792 -0.14801221 0.56052529
1403636647.263555765 -7.862565 7.112442 0.326489 -0.21498762 -0.78587826 -0.14708466 0.56084025
1403636647.313555479 -7.882093 7.138350 0.337363 -0.21504170 -0.78522717 -0.14553935 0.56213313
1403636647.363555670 -7.902947 7.167857 0.339571 -0.21479089 -0.78438783 -0.14435752 0.56370339
1403636647.413555622 -7.914023 7.192356 0.340613 -0.21219905 -0.78355066 -0.14242563 0.56633459
1403636647.463555574 -7.932748 7.221145 0.340046 -0.21192805 -0.78249886 -0.14070989 0.56831573
1403636647.513555527 -7.951703 7.250529 0.340835 -0.21122393 -0.78068673 -0.13928009 0.57141381
1403636647.563555717 -7.968515 7.279321 0.339730 -0.21098579 -0.77821718 -0.13723356 0.57535204
1403636647.613555431 -7.988217 7.307960 0.342077 -0.21156442 -0.77494321 -0.13503270 0.58006007
1403636647.663555622 -8.002644 7.337553 0.342863 -0.21235684 -0.77434185 -0.13544794 0.58047664
1403636647.713555574 -8.017933 7.365491 0.342014 -0.21277591 -0.77490430 -0.13684711 0.57924313
1403636647.763555765 -8.030967 7.396200 0.345141 -0.21302513 -0.77623593 -0.13836799 0.57700293
1403636647.813555479 -8.041656 7.423027 0.350170 -0.21321735 -0.77675172 -0.14095717 0.57560942
1403636647.863555670 -8.055901 7.453798 0.354851 -0.21546588 -0.77735936 -0.14314989 0.57340648
1403636647.913555622 -8.063637 7.479908 0.356433 -0.21855804 -0.77646870 -0.14672194 0.57253944
1403636647.963555574 -8.073369 7.502755 0.360067 -0.22362601 -0.77484010 -0.15053305 0.57179894
1403636648.013555527 -8.072322 7.533117 0.374025 -0.22971154 -0.77328533 -0.15580638 0.57007612
1403636648.063555717 -8.068769 7.571665 0.369490 -0.23757275 -0.77131516 -0.16113970 0.56803707
1403636648.113555431 -8.071871 7.601164 0.362327 -0.24688501 -0.76854688 -0.16758179 0.56595038
1403636648.163555622 -8.072681 7.631687 0.354843 -0.25699194 -0.76528003 -0.17473052 0.56371169
1403636648.213555574 -8.073377 7.660888 0.345266 -0.26690389 -0.76167026 -0.18211914 0.56165233
1403636648.263555765 -8.070466 7.688665 0.337178 -0.27766866 -0.75769472 -0.18957058 0.55934052
1403636648.313555479 -8.068700 7.711289 0.326733 -0.28878061 -0.75346805 -0.19723554 0.55676728
1403636648.363555670 -8.066030 7.739563 0.314240 -0.29911778 -0.74895365 -0.20538412 0.55444959
1403636648.413555622 -8.067515 7.767390 0.302314 -0.31148482 -0.74432612 -0.21371476 0.55071030
1403636648.463555574 -8.066496 7.790045 0.273608 -0.32303243 -0.73919160 -0.22152359 0.54788058
1403636648.513555527 -8.060049 7.815522 0.260077 -0.33387148 -0.73442464 -0.22893997 0.54473551
1403636648.563555717 -8.047549 7.827371 0.249275 -0.34322760 -0.72958584 -0.23581791 0.54248432
1403636648.613555431 -8.032162 7.850397 0.240206 -0.35110057 -0.72577488 -0.24182404 0.53990773
1403636648.663555622 -8.017759 7.872186 0.230193 -0.35788880 -0.72344594 -0.24692954 0.53625310
1403636648.713555574 -8.022839 7.894219 0.235146 -0.36266066 -0.72293977 -0.25219093 0.53125801
1403636648.763555765 -8.004731 7.928520 0.238415 -0.36766540 -0.72304562 -0.25439820 0.52660111
1403636648.813555479 -7.996388 7.951516 0.233169 -0.37274959 -0.72549818 -0.25452292 0.51954617
1403636648.863555670 -7.988215 7.973432 0.231438 -0.37698533 -0.72789396 -0.25393101 0.51339214
1403636648.913555622 -7.978754 7.995600 0.231170 -0.37965190 -0.73080631 -0.25394776 0.50724463
1403636648.963555574 -7.968236 8.017589 0.233600 -0.38155854 -0.73274772 -0.25358038 0.50318073
1403636649.013555527 -7.964671 8.047787 0.237804 -0.38216123 -0.73307788 -0.25456447 0.50174350
1403636649.063555717 -7.955648 8.072039 0.245385 -0.38104892 -0.73128211 -0.25662601 0.50415403
1403636649.113555431 -7.948193 8.098134 0.254819 -0.37860541 -0.72788501 -0.25971273 0.50930408
1403636649.163555622 -7.942636 8.114107 0.261803 -0.37629344 -0.72389205 -0.26249665 0.51524659
1403636649.213555574 -7.933613 8.138948 0.276709 -0.37338851 -0.72084117 -0.26520189 0.52022782
1403636649.263555765 -7.930073 8.165932 0.292169 -0.37100793 -0.71854078 -0.26683242 0.52426398
1403636649.313555479 -7.923626 8.191358 0.308577 -0.36952027 -0.71834598 -0.26697402 0.52550804
1403636649.363555670 -7.921543 8.217955 0.326702 -0.36858460 -0.71991987 -0.26585940 0.52457560
1403636649.413555622 -7.983173 8.229146 0.341797 -0.36957673 -0.72147401 -0.26529107 0.52202389
1403636649.463555574 -7.976235 8.250011 0.361182 -0.36879179 -0.72422371 -0.26328529 0.51978215
1403636649.513555527 -7.962001 8.283603 0.381923 -0.36794439 -0.72466952 -0.26171715 0.52055273
1403636649.563555717 -7.953422 8.303134 0.407981 -0.36649540 -0.72366876 -0.26073462 0.52345211
1403636649.613555431 -7.945833 8.322663 0.437774 -0.36632493 -0.72183957 -0.25990045 0.52650303
1403636649.663555622 -7.936769 8.341605 0.466360 -0.36779634 -0.71861208 -0.26005917 0.52980351
1403636649.713555574 -7.927908 8.361049 0.488423 -0.37057011 -0.71585221 -0.26118473 0.53105173
1403636649.763555765 -7.916764 8.379979 0.509249 -0.37316562 -0.71331950 -0.26435960 0.53107129
1403636649.813555479 -7.904555 8.397053 0.530903 -0.37543870 -0.71140517 -0.26727355 0.53057828
1403636649.863555670 -7.891969 8.414667 0.548389 -0.37745145 -0.70940235 -0.27046660 0.53021367
1403636649.913555622 -7.884558 8.436113 0.558538 -0.37904706 -0.70803014 -0.27303805 0.52959122
1403636649.963555574 -7.867777 8.447146 0.580513 -0.38061792 -0.70689279 -0.27566527 0.52862202
1403636650.013555527 -7.855485 8.464224 0.591175 -0.38210651 -0.70611667 -0.27774195 0.52749718
1403636650.063555717 -7.841482 8.477457 0.598928 -0.38387602 -0.70451729 -0.27955781 0.52739172
1403636650.113555431 -7.827427 8.490345 0.603961 -0.38715442 -0.70254783 -0.28176934 0.52644472
1403636650.163555622 -7.824445 8.524420 0.566759 -0.39175685 -0.69969883 -0.28500602 0.52509017
1403636650.213555574 -7.813285 8.536836 0.566935 -0.39781384 -0.69685085 -0.28990615 0.52162962
1403636650.263555765 -7.794083 8.547996 0.565176 -0.40552121 -0.69276306 -0.29532468 0.51808806
1403636650.313555479 -7.779746 8.561495 0.561331 -0.41488580 -0.68802270 -0.30035693 0.51408194
1403636650.363555670 -7.781123 8.593684 0.502552 -0.42530098 -0.68312907 -0.30592777 0.50878477
1403636650.413555622 -7.765324 8.604315 0.495498 -0.43526904 -0.67836677 -0.31226380 0.50284262
1403636650.463555574 -7.744362 8.613159 0.488083 -0.44576429 -0.67364901 -0.31830236 0.49616007
1403636650.513555527 -7.746763 8.626482 0.476622 -0.45612853 -0.66935737 -0.32352540 0.48912042
1403636650.563555717 -7.726151 8.633314 0.467215 -0.46550741 -0.66535973 -0.32737048 0.48314372
1403636650.613555431 -7.707994 8.643665 0.445311 -0.47275697 -0.66196326 -0.33070631 0.47847553
1403636650.663555622 -7.702159 8.651933 0.432986 -0.47869626 -0.65885495 -0.33388205 0.47463967
1403636650.713555574 -7.682019 8.657677 0.422515 -0.48378973 -0.65631959 -0.33723421 0.47060087
1403636650.763555765 -7.665526 8.662879 0.419234 -0.48787024 -0.65343360 -0.33983493 0.46852895
1403636650.813555479 -7.653282 8.667037 0.413885 -0.49068358 -0.65070161 -0.34269094 0.46731142
1403636650.863555670 -7.633893 8.671661 0.410667 -0.49207595 -0.64786657 -0.34601899 0.46733396
1403636650.913555622 -7.617452 8.677133 0.409648 -0.49205734 -0.64467069 -0.34986922 0.46890383
1403636650.963555574 -7.598291 8.679431 0.410117 -0.49191981 -0.64192157 -0.35248025 0.47086014
1403636651.013555527 -7.581351 8.685147 0.411962 -0.49104567 -0.64024964 -0.35516380 0.47203096
1403636651.063555717 -7.564071 8.688673 0.415377 -0.49049760 -0.63923781 -0.35628885 0.47312300
1403636651.113555431 -7.546856 8.689629 0.420028 -0.48984185 -0.63852835 -0.35686881 0.47432180
1403636651.163555622 -7.527360 8.690754 0.425988 -0.48953268 -0.63902917 -0.35685228 0.47397882
1403636651.213555574 -7.515647 8.686133 0.434600 -0.48956607 -0.64044622 -0.35546084 0.47307641
1403636651.263555765 -7.496024 8.684505 0.443285 -0.48964551 -0.64228082 -0.35403527 0.47157359
1403636651.313555479 -7.483562 8.683667 0.453746 -0.48964464 -0.64453090 -0.35209451 0.46995478
1403636651.363555670 -7.464370 8.681050 0.463159 -0.48994184 -0.64662865 -0.34957494 0.46864245
1403636651.413555622 -7.451764 8.680379 0.472660 -0.48930119 -0.64827301 -0.34824711 0.46802821
1403636651.463555574 -7.432607 8.677251 0.479115 -0.48848562 -0.64963907 -0.34675604 0.46809308
1403636651.513555527 -7.419862 8.675488 0.483925 -0.48704198 -0.65034764 -0.34637527 0.46889469
1403636651.563555717 -7.400902 8.671950 0.487158 -0.48528711 -0.64966128 -0.34628161 0.47172628
1403636651.613555431 -7.385983 8.669563 0.488814 -0.48276219 -0.64868175 -0.34749616 0.47476213
1403636651.663555622 -7.366901 8.665129 0.489489 -0.48109230 -0.64752435 -0.34772764 0.47785762
1403636651.713555574 -7.352468 8.662697 0.490932 -0.48061051 -0.64624688 -0.34721096 0.48044048
1403636651.763555765 -7.332375 8.656967 0.489232 -0.48235468 -0.64369579 -0.34625257 0.48280313
1403636651.813555479 -7.310265 8.650556 0.486038 -0.48596103 -0.63978237 -0.34506183 0.48523471
1403636651.863555670 -7.288363 8.643292 0.480744 -0.49025177 -0.63496629 -0.34576360 0.48674280
1403636651.913555622 -7.300106 8.655000 0.490725 -0.49567862 -0.63031740 -0.34793561 0.48574014
1403636651.963555574 -7.276072 8.646040 0.484849 -0.50205491 -0.62447412 -0.35122514 0.48436954
1403636652.013555527 -7.255767 8.638320 0.477554 -0.50885978 -0.61823595 -0.35675990 0.48121555
1403636652.063555717 -7.229247 8.628756 0.469033 -0.51709148 -0.61262950 -0.36310853 0.47481964
1403636652.113555431 -7.204864 8.615868 0.459176 -0.52542418 -0.60741284 -0.37132699 0.46593491
1403636652.163555622 -7.176224 8.597476 0.455588 -0.53572255 -0.60051942 -0.38036687 0.45573986
1403636652.213555574 -7.165229 8.589646 0.443620 -0.54741459 -0.59344072 -0.38833250 0.44425583
1403636652.263555765 -7.136799 8.565537 0.429075 -0.55989116 -0.58506056 -0.39521635 0.43362433
1403636652.313555479 -7.115060 8.556492 0.417795 -0.57350735 -0.57763656 -0.40026613 0.42096597
1403636652.363555670 -7.086312 8.537043 0.400870 -0.58623510 -0.56962487 -0.40472059 0.40994776
1403636652.413555622 -7.059690 8.517853 0.383880 -0.59672204 -0.56192299 -0.40915237 0.40094851
1403636652.463555574 -7.030359 8.500703 0.368748 -0.60588375 -0.55471090 -0.41239989 0.39386169
1403636652.513555527 -7.035508 8.485312 0.353174 -0.61353653 -0.54924263 -0.41440799 0.38751965
1403636652.563555717 -7.006585 8.471513 0.340061 -0.62107349 -0.54441718 -0.41533920 0.38127548
1403636652.613555431 -6.977161 8.457287 0.330819 -0.62722740 -0.54136030 -0.41556440 0.37526131
1403636652.663555622 -6.947022 8.447520 0.323052 -0.63218175 -0.53978431 -0.41564400 0.36907884
1403636652.713555574 -6.920540 8.438670 0.319207 -0.63461875 -0.53886244 -0.41747924 0.36413925
1403636652.763555765 -6.861468 8.414097 0.319859 -0.63705615 -0.53729204 -0.41737659 0.36231686
1403636652.813555479 -6.835130 8.409118 0.320956 -0.63793649 -0.53626622 -0.41879949 0.36064188
1403636652.863555670 -6.813083 8.391312 0.321115 -0.63831980 -0.53473256 -0.42006662 0.36076717
1403636652.913555622 -6.783858 8.399447 0.329966 -0.63744330 -0.53420751 -0.42170300 0.36118549
1403636652.963555574 -6.755157 8.395101 0.335485 -0.63596689 -0.53386826 -0.42374533 0.36189873
1403636653.013555527 -6.727563 8.395225 0.344180 -0.63443751 -0.53375381 -0.42519566 0.36304899
1403636653.063555717 -6.699020 8.393075 0.346208 -0.63193075 -0.53417000 -0.42754939 0.36404320
1403636653.113555431 -6.670507 8.392406 0.344034 -0.62954561 -0.53364141 -0.42937934 0.36678680
1403636653.163555622 -6.642025 8.393008 0.338948 -0.62642821 -0.53347885 -0.43193165 0.36935494
1403636653.213555574 -6.615283 8.395877 0.334513 -0.62262985 -0.53281898 -0.43506922 0.37302919
1403636653.263555765 -6.587391 8.398303 0.330558 -0.61854472 -0.53209441 -0.43835262 0.37699462
1403636653.313555479 -6.563243 8.405401 0.330243 -0.61472945 -0.53233661 -0.44108069 0.37970154
1403636653.363555670 -6.535499 8.409795 0.331122 -0.61197260 -0.53306869 -0.44200921 0.38204079
1403636653.413555622 -6.508875 8.412504 0.332747 -0.60946774 -0.53457644 -0.44211803 0.38380823
1403636653.463555574 -6.483458 8.412488 0.334429 -0.60830544 -0.53608036 -0.44124778 0.38455524
1403636653.513555527 -6.461961 8.414575 0.340942 -0.60710155 -0.53790293 -0.44011721 0.38520772
1403636653.563555717 -6.437738 8.413246 0.346663 -0.60636206 -0.53928197 -0.43871591 0.38604192
1403636653.613555431 -6.417232 8.417737 0.361352 -0.60496356 -0.53942326 -0.43867491 0.38807984
1403636653.663555622 -6.393846 8.416163 0.369716 -0.60278617 -0.53958104 -0.43960957 0.39018529
1403636653.713555574 -6.372406 8.415120 0.379937 -0.60098407 -0.53944593 -0.44073925 0.39187389
1403636653.763555765 -6.349869 8.412075 0.385664 -0.59940459 -0.53892954 -0.44178074 0.39382594
1403636653.813555479 -6.331447 8.411098 0.392415 -0.59796131 -0.53934226 -0.44255873 0.39458075
1403636653.863555670 -6.274861 8.407066 0.408507 -0.59716906 -0.53854391 -0.44399864 0.39525280
1403636653.913555622 -6.253238 8.401253 0.409425 -0.59687494 -0.53876774 -0.44392685 0.39547260
1403636653.963555574 -6.232143 8.394330 0.408500 -0.59810072 -0.53868622 -0.44201753 0.39587017
1403636654.013555527 -6.215622 8.388182 0.405856 -0.59992264 -0.53859440 -0.43944590 0.39610125
1403636654.063555717 -6.195287 8.379634 0.401991 -0.60130779 -0.53812330 -0.43742469 0.39687768
1403636654.113555431 -6.178927 8.371884 0.397567 -0.60250602 -0.53677580 -0.43724799 0.39707988
1403636654.163555622 -6.158209 8.362443 0.393931 -0.60394449 -0.53399959 -0.43840986 0.39735663
1403636654.213555574 -6.146964 8.356165 0.392857 -0.60588196 -0.53110069 -0.44060095 0.39586603
1403636654.263555765 -6.126456 8.344650 0.392261 -0.60853232 -0.52846349 -0.44327278 0.39233149
1403636654.313555479 -6.113149 8.334330 0.392640 -0.61213826 -0.52526223 -0.44598535 0.38792190
1403636654.363555670 -6.092754 8.321299 0.396159 -0.61690464 -0.52137141 -0.44813818 0.38310924
1403636654.413555622 -6.058640 8.328805 0.412857 -0.62282440 -0.51657978 -0.45062154 0.37706143
1403636654.463555574 -6.037778 8.315442 0.420543 -0.62843657 -0.51126260 -0.45336384 0.37167089
1403636654.513555527 -6.019336 8.303390 0.430628 -0.63385237 -0.50547808 -0.45731967 0.36548845
1403636654.563555717 -6.006168 8.300810 0.446255 -0.63940650 -0.49943796 -0.46125051 0.35912257
1403636654.613555431 -5.988284 8.286690 0.457200 -0.64578662 -0.49363757 -0.46246179 0.35413370
1403636654.663555622 -5.963300 8.285727 0.470115 -0.65277207 -0.48760098 -0.46216785 0.35004971
1403636654.713555574 -5.946443 8.277072 0.478513 -0.65774396 -0.48306468 -0.46308161 0.34579881
1403636654.763555765 -5.928245 8.263996 0.485941 -0.66167070 -0.47954259 -0.46382836 0.34219007
1403636654.813555479 -5.910354 8.248692 0.490027 -0.66475026 -0.47633602 -0.46531166 0.33866820
1403636654.863555670 -5.905754 8.228532 0.494381 -0.66701039 -0.47374073 -0.46691929 0.33563854
1403636654.913555622 -5.894670 8.219695 0.496674 -0.66845315 -0.47117314 -0.46898954 0.33348925
1403636654.963555574 -5.877792 8.207348 0.497605 -0.66766792 -0.46831113 -0.47327528 0.33303864
1403636655.013555527 -5.849086 8.191315 0.496405 -0.66629780 -0.46465548 -0.47754442 0.33480420
1403636655.063555717 -5.832410 8.178437 0.494874 -0.66494567 -0.46168990 -0.48106365 0.33655230
1403636655.113555431 -5.818756 8.167307 0.492114 -0.66419515 -0.45928461 -0.48357015 0.33773120
1403636655.163555622 -5.825422 8.140395 0.487639 -0.66278128 -0.45727164 -0.48677696 0.33863228
1403636655.213555574 -5.813726 8.127914 0.484781 -0.66213612 -0.45547056 -0.48803626 0.34050394
1403636655.263555765 -5.783504 8.125817 0.478262 -0.66297175 -0.45283494 -0.48867836 0.34147098
1403636655.313555479 -5.777289 8.113616 0.474470 -0.66391547 -0.44989009 -0.49045619 0.34098076
1403636655.363555670 -5.763304 8.095354 0.469481 -0.66579932 -0.44581803 -0.49180234 0.34071689
1403636655.413555622 -5.754361 8.086905 0.457374 -0.66813762 -0.44188141 -0.49266009 0.34002791
1403636655.463555574 -5.741610 8.067743 0.453916 -0.67005933 -0.43814294 -0.49475727 0.33803328
1403636655.513555527 -5.735120 8.047177 0.451386 -0.67325899 -0.43411526 -0.49620629 0.33473212
1403636655.563555717 -5.736161 8.038679 0.425976 -0.67848266 -0.43083429 -0.49512450 0.32999215
1403636655.613555431 -5.726100 8.014510 0.425483 -0.68565530 -0.42712657 -0.49264561 0.32363561
1403636655.663555622 -5.723199 7.991916 0.415792 -0.69272587 -0.42283674 -0.48977557 0.31852763
1403636655.713555574 -5.712836 7.966770 0.411453 -0.69903136 -0.41926298 -0.48688663 0.31387118
1403636655.763555765 -5.701367 7.939622 0.403721 -0.70413162 -0.41543011 -0.48610026 0.30874427
1403636655.813555479 -5.688672 7.911851 0.395222 -0.70904735 -0.41014116 -0.48608629 0.30455903
1403636655.863555670 -5.677377 7.884919 0.380960 -0.71440318 -0.40370935 -0.48648546 0.29996458
1403636655.913555622 -5.656329 7.866382 0.366185 -0.71958686 -0.39645850 -0.48758587 0.29542415
1403636655.963555574 -5.642205 7.839434 0.350580 -0.72407536 -0.38854474 -0.49006190 0.29083878
1403636656.013555527 -5.627531 7.819012 0.334522 -0.72760639 -0.38134059 -0.49251137 0.28740364
1403636656.063555717 -5.633818 7.789838 0.321910 -0.73051192 -0.37479624 -0.49579722 0.28295799
1403636656.113555431 -5.613842 7.766638 0.311523 -0.73290092 -0.37116435 -0.49774473 0.27810691
1403636656.163555622 -5.601867 7.734421 0.296359 -0.73485889 -0.36755028 -0.49991662 0.27381120
1403636656.213555574 -5.586334 7.717049 0.292914 -0.73659669 -0.36628368 -0.50120016 0.26843991
1403636656.263555765 -5.569074 7.689113 0.291812 -0.73813131 -0.36454541 -0.50174453 0.26555835
1403636656.313555479 -5.551148 7.673200 0.291859 -0.73961289 -0.36381059 -0.50161613 0.26267068
1403636656.363555670 -5.533337 7.647033 0.295442 -0.74079306 -0.36258243 -0.50133910 0.26156975
1403636656.413555622 -5.504244 7.647571 0.337785 -0.74106713 -0.36457283 -0.50065167 0.25933388
1403636656.463555574 -5.484684 7.624467 0.345338 -0.74134153 -0.36410358 -0.50066773 0.25917782
1403636656.513555527 -5.464363 7.601683 0.354230 -0.74122712 -0.36507209 -0.50064549 0.25818369
1403636656.563555717 -5.438406 7.578751 0.363374 -0.73995343 -0.36604059 -0.50187776 0.25807347
1403636656.613555431 -5.415833 7.562175 0.371766 -0.73825940 -0.36687667 -0.50349194 0.25859316
1403636656.663555622 -5.374931 7.549645 0.379975 -0.73569899 -0.36656031 -0.50614686 0.26114342
1403636656.713555574 -5.351585 7.532268 0.386614 -0.73119769 -0.36526980 -0.51141310 0.26530088
1403636656.763555765 -5.328342 7.512634 0.391646 -0.72673784 -0.36428464 -0.51655082 0.26893132
1403636656.813555479 -5.305423 7.494331 0.394582 -0.72300986 -0.36467038 -0.52074879 0.27035709
1403636656.863555670 -5.281872 7.476043 0.396418 -0.72025247 -0.36581042 -0.52356500 0.27073753
1403636656.913555622 -5.262349 7.457266 0.394176 -0.71775764 -0.36622683 -0.52591241 0.27224623
1403636656.963555574 -5.240971 7.436316 0.391401 -0.71631377 -0.36648989 -0.52679628 0.27398070
1403636657.013555527 -5.221133 7.417219 0.390837 -0.71547621 -0.36611164 -0.52700082 0.27627194
1403636657.063555717 -5.201117 7.394731 0.384577 -0.71485004 -0.36560195 -0.52693310 0.27868646
1403636657.113555431 -5.181395 7.374791 0.377831 -0.71503253 -0.36471429 -0.52607807 0.28098725
1403636657.163555622 -5.151832 7.362583 0.372930 -0.71488549 -0.36412579 -0.52515420 0.28383833
1403636657.213555574 -5.108224 7.357418 0.357358 -0.71441060 -0.36432427 -0.52400727 0.28688272
1403636657.263555765 -5.090768 7.333634 0.350020 -0.71625507 -0.36478063 -0.52111283 0.28697592
1403636657.313555479 -5.028851 7.330893 0.344741 -0.71900567 -0.36442233 -0.51794715 0.28628302
1403636657.363555670 -5.008476 7.304332 0.341953 -0.72142298 -0.36460737 -0.51467173 0.28587297
1403636657.413555622 -4.990498 7.276911 0.339766 -0.72462348 -0.36473737 -0.51028044 0.28548439
1403636657.463555574 -4.972584 7.246866 0.337853 -0.72803007 -0.36540855 -0.50559530 0.28429245
1403636657.513555527 -4.957233 7.205331 0.325367 -0.73019620 -0.36622919 -0.50199361 0.28406356
1403636657.563555717 -4.936378 7.176386 0.319788 -0.73200219 -0.36699051 -0.49968846 0.28249285
1403636657.613555431 -4.919008 7.142281 0.313933 -0.73278106 -0.36729833 -0.49879087 0.28165851
1403636657.663555622 -4.913852 7.109254 0.314926 -0.73304695 -0.36714020 -0.49879671 0.28116202
1403636657.713555574 -4.891267 7.076777 0.306544 -0.73297763 -0.36640500 -0.49920279 0.28158081
1403636657.763555765 -4.868001 7.047178 0.297393 -0.73357718 -0.36452919 -0.49973189 0.28151560
1403636657.813555479 -4.844166 7.017396 0.286946 -0.73509874 -0.36235644 -0.49906746 0.28153034
1403636657.863555670 -4.850890 6.959281 0.254810 -0.73769756 -0.35876970 -0.49690995 0.28313795
1403636657.913555622 -4.836075 6.926889 0.239872 -0.74077424 -0.35624812 -0.49373349 0.28384511
1403636657.963555574 -4.810049 6.891674 0.231112 -0.74282890 -0.35484241 -0.49161541 0.28391263
1403636658.013555527 -4.783499 6.858509 0.223664 -0.74365087 -0.35455149 -0.49143250 0.28243713
1403636658.063555717 -4.792069 6.805841 0.218786 -0.74376695 -0.35568136 -0.49246056 0.27889798
1403636658.113555431 -4.762610 6.770769 0.216166 -0.74237986 -0.35796949 -0.49551430 0.27421810
1403636658.163555622 -4.747930 6.725982 0.215578 -0.74173447 -0.35985222 -0.49759969 0.26968668
1403636658.213555574 -4.716519 6.690702 0.215448 -0.74073300 -0.36134124 -0.49995364 0.26607045
1403636658.263555765 -4.686235 6.656603 0.213799 -0.73961532 -0.36367532 -0.50230707 0.26152829
1403636658.313555479 -4.655402 6.622052 0.210981 -0.73931742 -0.36488370 -0.50332672 0.25871192
1403636658.363555670 -4.618328 6.587019 0.208298 -0.73910144 -0.36583605 -0.50404773 0.25657150
1403636658.413555622 -4.586349 6.556712 0.203230 -0.73919579 -0.36682747 -0.50430276 0.25437357
1403636658.463555574 -4.555287 6.525228 0.197089 -0.73896048 -0.36821436 -0.50508896 0.25147712
1403636658.513555527 -4.521355 6.512524 0.187992 -0.73849166 -0.36947731 -0.50633344 0.24848145
1403636658.563555717 -4.490311 6.483205 0.181077 -0.73728268 -0.37167547 -0.50830880 0.24473203
1403636658.613555431 -4.459277 6.455497 0.174979 -0.73630289 -0.37321254 -0.50982928 0.24216638
1403636658.663555622 -4.411035 6.433796 0.170536 -0.73583116 -0.37424478 -0.51023376 0.24115318
1403636658.713555574 -4.380522 6.409385 0.163055 -0.73472296 -0.37468392 -0.51194872 0.24021375
1403636658.763555765 -4.354925 6.379170 0.154970 -0.73280775 -0.37557197 -0.51463842 0.23892635
1403636658.813555479 -4.348397 6.324942 0.158202 -0.72953454 -0.37605073 -0.51937427 0.23794029
1403636658.863555670 -4.321522 6.302183 0.150367 -0.72727069 -0.37592257 -0.52260147 0.23800686
1403636658.913555622 -4.290262 6.279045 0.140280 -0.72597694 -0.37396486 -0.52445532 0.24094477
1403636658.963555574 -4.266197 6.256904 0.129328 -0.72538350 -0.37095074 -0.52538394 0.24532843
1403636659.013555527 -4.239993 6.237891 0.117355 -0.72512642 -0.36839227 -0.52576327 0.24910198
1403636659.063555717 -4.217631 6.216860 0.104805 -0.72367660 -0.36583315 -0.52781579 0.25272274
1403636659.113555431 -4.195630 6.197578 0.092253 -0.72279374 -0.36447165 -0.52893463 0.25486816
1403636659.163555622 -4.175034 6.176669 0.077607 -0.72205535 -0.36306650 -0.52998966 0.25676788
1403636659.213555574 -4.156101 6.159206 0.063728 -0.72134433 -0.36245419 -0.53075140 0.25805476
1403636659.263555765 -4.137918 6.138206 0.049465 -0.72161862 -0.36221471 -0.53032799 0.25849429
1403636659.313555479 -4.120273 6.119749 0.038058 -0.72282944 -0.36302198 -0.52861501 0.25748555
1403636659.363555670 -4.103691 6.098910 0.026401 -0.72470009 -0.36391443 -0.52604526 0.25622735
1403636659.413555622 -4.087514 6.079028 0.015787 -0.72689028 -0.36566791 -0.52292577 0.25390184
1403636659.463555574 -4.067602 6.070092 -0.000172 -0.72910943 -0.36824028 -0.51941904 0.25100280
1403636659.513555527 -4.051279 6.050716 -0.004800 -0.72949396 -0.36908429 -0.51912077 0.24925684
1403636659.563555717 -4.036192 6.032876 -0.010791 -0.73048738 -0.36832476 -0.51784228 0.25012883
1403636659.613555431 -4.012433 6.017030 -0.015819 -0.72946806 -0.36817927 -0.51960016 0.24967188
1403636659.663555622 -3.998294 5.998554 -0.023382 -0.72868277 -0.36742408 -0.52118459 0.24977507
1403636659.713555574 -3.973506 5.995118 -0.028307 -0.72808729 -0.36657256 -0.52268319 0.24963119
1403636659.763555765 -3.960549 5.979200 -0.038095 -0.72732105 -0.36554523 -0.52434438 0.24988746
1403636659.813555479 -3.947942 5.961200 -0.050894 -0.72719953 -0.36513345 -0.52510306 0.24924925
1403636659.863555670 -3.939837 5.947997 -0.062449 -0.72773065 -0.36404863 -0.52506135 0.24937379
1403636659.913555622 -3.928014 5.931023 -0.077552 -0.72886801 -0.36403922 -0.52391820 0.24846849
1403636659.963555574 -3.918589 5.915931 -0.093122 -0.73111733 -0.36482512 -0.52153877 0.24569776
1403636660.013555527 -3.904661 5.907014 -0.113720 -0.73369752 -0.36571818 -0.51820326 0.24372844
1403636660.063555717 -3.896412 5.893294 -0.131275 -0.73647499 -0.36616051 -0.51493322 0.24160887
1403636660.113555431 -3.884858 5.877279 -0.157688 -0.73790057 -0.36817366 -0.51234002 0.23970526
1403636660.163555622 -3.878369 5.859579 -0.178311 -0.73953712 -0.36891906 -0.51012218 0.23824134
1403636660.213555574 -3.867382 5.845303 -0.197591 -0.74010091 -0.36906548 -0.50927526 0.23807568
1403636660.263555765 -3.860586 5.834033 -0.217295 -0.74206857 -0.36971849 -0.50678233 0.23625017
1403636660.313555479 -3.855174 5.826189 -0.235085 -0.74395962 -0.37089115 -0.50413142 0.23412680
1403636660.363555670 -3.848440 5.819031 -0.252422 -0.74756284 -0.37279249 -0.49902196 0.23054856
1403636660.413555622 -3.841427 5.812721 -0.267699 -0.75090444 -0.37411748 -0.49415115 0.22802035
1403636660.463555574 -3.809089 5.812091 -0.283447 -0.75258501 -0.37567994 -0.49033309 0.22815311
1403636660.513555527 -3.800669 5.808636 -0.295950 -0.75225663 -0.37633104 -0.49053938 0.22771917
1403636660.563555717 -3.792143 5.808297 -0.307142 -0.74992771 -0.37570617 -0.49406405 0.22881002
1403636660.613555431 -3.783070 5.810003 -0.319391 -0.74582203 -0.37468028 -0.49989261 0.23123920
1403636660.663555622 -3.772324 5.805970 -0.320487 -0.74071614 -0.37390837 -0.50691138 0.23360860
1403636660.713555574 -3.763396 5.809293 -0.335167 -0.73566168 -0.37333050 -0.51390474 0.23521936
1403636660.763555765 -3.757202 5.833342 -0.372399 -0.73081709 -0.37261113 -0.52134284 0.23509354
1403636660.813555479 -3.749257 5.840662 -0.389652 -0.72649102 -0.37392026 -0.52696657 0.23388172
1403636660.863555670 -3.743157 5.847535 -0.407719 -0.72292073 -0.37555491 -0.53152186 0.23201000
1403636660.913555622 -3.737993 5.855278 -0.427799 -0.72074565 -0.37606018 -0.53439556 0.23135649
1403636660.963555574 -3.735121 5.863595 -0.448388 -0.72029941 -0.37499101 -0.53488000 0.23335355
1403636661.013555527 -3.733126 5.874559 -0.470556 -0.72069214 -0.37308617 -0.53429730 0.23650780
1403636661.063555717 -3.733096 5.884132 -0.492957 -0.72108717 -0.37082383 -0.53386180 0.23982193
1403636661.113555431 -3.733736 5.893210 -0.517478 -0.72156543 -0.36878970 -0.53319602 0.24298042
1403636661.163555622 -3.736427 5.903232 -0.541351 -0.72213567 -0.36694038 -0.53251052 0.24557562
1403636661.213555574 -3.739823 5.916726 -0.564963 -0.72190426 -0.36530099 -0.53279858 0.24806268
1403636661.263555765 -3.745158 5.926398 -0.586343 -0.72291287 -0.36434976 -0.53148888 0.24933070
1403636661.313555479 -3.751801 5.935383 -0.606027 -0.72271093 -0.36353728 -0.53168980 0.25067013
1403636661.363555670 -3.759470 5.944031 -0.623322 -0.72269183 -0.36328104 -0.53163191 0.25121886
1403636661.413555622 -3.767640 5.953064 -0.638779 -0.72250826 -0.36339776 -0.53178106 0.25126240
1403636661.463555574 -3.783456 5.971780 -0.653419 -0.72298847 -0.36283350 -0.53133963 0.25163013
1403636661.513555527 -3.793522 5.980293 -0.664997 -0.72382237 -0.36312389 -0.52999393 0.25165185
1403636661.563555717 -3.804508 5.988061 -0.674710 -0.72478610 -0.36267355 -0.52836266 0.25295433
1403636661.613555431 -3.816325 5.995479 -0.682966 -0.72621756 -0.36230899 -0.52624391 0.25378651
1403636661.663555622 -3.829789 6.002337 -0.688732 -0.72611749 -0.36165807 -0.52605460 0.25538869
1403636661.713555574 -3.842335 6.009440 -0.693136 -0.72538721 -0.36131262 -0.52686676 0.25627718
1403636661.763555765 -3.856000 6.016203 -0.695306 -0.72593980 -0.35833568 -0.52598420 0.26066755
1403636661.813555479 -3.869396 6.023544 -0.694474 -0.72658520 -0.35593013 -0.52451213 0.26509380
1403636661.863555670 -3.883410 6.028742 -0.692893 -0.72648459 -0.35439379 -0.52418144 0.26806527
1403636661.913555622 -3.897008 6.033027 -0.689804 -0.72636329 -0.35350225 -0.52417374 0.26958194
1403636661.963555574 -3.910798 6.036416 -0.684305 -0.72609452 -0.35349446 -0.52392098 0.27080475
1403636662.013555527 -3.924650 6.037519 -0.678073 -0.72571034 -0.35358263 -0.52438248 0.27082623
1403636662.063555717 -3.933554 6.031943 -0.676012 -0.72499859 -0.35408271 -0.52511681 0.27065626
1403636662.113555431 -3.947994 6.031066 -0.667982 -0.72457238 -0.35465621 -0.52553623 0.27023232
1403636662.163555622 -3.961463 6.030372 -0.659435 -0.72440119 -0.35682918 -0.52594466 0.26701698
1403636662.213555574 -3.978215 6.027051 -0.653649 -0.72398092 -0.35963401 -0.52677334 0.26272582
1403636662.263555765 -3.992565 6.024630 -0.648147 -0.72332894 -0.36278963 -0.52796221 0.25774955
1403636662.313555479 -4.009203 6.020200 -0.646244 -0.72353550 -0.36463869 -0.52814213 0.25416708
1403636662.363555670 -4.024607 6.017244 -0.643745 -0.72390531 -0.36662808 -0.52797572 0.25057251
1403636662.413555622 -4.043502 6.012389 -0.644776 -0.72554241 -0.36778833 -0.52623481 0.24778393
1403636662.463555574 -4.060232 6.009759 -0.645891 -0.72823196 -0.36923657 -0.52283517 0.24492031
1403636662.513555527 -4.079152 6.006208 -0.649072 -0.73107164 -0.37009971 -0.51926117 0.24275152
1403636662.563555717 -4.096993 6.004573 -0.652331 -0.73376874 -0.36952670 -0.51581292 0.24283840
1403636662.613555431 -4.118800 5.999888 -0.659607 -0.73676127 -0.36657632 -0.51198770 0.24631936
1403636662.663555622 -4.136954 5.999288 -0.664658 -0.73968808 -0.36128196 -0.50846310 0.25259089
1403636662.713555574 -4.157643 5.998790 -0.671709 -0.74123529 -0.35629397 -0.50648487 0.25903267
1403636662.763555765 -4.174206 5.999038 -0.678167 -0.74195170 -0.35237970 -0.50559690 0.26402272
1403636662.813555479 -4.191163 5.998976 -0.686552 -0.74263220 -0.34902552 -0.50512761 0.26744102
1403636662.863555670 -4.205775 5.998791 -0.695682 -0.74402906 -0.34849327 -0.50313346 0.26801102
1403636662.913555622 -4.219198 5.998025 -0.705970 -0.74568678 -0.34990887 -0.50123038 0.26510961
1403636662.963555574 -4.231505 5.997145 -0.716999 -0.74767059 -0.35054901 -0.49855989 0.26370838
1403636663.013555527 -4.244895 5.994800 -0.729534 -0.75046299 -0.34957485 -0.49466710 0.26439968
1403636663.063555717 -4.255069 5.993889 -0.738974 -0.75323274 -0.34770399 -0.49075863 0.26626742
1403636663.113555431 -4.264753 5.991991 -0.748244 -0.75526402 -0.34601251 -0.48770318 0.26832297
1403636663.163555622 -4.270008 5.991346 -0.755135 -0.75703721 -0.34579634 -0.48527280 0.26801093
1403636663.213555574 -4.278615 5.987456 -0.761913 -0.75637969 -0.34809852 -0.48692268 0.26386264
1403636663.263555765 -4.284061 5.985805 -0.765177 -0.75371354 -0.35444206 -0.49115981 0.25504661
1403636663.313555479 -4.285798 5.982078 -0.774015 -0.75195032 -0.35999943 -0.49392567 0.24699911
1403636663.363555670 -4.288509 5.980343 -0.781907 -0.75065000 -0.36513342 -0.49591595 0.23931053
1403636663.413555622 -4.289194 5.979994 -0.793540 -0.75039731 -0.37010174 -0.49590418 0.23239541
1403636663.463555574 -4.287970 5.982541 -0.805161 -0.75085921 -0.37354740 -0.49489772 0.22748415
1403636663.513555527 -4.287292 5.985188 -0.818139 -0.75164774 -0.37625937 -0.49377196 0.22280892
1403636663.563555717 -4.286728 5.989220 -0.832403 -0.75204788 -0.37820360 -0.49291174 0.22005463
1403636663.613555431 -4.284846 5.993559 -0.848759 -0.75262142 -0.37879040 -0.49197740 0.21917359
1403636663.663555622 -4.278777 6.002552 -0.866072 -0.75292218 -0.37978106 -0.49130978 0.21792025
1403636663.713555574 -4.272468 6.005194 -0.896557 -0.75142817 -0.38277963 -0.49258722 0.21492626
1403636663.763555765 -4.279503 6.021255 -0.915486 -0.74894855 -0.38536604 -0.49562655 0.21195142
1403636663.813555479 -4.275811 6.038355 -0.927863 -0.74482614 -0.38840532 -0.50071198 0.20895655
1403636663.863555670 -4.272476 6.059254 -0.937631 -0.74022911 -0.39135710 -0.50613866 0.20669819
1403636663.913555622 -4.270394 6.082701 -0.946055 -0.73664125 -0.39248782 -0.51051551 0.20660805
1403636663.963555574 -4.268931 6.109391 -0.952075 -0.73121777 -0.39427620 -0.51700823 0.20632341
1403636664.013555527 -4.269712 6.138379 -0.955501 -0.72608287 -0.39489283 -0.52354550 0.20679321
1403636664.063555717 -4.268564 6.171126 -0.959582 -0.72323825 -0.39494645 -0.52629021 0.20967198
1403636664.113555431 -4.269533 6.209718 -0.957564 -0.72190518 -0.39318765 -0.52754855 0.21435695
1403636664.163555622 -4.276142 6.244357 -0.957439 -0.72093979 -0.39039152 -0.52844458 0.22042370
1403636664.213555574 -4.283986 6.281495 -0.955372 -0.71962017 -0.38745191 -0.52940703 0.22749951
1403636664.263555765 -4.294104 6.317169 -0.955415 -0.71836674 -0.38452149 -0.53060031 0.23357175
1403636664.313555479 -4.304787 6.355219 -0.958112 -0.71743426 -0.38247886 -0.53086294 0.23912872
1403636664.363555670 -4.316908 6.393131 -0.965203 -0.71663756 -0.38171886 -0.53071854 0.24302088
1403636664.413555622 -4.328792 6.431698 -0.976449 -0.71574808 -0.38104316 -0.53070647 0.24670110
1403636664.463555574 -4.343440 6.469331 -0.990703 -0.71534641 -0.38121041 -0.52985159 0.24943021
1403636664.513555527 -4.354633 6.507343 -1.006182 -0.71427737 -0.38092100 -0.52997125 0.25266085
1403636664.563555717 -4.370446 6.542847 -1.023319 -0.71376069 -0.38041663 -0.52923109 0.25640458
1403636664.613555431 -4.382935 6.589044 -1.040805 -0.71446468 -0.37803316 -0.52692352 0.26264570
1403636664.663555622 -4.398632 6.625976 -1.051928 -0.71392900 -0.37796243 -0.52583607 0.26635730
1403636664.713555574 -4.418131 6.661961 -1.063118 -0.71480641 -0.37758456 -0.52300130 0.27009505
1403636664.763555765 -4.435205 6.706499 -1.072566 -0.71466382 -0.38111751 -0.52173177 0.26795715
1403636664.813555479 -4.456299 6.740298 -1.079897 -0.71394781 -0.38463883 -0.52130294 0.26565908
1403636664.863555670 -4.484294 6.770151 -1.094476 -0.71325497 -0.38666074 -0.52028209 0.26658464
1403636664.913555622 -4.504411 6.818996 -1.095130 -0.71330022 -0.38707667 -0.51907083 0.26821618
1403636664.963555574 -4.528435 6.851544 -1.098234 -0.71442349 -0.38903709 -0.51633907 0.26766245
1403636665.013555527 -4.552191 6.885183 -1.098832 -0.71655536 -0.39007147 -0.51227388 0.26826880
1403636665.063555717 -4.543151 6.918094 -1.102185 -0.71938274 -0.39157522 -0.50786788 0.26688486
1403636665.113555431 -4.574374 6.953790 -1.098337 -0.72126335 -0.39299221 -0.50424723 0.26659152
1403636665.163555622 -4.598356 6.985649 -1.093383 -0.72272542 -0.39408130 -0.50165730 0.26590948
1403636665.213555574 -4.619852 7.019937 -1.089520 -0.72426241 -0.39240482 -0.49888189 0.26940543
1403636665.263555765 -4.643627 7.051870 -1.082997 -0.72416308 -0.38848097 -0.49875309 0.27552809
1403636665.313555479 -4.665612 7.085736 -1.075564 -0.72286488 -0.38577793 -0.50024241 0.27999872
1403636665.363555670 -4.687440 7.120518 -1.067959 -0.72206486 -0.38470133 -0.50120299 0.28182049
1403636665.413555622 -4.707082 7.157793 -1.058949 -0.72112752 -0.38542516 -0.50287789 0.28024342
1403636665.463555574 -4.727066 7.190058 -1.052503 -0.72031141 -0.38812997 -0.50441539 0.27581101
1403636665.513555527 -4.747850 7.220942 -1.046510 -0.71955399 -0.39131852 -0.50616274 0.27002065
1403636665.563555717 -4.768726 7.251307 -1.039569 -0.71824789 -0.39405249 -0.50854002 0.26500879
1403636665.613555431 -4.789035 7.284443 -1.031838 -0.71821201 -0.39659939 -0.50896980 0.26044226
1403636665.663555622 -4.811105 7.314912 -1.024254 -0.71803490 -0.39715955 -0.50998227 0.25808577
1403636665.713555574 -4.832938 7.347829 -1.016782 -0.71716272 -0.39701739 -0.51197487 0.25678114
1403636665.763555765 -4.856002 7.379079 -1.008699 -0.71552687 -0.39604827 -0.51504149 0.25670866
1403636665.813555479 -4.885260 7.408900 -1.003151 -0.71482257 -0.39365070 -0.51702588 0.25836420
1403636665.863555670 -4.910373 7.441000 -0.995321 -0.71539153 -0.38793719 -0.51697739 0.26543187
1403636665.913555622 -4.935645 7.473853 -0.986596 -0.71720864 -0.38231625 -0.51505941 0.27232307
1403636665.963555574 -4.954644 7.512217 -0.975118 -0.71937014 -0.37751869 -0.51247412 0.27813039
1403636666.013555527 -4.974295 7.548308 -0.966129 -0.72155240 -0.37436041 -0.50976787 0.28169689
1403636666.063555717 -4.998634 7.579270 -0.961757 -0.72255515 -0.37269156 -0.50857606 0.28348799
1403636666.113555431 -5.023013 7.608768 -0.957869 -0.72188668 -0.37308856 -0.50988092 0.28232251
1403636666.163555622 -5.046194 7.637767 -0.956018 -0.72028699 -0.37475986 -0.51265526 0.27915281
1403636666.213555574 -5.072748 7.666945 -0.954128 -0.71889956 -0.37552563 -0.51458742 0.27814333
1403636666.263555765 -5.095972 7.694913 -0.955071 -0.71846585 -0.37557872 -0.51514048 0.27816854
1403636666.313555479 -5.133302 7.730286 -0.945596 -0.71852424 -0.37306056 -0.51608226 0.27965663
1403636666.363555670 -5.167350 7.754559 -0.948478 -0.71819627 -0.37164030 -0.51599948 0.28252812
1403636666.413555622 -5.190974 7.777950 -0.951475 -0.71964367 -0.37039550 -0.51359675 0.28484827
1403636666.463555574 -5.223314 7.793254 -0.948231 -0.72060785 -0.37019096 -0.51142851 0.28657259
1403636666.513555527 -5.246809 7.813960 -0.948165 -0.72141583 -0.37093106 -0.50956558 0.28690114
1403636666.563555717 -5.275725 7.826551 -0.945183 -0.72179901 -0.37319535 -0.50867970 0.28456350
1403636666.613555431 -5.299498 7.843529 -0.940065 -0.72257638 -0.37661903 -0.50683133 0.28136006
1403636666.663555622 -5.322833 7.859761 -0.933318 -0.72258442 -0.38064753 -0.50625259 0.27692513
1403636666.713555574 -5.347277 7.876536 -0.925440 -0.72375495 -0.38460449 -0.50386776 0.27271860
1403636666.763555765 -5.370719 7.891990 -0.916784 -0.72512705 -0.38781201 -0.50111723 0.26958141
1403636666.813555479 -5.345381 7.919970 -0.889034 -0.72735909 -0.39047349 -0.49608989 0.26902423
1403636666.863555670 -5.366122 7.937385 -0.880722 -0.73089431 -0.39076414 -0.49036518 0.26951601
1403636666.913555622 -5.386007 7.955095 -0.875483 -0.73630448 -0.38826510 -0.48156669 0.27422517
1403636666.963555574 -5.406200 7.972953 -0.870312 -0.74103110 -0.38517407 -0.47409583 0.27883145
1403636667.013555527 -5.424853 7.993529 -0.867263 -0.74237134 -0.38328238 -0.47178872 0.28177087
1403636667.063555717 -5.440120 8.014002 -0.865457 -0.74148734 -0.38262681 -0.47282786 0.28324382
1403636667.113555431 -5.456164 8.034602 -0.863871 -0.73605219 -0.38360098 -0.48089718 0.28251614
1403636667.163555622 -5.467610 8.054600 -0.860861 -0.72882443 -0.38574526 -0.49120362 0.28059678
1403636667.213555574 -5.479371 8.074156 -0.860717 -0.72286760 -0.38736237 -0.49953162 0.27907166
1403636667.263555765 -5.489789 8.094039 -0.860061 -0.71740804 -0.38979947 -0.50701856 0.27625036
1403636667.313555479 -5.500561 8.113152 -0.863094 -0.71385431 -0.39191049 -0.51143177 0.27432778
1403636667.363555670 -5.516744 8.133284 -0.869541 -0.71197879 -0.39267290 -0.51373573 0.27380614
1403636667.413555622 -5.528802 8.152507 -0.873407 -0.71191995 -0.39373375 -0.51362997 0.27263158
1403636667.463555574 -5.525352 8.181508 -0.905384 -0.71334347 -0.39576986 -0.51073570 0.27139705
1403636667.513555527 -5.545411 8.198814 -0.913745 -0.71543655 -0.39692882 -0.50752283 0.27021962
1403636667.563555717 -5.578961 8.207013 -0.927286 -0.71943811 -0.39632282 -0.50233752 0.27017410
1403636667.613555431 -5.605185 8.229142 -0.935546 -0.72349965 -0.39565409 -0.49657844 0.27095377
1403636667.663555622 -5.620289 8.248576 -0.938857 -0.72660468 -0.39474832 -0.49186682 0.27255536
1403636667.713555574 -5.635578 8.267980 -0.940057 -0.72837183 -0.39319888 -0.48921162 0.27484741
1403636667.763555765 -5.649659 8.287639 -0.938835 -0.72873038 -0.39212057 -0.48869754 0.27634798
1403636667.813555479 -5.663725 8.308488 -0.936770 -0.72859481 -0.39113760 -0.48912504 0.27734035
1403636667.863555670 -5.676757 8.328366 -0.934093 -0.72880194 -0.39012246 -0.48922327 0.27805178
1403636667.913555622 -5.690863 8.348576 -0.932217 -0.72906466 -0.38905659 -0.48920904 0.27888027
1403636667.963555574 -5.702746 8.368011 -0.930858 -0.72965165 -0.38928591 -0.48867380 0.27796199
1403636668.013555527 -5.718662 8.389543 -0.924668 -0.72947840 -0.38839635 -0.48958904 0.27805058
1403636668.063555717 -5.728952 8.409469 -0.926320 -0.72869932 -0.38909856 -0.49157421 0.27559826
1403636668.113555431 -5.738748 8.431380 -0.930175 -0.72797493 -0.38978600 -0.49351625 0.27305874
1403636668.163555622 -5.747845 8.452047 -0.935194 -0.72748265 -0.39063124 -0.49528735 0.26993827
1403636668.213555574 -5.756807 8.475079 -0.941748 -0.72805524 -0.39163994 -0.49544781 0.26661808
1403636668.263555765 -5.765123 8.496788 -0.949385 -0.72831700 -0.39240526 -0.49617025 0.26341516
1403636668.313555479 -5.771546 8.524638 -0.962761 -0.72896796 -0.39233160 -0.49681004 0.26050224
1403636668.363555670 -5.788747 8.553203 -0.964164 -0.72907572 -0.39154167 -0.49786926 0.25936442
1403636668.413555622 -5.798130 8.576368 -0.975363 -0.72889790 -0.39048220 -0.49930117 0.25870802
1403636668.463555574 -5.822198 8.616612 -0.990821 -0.72808247 -0.38936957 -0.50160883 0.25821666
1403636668.513555527 -5.829767 8.642561 -1.002642 -0.72807928 -0.38842826 -0.50267607 0.25756712
1403636668.563555717 -5.834189 8.651465 -1.027939 -0.72779608 -0.38716075 -0.50370673 0.25826141
1403636668.613555431 -5.839215 8.679225 -1.038696 -0.72803179 -0.38659741 -0.50414819 0.25757864
1403636668.663555622 -5.845293 8.702511 -1.055462 -0.72819702 -0.38599961 -0.50499649 0.25634340
1403636668.713555574 -5.855144 8.726998 -1.071533 -0.72689015 -0.38711718 -0.50751033 0.25338559
1403636668.763555765 -5.865077 8.752754 -1.082530 -0.72443973 -0.38877865 -0.51151111 0.24978914
1403636668.813555479 -5.876568 8.779337 -1.093218 -0.72175300 -0.38968657 -0.51592483 0.24705981
1403636668.863555670 -5.885852 8.806994 -1.101593 -0.71854854 -0.39199318 -0.52027935 0.24359546
1403636668.913555622 -5.898773 8.835588 -1.108650 -0.71519920 -0.39291751 -0.52514717 0.24150854
1403636668.963555574 -5.913572 8.864398 -1.114231 -0.71441136 -0.39081200 -0.52644948 0.24440402
1403636669.013555527 -5.930200 8.893011 -1.117365 -0.71506480 -0.38730485 -0.52577771 0.24946960
1403636669.063555717 -5.934067 8.936434 -1.119922 -0.71580891 -0.38268242 -0.52620513 0.25353487
1403636669.113555431 -5.952877 8.966877 -1.120843 -0.71663028 -0.37908498 -0.52564667 0.25774251
1403636669.163555622 -5.970784 9.002958 -1.120337 -0.71742489 -0.37718998 -0.52498767 0.25964819
1403636669.213555574 -5.992305 9.031479 -1.120905 -0.71752766 -0.37573716 -0.52518010 0.26107758
1403636669.263555765 -6.022605 9.090634 -1.127377 -0.71775812 -0.37486854 -0.52565391 0.26073900
1403636669.313555479 -6.051446 9.127942 -1.135339 -0.71782132 -0.37493068 -0.52605546 0.25966360
1403636669.363555670 -6.079865 9.155294 -1.144538 -0.71854501 -0.37525086 -0.52492329 0.25949065
1403636669.413555622 -6.103315 9.183801 -1.151815 -0.71798098 -0.37458099 -0.52583182 0.26017935
1403636669.463555574 -6.129882 9.211007 -1.159764 -0.71681548 -0.37335129 -0.52738696 0.26200644
1403636669.513555527 -6.157133 9.238429 -1.168201 -0.71516962 -0.37302213 -0.52929216 0.26312869
1403636669.563555717 -6.179165 9.266350 -1.179781 -0.71312558 -0.37209044 -0.53198323 0.26456465
1403636669.613555431 -6.218181 9.298073 -1.184516 -0.70989972 -0.37134656 -0.53613110 0.26590894
1403636669.663555622 -6.245292 9.324409 -1.193322 -0.70695479 -0.37024637 -0.53957919 0.26830366
1403636669.713555574 -6.282484 9.317116 -1.195701 -0.70259430 -0.36985676 -0.54376531 0.27182072
1403636669.763555765 -6.312863 9.339574 -1.199761 -0.70161992 -0.36876200 -0.54458600 0.27417176
1403636669.813555479 -6.344214 9.358384 -1.202355 -0.70398622 -0.36434565 -0.54026478 0.28243516
1403636669.863555670 -6.378269 9.377815 -1.203959 -0.70820954 -0.35759880 -0.53333258 0.29345988
1403636669.913555622 -6.413308 9.392679 -1.203255 -0.71465501 -0.35206598 -0.52312481 0.30275105
1403636669.963555574 -6.447138 9.406792 -1.201509 -0.71958461 -0.34836074 -0.51539019 0.30857047
1403636670.013555527 -6.480064 9.416612 -1.199604 -0.72363584 -0.34683380 -0.50927299 0.31096384
1403636670.063555717 -6.497546 9.434192 -1.187253 -0.72681331 -0.34552185 -0.50410978 0.31341728
1403636670.113555431 -6.526276 9.440776 -1.181234 -0.72880099 -0.34535648 -0.49961403 0.31617057
1403636670.163555622 -6.554014 9.444930 -1.173085 -0.72800455 -0.34405019 -0.49826418 0.32151460
1403636670.213555574 -6.582164 9.448450 -1.166092 -0.72654967 -0.34042375 -0.49674687 0.33087730
1403636670.263555765 -6.605880 9.447629 -1.158232 -0.72445595 -0.33759895 -0.49591305 0.33950078
1403636670.313555479 -6.626984 9.444787 -1.153160 -0.72310999 -0.33555447 -0.49408444 0.34698086
1403636670.363555670 -6.641485 9.441476 -1.153397 -0.72277121 -0.33579626 -0.49060242 0.35235198
1403636670.413555622 -6.659086 9.431155 -1.150499 -0.72213723 -0.33808901 -0.48669953 0.35684341
1403636670.463555574 -6.671531 9.416906 -1.148071 -0.72186017 -0.34094138 -0.48093858 0.36245682
1403636670.513555527 -6.684040 9.394800 -1.143744 -0.72016915 -0.34548503 -0.47620428 0.36773086
1403636670.563555717 -6.690772 9.373646 -1.138166 -0.71766381 -0.35177442 -0.47120199 0.37307117
1403636670.613555431 -6.691746 9.346504 -1.129189 -0.71459871 -0.35857519 -0.46667871 0.37813159
1403636670.663555622 -6.691644 9.321110 -1.127302 -0.71058735 -0.36687451 -0.46279241 0.38248125
1403636670.713555574 -6.686878 9.288245 -1.116348 -0.70570888 -0.37535792 -0.45928761 0.38747426
1403636670.763555765 -6.677754 9.253669 -1.104244 -0.70067510 -0.38367073 -0.45513892 0.39331888
1403636670.813555479 -6.671750 9.212625 -1.092853 -0.69542083 -0.39106950 -0.44995749 0.40123905
1403636670.863555670 -6.655995 9.172053 -1.082167 -0.69033360 -0.39798326 -0.44315474 0.41068567
1403636670.913555622 -6.642776 9.117944 -1.073043 -0.68453954 -0.40403189 -0.43665514 0.42130290
1403636670.963555574 -6.617577 9.059738 -1.062756 -0.67774332 -0.40993416 -0.42939623 0.43386272
1403636671.013555527 -6.593703 9.005421 -1.050818 -0.66915201 -0.41869140 -0.42361204 0.44439389
1403636671.063555717 -6.557437 8.941282 -1.034846 -0.65972501 -0.42957960 -0.41923335 0.45218103
1403636671.113555431 -6.520720 8.881281 -1.015626 -0.64978904 -0.44350257 -0.41591545 0.45617323
1403636671.163555622 -6.477189 8.817457 -0.995837 -0.64045733 -0.45797073 -0.41199493 0.45862555
1403636671.213555574 -6.432042 8.743033 -0.974607 -0.63247127 -0.47178492 -0.40793793 0.45933182
1403636671.263555765 -6.379158 8.672720 -0.951787 -0.62539318 -0.48640372 -0.40460490 0.45671618
1403636671.313555479 -6.338308 8.594443 -0.926415 -0.61934402 -0.50254415 -0.40337502 0.44849855
1403636671.363555670 -6.278260 8.519900 -0.903601 -0.61194358 -0.52108772 -0.40439464 0.43641451
1403636671.413555622 -6.217770 8.444562 -0.881368 -0.60379136 -0.53979867 -0.40539252 0.42392251
1403636671.463555574 -6.157586 8.364568 -0.853185 -0.59654609 -0.55657768 -0.40351566 0.41416078
1403636671.513555527 -6.093268 8.289281 -0.829297 -0.59167285 -0.57033319 -0.39902658 0.40671990
1403636671.563555717 -6.031294 8.214958 -0.811171 -0.58855210 -0.58156357 -0.39260537 0.40156103
1403636671.613555431 -5.958199 8.148667 -0.795783 -0.58671823 -0.59127351 -0.38610988 0.39632879
1403636671.663555622 -5.897348 8.078892 -0.781538 -0.58577102 -0.59886705 -0.37990792 0.39230160
1403636671.713555574 -5.835578 8.011837 -0.768188 -0.58517721 -0.60478244 -0.37455230 0.38925109
1403636671.763555765 -5.775544 7.944896 -0.754114 -0.58512916 -0.60904854 -0.37059736 0.38644706
1403636671.813555479 -5.715067 7.881393 -0.742987 -0.58470522 -0.61362535 -0.36802128 0.38228794
1403636671.863555670 -5.655883 7.822451 -0.731504 -0.58592015 -0.61670579 -0.36451774 0.37881178
1403636671.913555622 -5.589394 7.766257 -0.723624 -0.58798621 -0.61994213 -0.36097393 0.37368676
1403636671.963555574 -5.530594 7.714524 -0.719385 -0.58936395 -0.62378306 -0.35876896 0.36719159
1403636672.013555527 -5.473686 7.665267 -0.703616 -0.59073626 -0.62748263 -0.35733255 0.36001343
1403636672.063555717 -5.420991 7.632877 -0.685171 -0.58920840 -0.63091829 -0.36013378 0.35366543
1403636672.113555431 -5.365572 7.565560 -0.667724 -0.58570499 -0.63357821 -0.36618765 0.34847514
1403636672.163555622 -5.312340 7.534583 -0.644368 -0.58280334 -0.63472056 -0.37175510 0.34535232
1403636672.213555574 -5.270239 7.505713 -0.624922 -0.58072771 -0.63553990 -0.37618616 0.34253223
1403636672.263555765 -5.225384 7.479723 -0.602416 -0.57985351 -0.63513850 -0.37938935 0.34122238
1403636672.313555479 -5.177862 7.471994 -0.576749 -0.57716582 -0.63552536 -0.38421809 0.33965215
1403636672.363555670 -5.137557 7.454019 -0.556856 -0.57239162 -0.63562472 -0.39174680 0.33894468
1403636672.413555622 -5.100836 7.438655 -0.539927 -0.56658603 -0.63555721 -0.40004649 0.33913141
1403636672.463555574 -5.068047 7.427134 -0.525449 -0.56036951 -0.63275437 -0.40928211 0.34365110
1403636672.513555527 -5.043089 7.397278 -0.493890 -0.55729820 -0.62486116 -0.41524187 0.35572662
1403636672.563555717 -5.016333 7.387836 -0.487179 -0.55449147 -0.61648380 -0.41984385 0.36907733
1403636672.613555431 -4.987624 7.373384 -0.487557 -0.55400343 -0.60808707 -0.42095157 0.38224349
1403636672.663555622 -4.965695 7.366138 -0.490363 -0.55407593 -0.60108441 -0.42137702 0.39260515
1403636672.713555574 -4.944258 7.363936 -0.500291 -0.55708240 -0.59710484 -0.41808159 0.39791054
1403636672.763555765 -4.924503 7.357728 -0.514166 -0.56164142 -0.59658288 -0.41170897 0.39892795
1403636672.813555479 -4.906597 7.349461 -0.527696 -0.56500402 -0.59823172 -0.40480658 0.39877425
1403636672.863555670 -4.890446 7.342784 -0.541443 -0.56413479 -0.60135901 -0.40122057 0.39892523
1403636672.913555622 -4.875207 7.347386 -0.548428 -0.56164057 -0.60494441 -0.39773996 0.40050600
1403636672.963555574 -4.861608 7.342710 -0.558559 -0.55707625 -0.61007818 -0.39484021 0.40196005
1403636673.013555527 -4.847663 7.336944 -0.566293 -0.55175821 -0.61558743 -0.39154978 0.40410861
1403636673.063555717 -4.842931 7.327431 -0.569803 -0.54629532 -0.62175814 -0.38880391 0.40473417
1403636673.113555431 -4.828429 7.336413 -0.580918 -0.54163553 -0.62736442 -0.38488684 0.40608739
1403636673.163555622 -4.819961 7.335865 -0.582885 -0.53964728 -0.63403871 -0.37842483 0.40443834
1403636673.213555574 -4.813107 7.334799 -0.580675 -0.53855547 -0.64112030 -0.37130482 0.40131721
1403636673.263555765 -4.807959 7.336420 -0.578433 -0.53736973 -0.64817799 -0.36530956 0.39704912
1403636673.313555479 -4.806363 7.341387 -0.578543 -0.53730204 -0.65313083 -0.35953154 0.39428887
1403636673.363555670 -4.804465 7.346762 -0.573604 -0.53632532 -0.65705298 -0.35583713 0.39244932
1403636673.413555622 -4.801950 7.351245 -0.570663 -0.53455074 -0.65889457 -0.35411006 0.39334401
1403636673.463555574 -4.803275 7.361231 -0.566571 -0.53281960 -0.65977239 -0.35329265 0.39495312
1403636673.513555527 -4.804929 7.371714 -0.565404 -0.53085097 -0.66026774 -0.35349074 0.39659558
1403636673.563555717 -4.809338 7.385891 -0.563658 -0.52843266 -0.65974359 -0.35466438 0.39963795
1403636673.613555431 -4.813793 7.399283 -0.563879 -0.52450027 -0.65777242 -0.35860936 0.40451728
1403636673.663555622 -4.821452 7.416761 -0.563705 -0.52101124 -0.65523873 -0.36216442 0.40993466
1403636673.713555574 -4.829176 7.435554 -0.564495 -0.51750589 -0.65253404 -0.36577669 0.41544482
1403636673.763555765 -4.839789 7.454337 -0.564603 -0.51314111 -0.64962948 -0.37082129 0.42090297
1403636673.813555479 -4.850605 7.471904 -0.565861 -0.51063462 -0.64695283 -0.37309331 0.42603487
1403636673.863555670 -4.863711 7.489234 -0.564970 -0.50863097 -0.64602904 -0.37519898 0.42797984
1403636673.913555622 -4.878648 7.509309 -0.562829 -0.50760345 -0.64731623 -0.37605793 0.42649838
1403636673.963555574 -4.885038 7.534541 -0.570778 -0.50798267 -0.64727949 -0.37608650 0.42607724
1403636674.013555527 -4.902803 7.551708 -0.570851 -0.50889667 -0.64732270 -0.37479013 0.42606320
1403636674.063555717 -4.921774 7.570860 -0.569917 -0.50930277 -0.64722886 -0.37440869 0.42605589
1403636674.113555431 -4.929002 7.567850 -0.578110 -0.51013783 -0.64645578 -0.37309963 0.42737685
1403636674.163555622 -4.950709 7.585863 -0.579802 -0.51027854 -0.64553130 -0.37315073 0.42856002
1403636674.213555574 -4.973757 7.604383 -0.585055 -0.51061158 -0.64372570 -0.37302051 0.43098577
1403636674.263555765 -4.997044 7.621462 -0.590994 -0.51174903 -0.64091654 -0.37176602 0.43488957
1403636674.313555479 -5.020164 7.640487 -0.601072 -0.51481837 -0.63749802 -0.36786371 0.43958458
1403636674.363555670 -5.044978 7.656278 -0.611013 -0.51748597 -0.63524076 -0.36281765 0.44389278
1403636674.413555622 -5.068461 7.676201 -0.624176 -0.51902114 -0.63375000 -0.35664912 0.44919862
1403636674.463555574 -5.093765 7.692008 -0.637033 -0.51828872 -0.63336998 -0.35146070 0.45463683
1403636674.513555527 -5.119131 7.711275 -0.651028 -0.51592176 -0.63407878 -0.34669671 0.45996763
1403636674.563555717 -5.143309 7.726812 -0.666898 -0.51266284 -0.63626809 -0.34313212 0.46324948
1403636674.613555431 -5.155539 7.753033 -0.695343 -0.50909704 -0.63847269 -0.34103041 0.46569420
1403636674.663555622 -5.177634 7.768810 -0.713167 -0.50469012 -0.64099104 -0.34024273 0.46760373
1403636674.713555574 -5.198494 7.786234 -0.731683 -0.50270042 -0.64347215 -0.33701196 0.46867774
1403636674.763555765 -5.218735 7.801491 -0.752621 -0.50231990 -0.64769293 -0.33208426 0.46678543
1403636674.813555479 -5.239678 7.820673 -0.769844 -0.50337968 -0.65273984 -0.32596529 0.46291061
1403636674.863555670 -5.258095 7.836566 -0.788551 -0.50477970 -0.65756989 -0.32013765 0.45859697
1403636674.913555622 -5.273778 7.861760 -0.804834 -0.50605086 -0.66166999 -0.31512892 0.45475171
1403636674.963555574 -5.290537 7.880515 -0.819682 -0.50713062 -0.66557378 -0.31126083 0.45049613
1403636675.013555527 -5.306007 7.906909 -0.832148 -0.50846114 -0.66836636 -0.30759146 0.44737141
1403636675.063555717 -5.321807 7.929475 -0.841131 -0.50858117 -0.67165466 -0.30610224 0.44331325
1403636675.113555431 -5.338512 7.959005 -0.850764 -0.50711720 -0.67451372 -0.30790977 0.43938020
1403636675.163555622 -5.353877 7.986285 -0.854771 -0.50404490 -0.67868837 -0.31162085 0.43383556
1403636675.213555574 -5.370018 8.018736 -0.857690 -0.49923907 -0.68173306 -0.31806492 0.42992452
1403636675.263555765 -5.387387 8.052364 -0.857824 -0.49571539 -0.68390435 -0.32339570 0.42656338
1403636675.313555479 -5.412650 8.103297 -0.879614 -0.49260195 -0.68527992 -0.32804407 0.42440764
1403636675.363555670 -5.433556 8.140699 -0.876227 -0.48813137 -0.68437194 -0.33376118 0.42657507
1403636675.413555622 -5.450621 8.182632 -0.866523 -0.48241295 -0.68233724 -0.33892844 0.43222812
1403636675.463555574 -5.475754 8.222164 -0.863238 -0.47695197 -0.68122816 -0.34127699 0.43814955
1403636675.513555527 -5.500430 8.263887 -0.861200 -0.46986518 -0.68151861 -0.34418132 0.44305566
1403636675.563555717 -5.529447 8.303109 -0.860060 -0.46270472 -0.68207317 -0.34698597 0.44752796
1403636675.613555431 -5.558557 8.342839 -0.860559 -0.45593121 -0.68285443 -0.34909519 0.45162939
1403636675.663555622 -5.589476 8.381903 -0.863574 -0.45026028 -0.68414955 -0.34893118 0.45546910
1403636675.713555574 -5.614811 8.426953 -0.870222 -0.44462317 -0.68505098 -0.34696057 0.46112227
1403636675.763555765 -5.647334 8.463381 -0.874514 -0.43924422 -0.68522819 -0.34302188 0.46889533
1403636675.813555479 -5.679538 8.500025 -0.885716 -0.43706698 -0.68419812 -0.33370285 0.47904884
1403636675.863555670 -5.714008 8.534634 -0.893825 -0.43549464 -0.68316777 -0.32226912 0.48966195
1403636675.913555622 -5.746423 8.569081 -0.902703 -0.43520676 -0.68400958 -0.30774189 0.49801697
1403636675.963555574 -5.781182 8.597224 -0.911308 -0.43346297 -0.68668838 -0.29396339 0.50413733
1403636676.013555527 -5.828902 8.649661 -0.920020 -0.42917779 -0.69221002 -0.28234545 0.50688535
1403636676.063555717 -5.842900 8.665849 -0.920508 -0.42303177 -0.69707938 -0.27425034 0.50981487
1403636676.113555431 -5.872713 8.697344 -0.935548 -0.41438241 -0.70458322 -0.27014956 0.50879162
1403636676.163555622 -5.902051 8.729564 -0.950747 -0.40229964 -0.71303649 -0.26986533 0.50685961
1403636676.213555574 -5.962128 8.744981 -0.980663 -0.39003895 -0.72137979 -0.27087552 0.50409055
1403636676.263555765 -5.988832 8.771429 -1.004137 -0.37555933 -0.73077102 -0.27262753 0.50060278
1403636676.313555479 -6.019886 8.802198 -1.021742 -0.36305555 -0.73944841 -0.27039359 0.49829111
1403636676.363555670 -6.049659 8.832265 -1.037683 -0.34835091 -0.74642048 -0.27054202 0.49831228
1403636676.413555622 -6.083259 8.861266 -1.052291 -0.33536657 -0.75314425 -0.26877435 0.49805958
1403636676.463555574 -6.118208 8.889728 -1.064080 -0.32525727 -0.75848801 -0.26287708 0.49979925
1403636676.513555527 -6.153649 8.916049 -1.075466 -0.31759963 -0.76289050 -0.25421083 0.50249917
1403636676.563555717 -6.190334 8.940583 -1.085684 -0.31204496 -0.76489956 -0.24363052 0.50813461
1403636676.613555431 -6.229569 8.956498 -1.096415 -0.30693405 -0.76662102 -0.23430387 0.51301597
1403636676.663555622 -6.270669 8.981919 -1.100510 -0.30333472 -0.76724708 -0.22617257 0.51784740
1403636676.713555574 -6.312644 9.008601 -1.102092 -0.30099856 -0.76729837 -0.21875932 0.52230014
1403636676.763555765 -6.354355 9.032135 -1.102702 -0.29959695 -0.76659894 -0.21242449 0.52672911
1403636676.813555479 -6.390549 9.052321 -1.101361 -0.29825040 -0.76671308 -0.20567415 0.52999613
1403636676.863555670 -6.391905 9.062443 -1.096222 -0.29673426 -0.76769807 -0.19720962 0.53263198
1403636676.913555622 -6.432260 9.085507 -1.093739 -0.29526203 -0.76746590 -0.19351078 0.53513550
1403636676.963555574 -6.470341 9.108366 -1.093046 -0.29422413 -0.76744583 -0.19055873 0.53679272
1403636677.013555527 -6.509569 9.137500 -1.099375 -0.29214426 -0.76788988 -0.19109103 0.53710435
1403636677.063555717 -6.549104 9.158294 -1.108661 -0.28826398 -0.76906552 -0.19497899 0.53612060
1403636677.113555431 -6.587213 9.181127 -1.119255 -0.28480889 -0.76995628 -0.19929050 0.53510234
1403636677.163555622 -6.624420 9.204125 -1.133992 -0.28205416 -0.77089545 -0.20323214 0.53372497
1403636677.213555574 -6.662258 9.226581 -1.149873 -0.27965177 -0.77050938 -0.20672892 0.53420346
1403636677.263555765 -6.700389 9.247315 -1.166855 -0.27679577 -0.76934553 -0.20958853 0.53625013
1403636677.313555479 -6.736520 9.253709 -1.174802 -0.27267313 -0.76800382 -0.21064688 0.53985868
1403636677.363555670 -6.777426 9.266428 -1.188206 -0.26735736 -0.76611046 -0.21131755 0.54492174
1403636677.413555622 -6.810862 9.274857 -1.190007 -0.26158083 -0.76409971 -0.21060840 0.55079143
1403636677.463555574 -6.847971 9.289765 -1.198343 -0.25581579 -0.76182387 -0.20838671 0.55745641
1403636677.513555527 -6.880601 9.301944 -1.203719 -0.25063918 -0.76061509 -0.20337303 0.56327977
1403636677.563555717 -6.916112 9.314521 -1.207997 -0.24496534 -0.76052788 -0.19780121 0.56785914
1403636677.613555431 -6.949823 9.326595 -1.207871 -0.24007111 -0.76150245 -0.18989740 0.57133078
1403636677.663555622 -6.984067 9.335336 -1.209789 -0.23514489 -0.76395377 -0.18117991 0.57293574
1403636677.713555574 -7.017252 9.345831 -1.198845 -0.22992073 -0.76653438 -0.17079792 0.57479525
1403636677.763555765 -7.047109 9.351862 -1.197314 -0.22417134 -0.77050494 -0.16074601 0.57465647
1403636677.813555479 -7.076876 9.357701 -1.194312 -0.21931227 -0.77570171 -0.14742861 0.57310888
1403636677.863555670 -7.104545 9.363084 -1.191777 -0.21467932 -0.78079939 -0.13286726 0.57149925
1403636677.913555622 -7.129618 9.369346 -1.185735 -0.20852673 -0.78608824 -0.11949882 0.56947513
1403636677.963555574 -7.153849 9.374673 -1.181152 -0.20060996 -0.79060273 -0.10806703 0.56835244
1403636678.013555527 -7.180818 9.382200 -1.176536 -0.19105636 -0.79524449 -0.09944373 0.56674035
1403636678.063555717 -7.203377 9.390200 -1.172820 -0.18094535 -0.79814614 -0.09323969 0.56703428
1403636678.113555431 -7.229348 9.399043 -1.169669 -0.16955351 -0.80053494 -0.09160641 0.56745368
1403636678.163555622 -7.251978 9.417728 -1.165869 -0.15902474 -0.80220101 -0.09091458 0.56825981
1403636678.213555574 -7.274234 9.428802 -1.167059 -0.14896788 -0.80442179 -0.09180128 0.56770299
1403636678.263555765 -7.294608 9.440876 -1.167880 -0.13969302 -0.80592497 -0.09148800 0.56797954
1403636678.313555479 -7.318453 9.452547 -1.168222 -0.13155223 -0.80719895 -0.08882178 0.56853720
1403636678.363555670 -7.346952 9.457241 -1.155601 -0.12523542 -0.80785327 -0.08317372 0.56988710
1403636678.413555622 -7.372107 9.463373 -1.137621 -0.11772099 -0.80955339 -0.07779534 0.56983591
1403636678.463555574 -7.392283 9.478162 -1.137044 -0.11011175 -0.81100001 -0.07274280 0.56996743
1403636678.513555527 -7.413414 9.488665 -1.131683 -0.10217870 -0.81279987 -0.06760862 0.56951291
1403636678.563555717 -7.430554 9.500121 -1.118992 -0.09452255 -0.81354821 -0.06180984 0.57042470
1403636678.613555431 -7.450248 9.510338 -1.109264 -0.08470227 -0.81433299 -0.05541722 0.57150349
1403636678.663555622 -7.471117 9.518949 -1.103305 -0.07251226 -0.81522255 -0.05175835 0.57225452
1403636678.713555574 -7.487994 9.527687 -1.095947 -0.05824670 -0.81616859 -0.04988757 0.57270183
1403636678.763555765 -7.497227 9.529715 -1.094815 -0.04260042 -0.81674935 -0.04848428 0.57337159
1403636678.813555479 -7.514063 9.537588 -1.087671 -0.02654715 -0.81785408 -0.04819197 0.57278921
1403636678.863555670 -7.534391 9.546554 -1.085604 -0.01199389 -0.81880269 -0.04778004 0.57195749
1403636678.913555622 -7.552761 9.551219 -1.085663 0.00197748 -0.81912178 -0.04790839 0.57161209
1403636678.963555574 -7.571259 9.554426 -1.087005 0.01298311 -0.81974262 -0.04455475 0.57084880
1403636679.013555527 -7.589746 9.555508 -1.088642 0.02222626 -0.81913757 -0.03869102 0.57185893
1403636679.063555717 -7.606639 9.553705 -1.091169 0.02993441 -0.81831583 -0.03041223 0.57318255
1403636679.113555431 -7.623107 9.551699 -1.095159 0.03724133 -0.81695362 -0.02106334 0.57511408
1403636679.163555622 -7.629942 9.552731 -1.098172 0.04212290 -0.81506080 -0.00802746 0.57778639
1403636679.213555574 -7.629443 9.556958 -1.098363 0.04659359 -0.81203927 0.00721039 0.58169517
1403636679.263555765 -7.644157 9.549725 -1.103932 0.05213855 -0.80983425 0.02173521 0.58393290
1403636679.313555479 -7.660295 9.540928 -1.106024 0.05846038 -0.80793711 0.03522142 0.58530288
1403636679.363555670 -7.669383 9.535801 -1.106339 0.06708052 -0.80620127 0.04662253 0.58597445
1403636679.413555622 -7.709899 9.521575 -1.107108 0.07521029 -0.80494842 0.05507007 0.58597675
1403636679.463555574 -7.720018 9.514987 -1.104340 0.08494973 -0.80375844 0.06430324 0.58533837
1403636679.513555527 -7.738647 9.507059 -1.102450 0.09435083 -0.80331908 0.07158785 0.58365363
1403636679.563555717 -7.748380 9.500329 -1.097649 0.10284168 -0.80303894 0.07789254 0.58179447
1403636679.613555431 -7.758173 9.484783 -1.093559 0.10998784 -0.80282494 0.08356158 0.57999332
1403636679.663555622 -7.766297 9.478879 -1.085792 0.11592980 -0.80352014 0.08805763 0.57720146
1403636679.713555574 -7.775195 9.474514 -1.076549 0.12133295 -0.80379592 0.09105202 0.57523905
1403636679.763555765 -7.781995 9.470480 -1.064934 0.12642324 -0.80308650 0.09157221 0.57505109
1403636679.813555479 -7.786453 9.466400 -1.049278 0.13004417 -0.80043650 0.09275337 0.57774279
1403636679.863555670 -7.793857 9.457910 -1.034679 0.13306165 -0.79766820 0.09248889 0.58091810
1403636679.913555622 -7.797738 9.454060 -1.015444 0.13716504 -0.79404037 0.09001773 0.58530543
1403636679.963555574 -7.802472 9.449877 -0.996294 0.14006267 -0.79298228 0.08721099 0.58647745
1403636680.013555527 -7.803341 9.445654 -0.977017 0.14457701 -0.79163912 0.08080165 0.58811230
1403636680.063555717 -7.803798 9.441779 -0.955356 0.14898883 -0.79056959 0.07406380 0.58933574
1403636680.113555431 -7.804587 9.430455 -0.933839 0.15339884 -0.78894613 0.06623401 0.59130860
1403636680.163555622 -7.801867 9.423662 -0.913667 0.15511898 -0.78858706 0.06216334 0.59178059
1403636680.213555574 -7.795869 9.414625 -0.897518 0.15397882 -0.78844354 0.06282216 0.59219987
1403636680.263555765 -7.789433 9.404702 -0.880122 0.15305938 -0.78685488 0.06269886 0.59455957
1403636680.313555479 -7.780873 9.393936 -0.865290 0.15414001 -0.78636659 0.05884531 0.59531980
1403636680.363555670 -7.770805 9.381508 -0.852087 0.15673962 -0.78737119 0.05251427 0.59390366
1403636680.413555622 -7.758950 9.367884 -0.840242 0.15837383 -0.78923711 0.04728954 0.59142726
1403636680.463555574 -7.745394 9.351766 -0.829918 0.15892753 -0.79088703 0.04356081 0.58935746
1403636680.513555527 -7.729866 9.333103 -0.821991 0.15918900 -0.79236677 0.04033989 0.58752571
1403636680.563555717 -7.713250 9.312185 -0.814729 0.15700918 -0.79399019 0.04093891 0.58587686
1403636680.613555431 -7.694959 9.290297 -0.808354 0.15366846 -0.79477821 0.04353724 0.58550671
1403636680.663555622 -7.675724 9.264668 -0.803403 0.15153646 -0.79533998 0.04425656 0.58524557
1403636680.713555574 -7.657808 9.232080 -0.806728 0.14820684 -0.79711705 0.04743078 0.58342906
1403636680.763555765 -7.636250 9.201976 -0.804547 0.14193068 -0.79955786 0.05467562 0.58101075
1403636680.813555479 -7.615669 9.171562 -0.801897 0.13552200 -0.80143336 0.06256940 0.57915751
1403636680.863555670 -7.592918 9.139215 -0.801264 0.12794226 -0.80394512 0.07201429 0.57629590
1403636680.913555622 -7.569621 9.106167 -0.802201 0.12082611 -0.80753475 0.08107928 0.57158974
1403636680.963555574 -7.550131 9.073067 -0.804792 0.11672261 -0.81245555 0.08626036 0.56466890
1403636681.013555527 -7.529093 9.040338 -0.808246 0.11551274 -0.81712774 0.08693277 0.55803383
1403636681.063555717 -7.507338 9.008678 -0.813875 0.11545625 -0.82169155 0.08651924 0.55136854
1403636681.113555431 -7.487278 8.977946 -0.818824 0.11674750 -0.82485566 0.08434194 0.54668967
1403636681.163555622 -7.468782 8.946646 -0.824465 0.11813854 -0.82463657 0.08230758 0.54703133
1403636681.213555574 -7.455486 8.917132 -0.830976 0.12112192 -0.82111480 0.07841291 0.55222404
1403636681.263555765 -7.437351 8.894363 -0.844901 0.12399196 -0.81606004 0.07548814 0.55944039
1403636681.313555479 -7.425154 8.867028 -0.850210 0.12500738 -0.81200244 0.07465484 0.56520071
1403636681.363555670 -7.408644 8.836492 -0.849691 0.12525384 -0.80806526 0.07469382 0.57075639
1403636681.413555622 -7.393916 8.810085 -0.844681 0.12484813 -0.80524626 0.07677788 0.57454031
1403636681.463555574 -7.384462 8.776393 -0.840909 0.12372014 -0.80358942 0.07906421 0.57678958
1403636681.513555527 -7.368668 8.744377 -0.838294 0.12343109 -0.80242142 0.08070166 0.57824897
1403636681.563555717 -7.352268 8.711870 -0.835514 0.12431548 -0.80214789 0.08127410 0.57835884
1403636681.613555431 -7.346266 8.674072 -0.825401 0.12628199 -0.80226302 0.07927328 0.57805073
1403636681.663555622 -7.330371 8.642164 -0.824230 0.12761067 -0.80192559 0.07870088 0.57830531
1403636681.713555574 -7.297415 8.624938 -0.823286 0.12962993 -0.80171255 0.07828841 0.57820757
1403636681.763555765 -7.280881 8.591732 -0.822677 0.13063938 -0.80131210 0.07806979 0.57856493
1403636681.813555479 -7.264667 8.556352 -0.824179 0.13176506 -0.80097078 0.07802066 0.57878887
1403636681.863555670 -7.245045 8.523492 -0.823155 0.13205010 -0.80050712 0.07894012 0.57924052
1403636681.913555622 -7.226735 8.489966 -0.822317 0.13247483 -0.79982772 0.07985119 0.57995674
1403636681.963555574 -7.207463 8.455776 -0.819746 0.13237999 -0.79967637 0.08155019 0.57995069
1403636682.013555527 -7.188482 8.421323 -0.815119 0.13203861 -0.79975198 0.08338087 0.57966387
1403636682.063555717 -7.168498 8.386594 -0.808347 0.13155980 -0.80004817 0.08523968 0.57909338
1403636682.113555431 -7.147277 8.352126 -0.799737 0.13149488 -0.79977664 0.08644116 0.57930506
1403636682.163555622 -7.125780 8.317973 -0.789265 0.13111975 -0.80014101 0.08778181 0.57868499
1403636682.213555574 -7.087189 8.286456 -0.772367 0.13089311 -0.80170307 0.08863361 0.57644017
1403636682.263555765 -7.061662 8.253801 -0.766763 0.13000828 -0.80411603 0.08990031 0.57307347
1403636682.313555479 -7.037102 8.219507 -0.760704 0.12990930 -0.80763984 0.08947597 0.56818616
1403636682.363555670 -7.000476 8.151838 -0.783158 0.12861246 -0.81067863 0.08833512 0.56431897
1403636682.413555622 -6.980361 8.118692 -0.781123 0.12805265 -0.81268202 0.08816039 0.56158544
1403636682.463555574 -6.957640 8.085063 -0.778474 0.12752312 -0.81158030 0.08791478 0.56333495
1403636682.513555527 -6.936881 8.052975 -0.776406 0.12765127 -0.80921081 0.08608331 0.56698561
1403636682.563555717 -6.915023 8.019762 -0.775489 0.12780478 -0.80670377 0.08420835 0.57079237
1403636682.613555431 -6.893262 7.986959 -0.775734 0.12822267 -0.80427668 0.08256194 0.57435311
1403636682.663555622 -6.872167 7.951716 -0.777711 0.12763759 -0.80253427 0.08126669 0.57709888
1403636682.713555574 -6.879319 7.895501 -0.769069 0.12765132 -0.80172857 0.08166126 0.57815905
1403636682.763555765 -6.859908 7.862109 -0.768821 0.12583867 -0.80060666 0.08244383 0.57999708
1403636682.813555479 -6.844681 7.833487 -0.763628 0.12438004 -0.79940047 0.08255543 0.58195627
1403636682.863555670 -6.824178 7.798680 -0.760192 0.12499803 -0.79845067 0.08052143 0.58341093
1403636682.913555622 -6.803799 7.766591 -0.756155 0.12546652 -0.79842374 0.07735003 0.58377621
1403636682.963555574 -6.781702 7.731804 -0.749767 0.12663020 -0.79821153 0.07483868 0.58414237
1403636683.013555527 -6.759558 7.701895 -0.744045 0.12826539 -0.79830626 0.07200320 0.58401254
1403636683.063555717 -6.736217 7.666661 -0.737343 0.12802041 -0.79761260 0.07179794 0.58503844
1403636683.113555431 -6.693583 7.642808 -0.744285 0.12814378 -0.79768532 0.07276674 0.58479254
1403636683.163555622 -6.667907 7.607405 -0.741853 0.12723841 -0.79826123 0.07467159 0.58396365
1403636683.213555574 -6.642370 7.576218 -0.739606 0.12660729 -0.79934690 0.07685526 0.58233015
1403636683.263555765 -6.616102 7.550207 -0.737123 0.12610964 -0.79964019 0.07848383 0.58181803
1403636683.313555479 -6.589861 7.516725 -0.738745 0.12585479 -0.79995933 0.08054427 0.58115253
1403636683.363555670 -6.561891 7.481407 -0.740960 0.12559867 -0.80034077 0.08213192 0.58046013
1403636683.413555622 -6.535092 7.449741 -0.746009 0.12588447 -0.80028625 0.08349363 0.58027910
1403636683.463555574 -6.506811 7.414667 -0.750503 0.12601381 -0.80073979 0.08511204 0.57938955
1403636683.513555527 -6.479214 7.380843 -0.755212 0.12668021 -0.80062479 0.08525931 0.57938150
1403636683.563555717 -6.452750 7.346697 -0.759754 0.12684288 -0.80055630 0.08616636 0.57930635
1403636683.613555431 -6.444535 7.335505 -0.761010 0.12729230 -0.80165468 0.08722112 0.57752828
1403636683.663555622 -6.431713 7.308475 -0.772741 0.12719726 -0.80312933 0.08845757 0.57530809
1403636683.713555574 -6.405784 7.274954 -0.780991 0.12767122 -0.80466321 0.08872278 0.57301435
1403636683.763555765 -6.380156 7.242992 -0.787757 0.12706300 -0.80617782 0.09030381 0.57076926
1403636683.813555479 -6.354787 7.210249 -0.796693 0.12836446 -0.80801883 0.08977897 0.56795059
1403636683.863555670 -6.327576 7.177964 -0.799486 0.12767704 -0.80928305 0.09232599 0.56589348
1403636683.913555622 -6.300058 7.144667 -0.804482 0.12943374 -0.80934262 0.09091613 0.56563742
1403636683.963555574 -6.274832 7.112486 -0.803676 0.12945613 -0.80921567 0.09205525 0.56562969
1403636684.013555527 -6.249307 7.081221 -0.801748 0.12964606 -0.80797978 0.09318190 0.56716639
1403636684.063555717 -6.223669 7.050335 -0.797419 0.13003613 -0.80649936 0.09366781 0.56910080
1403636684.113555431 -6.195234 7.017010 -0.788304 0.13093406 -0.80537580 0.09382586 0.57045841
1403636684.163555622 -6.162178 6.985874 -0.778147 0.13158364 -0.80432329 0.09483620 0.57162565
1403636684.213555574 -6.137809 6.955338 -0.769538 0.13173459 -0.80322646 0.09609658 0.57292119
1403636684.263555765 -6.112263 6.925222 -0.756873 0.13206056 -0.80216469 0.09755298 0.57408644
1403636684.313555479 -6.084294 6.895986 -0.746325 0.13303728 -0.80072553 0.09762199 0.57585558
1403636684.363555670 -6.057970 6.866793 -0.735178 0.13348603 -0.79955018 0.09837109 0.57725568
1403636684.413555622 -6.035632 6.824505 -0.730633 0.13390687 -0.79878352 0.09832524 0.57822658
1403636684.463555574 -6.009072 6.795949 -0.723904 0.13351761 -0.79845280 0.09988787 0.57850548
1403636684.513555527 -5.982341 6.768138 -0.719327 0.13228085 -0.79817931 0.10295360 0.57862953
1403636684.563555717 -5.956801 6.738466 -0.717056 0.13155089 -0.79745488 0.10432005 0.57954932
1403636684.613555431 -5.929035 6.710996 -0.714549 0.13059823 -0.79720131 0.10635266 0.57974416
1403636684.663555622 -5.901383 6.684084 -0.714590 0.13062050 -0.79684190 0.10711776 0.58009228
1403636684.713555574 -5.871262 6.657115 -0.716438 0.13037487 -0.79620949 0.10771563 0.58090462
1403636684.763555765 -5.847119 6.632251 -0.718442 0.13062631 -0.79610121 0.10737577 0.58105944
1403636684.813555479 -5.809000 6.605335 -0.729092 0.13072822 -0.79574515 0.10724412 0.58154835
1403636684.863555670 -5.778309 6.582265 -0.734236 0.13151540 -0.79594630 0.10625878 0.58127641
1403636684.913555622 -5.748063 6.560579 -0.740417 0.13350460 -0.79537904 0.10308121 0.58217090
1403636684.963555574 -5.716474 6.540173 -0.747308 0.13686744 -0.79569599 0.09805948 0.58182431
1403636685.013555527 -5.684829 6.519504 -0.754054 0.13870102 -0.79614587 0.09442294 0.58137603
1403636685.063555717 -5.655467 6.492819 -0.762571 0.13976718 -0.79685170 0.09157464 0.58060880
1403636685.113555431 -5.626939 6.477001 -0.764926 0.13992842 -0.79790487 0.09035758 0.57931283
1403636685.163555622 -5.593115 6.453908 -0.764767 0.13886502 -0.79955050 0.09030693 0.57730422
1403636685.213555574 -5.562320 6.435080 -0.762943 0.13937593 -0.80113790 0.08725694 0.57544648
1403636685.263555765 -5.531962 6.415105 -0.760529 0.14000713 -0.80249062 0.08391744 0.57390302
1403636685.313555479 -5.503469 6.397572 -0.757698 0.14024411 -0.80341226 0.08128631 0.57293356
1403636685.363555670 -5.470063 6.375464 -0.751999 0.14014445 -0.80382157 0.07933305 0.57265756
1403636685.413555622 -5.438519 6.355490 -0.746716 0.13877052 -0.80396825 0.07917979 0.57280743
1403636685.463555574 -5.404598 6.332840 -0.742597 0.13685657 -0.80442361 0.08021546 0.57248443
1403636685.513555527 -5.373003 6.311587 -0.739862 0.13492709 -0.80470171 0.08123317 0.57240808
1403636685.563555717 -5.338172 6.286383 -0.737858 0.13361174 -0.80536216 0.08180668 0.57170566
1403636685.613555431 -5.308332 6.260725 -0.737483 0.13185230 -0.80534853 0.08332176 0.57191450
1403636685.663555622 -5.275416 6.235573 -0.739094 0.13187185 -0.80492545 0.08216270 0.57267280
1403636685.713555574 -5.248567 6.210378 -0.746325 0.13217779 -0.80451291 0.08120836 0.57331773
1403636685.763555765 -5.215136 6.185214 -0.751052 0.13266874 -0.80413423 0.08042087 0.57384635
1403636685.813555479 -5.187513 6.169813 -0.762334 0.13441283 -0.80321315 0.07817032 0.57504020
1403636685.863555670 -5.154497 6.144345 -0.769083 0.13548763 -0.80237875 0.07644806 0.57618324
1403636685.913555622 -5.122773 6.119765 -0.776473 0.13473289 -0.80272899 0.07762946 0.57571424
1403636685.963555574 -5.089413 6.093589 -0.784822 0.13310397 -0.80347927 0.08045617 0.57465746
1403636686.013555527 -5.063914 6.064242 -0.794260 0.13170953 -0.80490088 0.08298444 0.57262619
1403636686.063555717 -5.030613 6.038904 -0.792581 0.13039972 -0.80649389 0.08592187 0.57024640
1403636686.113555431 -5.005639 6.013872 -0.795916 0.12863625 -0.80781122 0.08797974 0.56846576
1403636686.163555622 -4.974090 5.987236 -0.797828 0.12817559 -0.80765427 0.08834831 0.56873559
1403636686.213555574 -4.944824 5.961039 -0.798616 0.12730149 -0.80836349 0.08905196 0.56781383
1403636686.263555765 -4.913397 5.934561 -0.797997 0.12633566 -0.80909154 0.09006665 0.56683170
1403636686.313555479 -4.890892 5.914041 -0.793729 0.12568635 -0.80994687 0.09082303 0.56563256
1403636686.363555670 -4.862778 5.890158 -0.790837 0.12523517 -0.81038602 0.09149209 0.56499544
1403636686.413555622 -4.833477 5.864544 -0.787470 0.12513571 -0.81109847 0.09088844 0.56409185
1403636686.463555574 -4.805816 5.840270 -0.783970 0.12493602 -0.81194069 0.09138920 0.56284219
1403636686.513555527 -4.778483 5.817487 -0.784963 0.12452694 -0.81270547 0.09226921 0.56168431
1403636686.563555717 -4.751856 5.793524 -0.784168 0.12497341 -0.81274127 0.09160305 0.56164237
1403636686.613555431 -4.724204 5.768834 -0.786106 0.12629777 -0.81295629 0.09074237 0.56117445
1403636686.663555622 -4.698665 5.745076 -0.788701 0.12660144 -0.81273340 0.09023668 0.56151031
1403636686.713555574 -4.648384 5.712612 -0.800029 0.12368957 -0.81265621 0.08987457 0.56232850
1403636686.763555765 -4.623938 5.690069 -0.803717 0.12371629 -0.81162211 0.09054142 0.56370744
1403636686.813555479 -4.592729 5.664596 -0.805831 0.12376393 -0.81043755 0.09040371 0.56542076
1403636686.863555670 -4.568569 5.641088 -0.806603 0.12345163 -0.80960045 0.09170919 0.56647704
1403636686.913555622 -4.552200 5.625379 -0.805668 0.12291094 -0.80889814 0.09286997 0.56740802
1403636686.963555574 -4.529108 5.603739 -0.802889 0.12280959 -0.80825678 0.09362960 0.56821851
1403636687.013555527 -4.503311 5.584070 -0.806059 0.12258507 -0.80751624 0.09478311 0.56912791
1403636687.063555717 -4.480384 5.564914 -0.797540 0.12189274 -0.80740386 0.09568336 0.56928539
1403636687.113555431 -4.469242 5.532832 -0.795476 0.12187553 -0.80773576 0.09518036 0.56890244
1403636687.163555622 -4.451988 5.505611 -0.785868 0.12203741 -0.80755182 0.09498902 0.56916080
1403636687.213555574 -4.430872 5.486089 -0.781804 0.12201541 -0.80668867 0.09489992 0.57040304
1403636687.263555765 -4.409535 5.466370 -0.776681 0.12261977 -0.80637562 0.09479616 0.57073325
1403636687.313555479 -4.391751 5.449467 -0.772987 0.12285335 -0.80585501 0.09494333 0.57139349
1403636687.363555670 -4.371210 5.430855 -0.770681 0.12342887 -0.80485489 0.09416361 0.57280636
1403636687.413555622 -4.350186 5.413091 -0.770441 0.12425438 -0.80404639 0.09379985 0.57382213
1403636687.463555574 -4.329923 5.395009 -0.771059 0.12454334 -0.80344199 0.09369190 0.57462313
1403636687.513555527 -4.307987 5.378248 -0.774068 0.12460306 -0.80292916 0.09388839 0.57529454
1403636687.563555717 -4.287472 5.360741 -0.778485 0.12400843 -0.80308918 0.09535380 0.57495855
1403636687.613555431 -4.268296 5.341181 -0.783730 0.12378390 -0.80236765 0.09645647 0.57582970
1403636687.663555622 -4.250236 5.328959 -0.792624 0.12352346 -0.80232165 0.09758747 0.57575916
1403636687.713555574 -4.227374 5.310415 -0.803983 0.12300119 -0.80147780 0.09898011 0.57680757
1403636687.763555765 -4.205402 5.300535 -0.817922 0.12404776 -0.80155358 0.10035183 0.57624086
1403636687.813555479 -4.184375 5.284893 -0.830427 0.12453678 -0.80157117 0.09985579 0.57619707
1403636687.863555670 -4.166648 5.255580 -0.836045 0.12425052 -0.80198148 0.09914450 0.57581063
1403636687.913555622 -4.145185 5.240891 -0.850961 0.12507590 -0.80212644 0.09807651 0.57561288
1403636687.963555574 -4.123613 5.227138 -0.866808 0.12691340 -0.80212550 0.09581815 0.57559236
1403636688.013555527 -4.102651 5.212551 -0.883112 0.12794149 -0.80189599 0.09415310 0.57595919
1403636688.063555717 -4.096709 5.209523 -0.903452 0.13081354 -0.80161479 0.09160651 0.57611612
1403636688.113555431 -4.095690 5.198977 -0.927673 0.13238871 -0.80189572 0.08936218 0.57571771
1403636688.163555622 -4.095999 5.197502 -0.945479 0.13311421 -0.80203587 0.08951839 0.57533079
1403636688.213555574 -4.073787 5.182931 -0.959198 0.13298598 -0.80217779 0.08948934 0.57516709
1403636688.263555765 -4.053403 5.167797 -0.970426 0.13231686 -0.80184803 0.09078701 0.57557772
1403636688.313555479 -4.042572 5.144122 -0.985867 0.13058638 -0.80245056 0.09256170 0.57485010
1403636688.363555670 -4.020667 5.129327 -0.994795 0.12925438 -0.80274120 0.09466831 0.57440211
1403636688.413555622 -3.997199 5.115579 -1.005077 0.12938267 -0.80353527 0.09489308 0.57322465
1403636688.463555574 -3.975443 5.101249 -1.016069 0.13015630 -0.80338086 0.09333172 0.57352221
1403636688.513555527 -3.954637 5.087396 -1.029911 0.13194305 -0.80356523 0.09080144 0.57326176
1403636688.563555717 -3.932489 5.070935 -1.041786 0.13448370 -0.80351095 0.08664298 0.57339104
1403636688.613555431 -3.908234 5.055943 -1.056013 0.13754649 -0.80356532 0.08263456 0.57317996
1403636688.663555622 -3.885895 5.040831 -1.070434 0.13955151 -0.80336747 0.08036704 0.57329505
1403636688.713555574 -3.864679 5.026467 -1.086016 0.14077934 -0.80311902 0.07955985 0.57345554
1403636688.763555765 -3.835523 5.006402 -1.102016 0.14210975 -0.80307012 0.07829859 0.57336946
1403636688.813555479 -3.812852 4.989842 -1.115994 0.14188890 -0.80314111 0.08046214 0.57302508
1403636688.863555670 -3.789876 4.971580 -1.129314 0.14396888 -0.80363709 0.08158924 0.57164989
1403636688.913555622 -3.766737 4.956029 -1.143617 0.14564309 -0.80406994 0.08564718 0.57002122
1403636688.963555574 -3.744499 4.934522 -1.152665 0.14707624 -0.80484776 0.08932833 0.56798690
1403636689.013555527 -3.718430 4.916814 -1.160371 0.14834309 -0.80529885 0.09329484 0.56637811
1403636689.063555717 -3.695973 4.895445 -1.165263 0.14950090 -0.80576932 0.09759068 0.56467809
1403636689.113555431 -3.673714 4.873827 -1.169043 0.15052742 -0.80646147 0.10190292 0.56265192
1403636689.163555622 -3.652268 4.851786 -1.170552 0.15178747 -0.80724110 0.10563131 0.56050370
1403636689.213555574 -3.630531 4.829322 -1.170512 0.15381549 -0.80772043 0.10780529 0.55884391
1403636689.263555765 -3.615834 4.800577 -1.171711 0.15514329 -0.80805267 0.11037141 0.55749403
1403636689.313555479 -3.595316 4.778518 -1.171668 0.15669106 -0.80861659 0.11223456 0.55586917
1403636689.363555670 -3.577066 4.756563 -1.165165 0.15813165 -0.80822882 0.11350570 0.55576705
1403636689.413555622 -3.559424 4.732087 -1.158106 0.15994569 -0.80778847 0.11419603 0.55574673
1403636689.463555574 -3.542196 4.709958 -1.147935 0.16039528 -0.80742996 0.11564573 0.55583836
1403636689.513555527 -3.524955 4.687739 -1.136064 0.16129458 -0.80772224 0.11640849 0.55499360
1403636689.563555717 -3.508421 4.666388 -1.122488 0.16147098 -0.80862408 0.11770828 0.55335250
1403636689.613555431 -3.494684 4.643041 -1.107717 0.16127424 -0.81021509 0.11846881 0.55091493
1403636689.663555622 -3.479197 4.622345 -1.093009 0.16009948 -0.81207187 0.12070181 0.54803148
1403636689.713555574 -3.461920 4.602978 -1.079969 0.15781910 -0.81444677 0.12349245 0.54453577
1403636689.763555765 -3.449411 4.581709 -1.068404 0.15457691 -0.81746840 0.12686786 0.54014437
1403636689.813555479 -3.447032 4.557466 -1.056757 0.15214976 -0.81920296 0.12962769 0.53754406
1403636689.863555670 -3.446644 4.528729 -1.052715 0.14928013 -0.81931266 0.13220383 0.53755404
1403636689.913555622 -3.444190 4.508274 -1.043688 0.14436880 -0.81898439 0.13764672 0.53802937
1403636689.963555574 -3.440234 4.490027 -1.035425 0.14136081 -0.81787256 0.14015889 0.53986765
1403636690.013555527 -3.439992 4.472337 -1.029116 0.14030990 -0.81727598 0.13996351 0.54109456
1403636690.063555717 -3.439838 4.456912 -1.023154 0.14063108 -0.81700669 0.13804708 0.54190956
1403636690.113555431 -3.442833 4.442507 -1.018388 0.14348198 -0.81769657 0.13315501 0.54134554
1403636690.163555622 -3.446322 4.429250 -1.014029 0.14655726 -0.81789239 0.12728345 0.54163819
1403636690.213555574 -3.441168 4.426657 -1.010104 0.14914454 -0.81793810 0.12288873 0.54187778
1403636690.263555765 -3.447849 4.414389 -1.002812 0.15006130 -0.81763320 0.12075166 0.54256483
1403636690.313555479 -3.457153 4.403825 -0.994792 0.15151612 -0.81714770 0.11842636 0.54340381
1403636690.363555670 -3.467310 4.391888 -0.984903 0.15210759 -0.81690531 0.11644201 0.54403149
1403636690.413555622 -3.486476 4.379155 -0.972002 0.15240072 -0.81672158 0.11582375 0.54435718
1403636690.463555574 -3.498973 4.368930 -0.964924 0.15165537 -0.81607715 0.11705218 0.54526830
1403636690.513555527 -3.518696 4.358900 -0.954264 0.14887889 -0.81542282 0.12074551 0.54620622
1403636690.563555717 -3.535100 4.347445 -0.946068 0.14663082 -0.81479050 0.12384575 0.54706314
1403636690.613555431 -3.552477 4.336260 -0.940361 0.14243364 -0.81532951 0.12927825 0.54611133
1403636690.663555622 -3.573322 4.325010 -0.934291 0.13907109 -0.81466230 0.13400885 0.54683287
1403636690.713555574 -3.596702 4.313083 -0.931158 0.13407204 -0.81271398 0.14139546 0.54911566
1403636690.763555765 -3.615504 4.304079 -0.933255 0.12752516 -0.81130355 0.15008373 0.55045323
1403636690.813555479 -3.637723 4.299747 -0.935718 0.12302710 -0.80945183 0.15680236 0.55232697
1403636690.863555670 -3.659094 4.295389 -0.944431 0.11945573 -0.80649299 0.16184583 0.55597241
1403636690.913555622 -3.679703 4.292773 -0.955680 0.11657081 -0.80232422 0.16598333 0.56137031
1403636690.963555574 -3.702061 4.294375 -0.964953 0.11344252 -0.79720494 0.17041046 0.56793957
1403636691.013555527 -3.724988 4.298828 -0.975278 0.11134621 -0.79111174 0.17363404 0.57584325
1403636691.063555717 -3.747723 4.309052 -0.980385 0.11044399 -0.78551308 0.17556691 0.58305024
1403636691.113555431 -3.769552 4.317720 -0.984049 0.11096630 -0.78207201 0.17500751 0.58772631
1403636691.163555622 -3.791826 4.336685 -0.983690 0.11374595 -0.77754193 0.17193150 0.59407909
1403636691.213555574 -3.812418 4.358107 -0.982003 0.11964033 -0.77407373 0.16476972 0.59945558
1403636691.263555765 -3.829983 4.377106 -0.976245 0.12694460 -0.77133887 0.15479675 0.60411868
1403636691.313555479 -3.844302 4.407406 -0.971705 0.13425643 -0.77026156 0.14568988 0.60617391
1403636691.363555670 -3.856610 4.438718 -0.965198 0.14038707 -0.77090111 0.13852327 0.60565192
1403636691.413555622 -3.866861 4.474337 -0.957659 0.14493735 -0.77520581 0.13514460 0.59982086
1403636691.463555574 -3.876060 4.508188 -0.948201 0.14822442 -0.78062972 0.13266651 0.59249166
1403636691.513555527 -3.884011 4.544558 -0.937306 0.14993842 -0.78549899 0.13288474 0.58553518
1403636691.563555717 -3.891236 4.579922 -0.922558 0.15151818 -0.78835879 0.13295845 0.58125271
1403636691.613555431 -3.897995 4.617817 -0.906817 0.15414663 -0.79090329 0.13159332 0.57740281
1403636691.663555622 -3.904918 4.654647 -0.888209 0.15843026 -0.79239547 0.12660041 0.57531002
1403636691.713555574 -3.911203 4.691795 -0.869847 0.16322122 -0.79373990 0.12086880 0.57334679
1403636691.763555765 -3.913550 4.722972 -0.853382 0.16683860 -0.79379775 0.11660847 0.57310773
1403636691.813555479 -3.918965 4.761020 -0.839827 0.16794314 -0.79428941 0.11581170 0.57226487
1403636691.863555670 -3.922121 4.797386 -0.827035 0.16736156 -0.79497505 0.11704178 0.57123200
1403636691.913555622 -3.926608 4.834580 -0.816869 0.16577967 -0.79478853 0.11946158 0.57145185
1403636691.963555574 -3.929838 4.870693 -0.806538 0.16366193 -0.79233246 0.12276339 0.57476360
1403636692.013555527 -3.932551 4.910822 -0.800455 0.16172354 -0.78995787 0.12522996 0.57803938
1403636692.063555717 -3.934457 4.948034 -0.792987 0.16041475 -0.78979132 0.12695815 0.57825462
1403636692.113555431 -3.947226 4.987145 -0.797818 0.16187134 -0.79026236 0.12502918 0.57762512
1403636692.163555622 -3.949684 5.023375 -0.788652 0.16483615 -0.79022651 0.11990799 0.57792143
1403636692.213555574 -3.950040 5.059482 -0.777088 0.16636525 -0.79087978 0.11718636 0.57714741
1403636692.263555765 -3.948606 5.097040 -0.760473 0.16673390 -0.79170348 0.11586806 0.57617705
1403636692.313555479 -3.947592 5.132145 -0.744862 0.16583806 -0.79248799 0.11640152 0.57524882
1403636692.363555670 -3.945354 5.167175 -0.727890 0.16397965 -0.79326083 0.11837991 0.57431187
1403636692.413555622 -3.944052 5.202815 -0.711352 0.16371033 -0.79436391 0.11767506 0.57300740
1403636692.463555574 -3.941517 5.237303 -0.691341 0.16504232 -0.79487768 0.11477200 0.57250144
1403636692.513555527 -3.940540 5.271527 -0.671627 0.16693210 -0.79485517 0.11051632 0.57282203
1403636692.563555717 -3.939808 5.301492 -0.646347 0.16653068 -0.79497767 0.10989341 0.57288872
1403636692.613555431 -3.936769 5.335906 -0.621851 0.16519489 -0.79551784 0.11087879 0.57233548
1403636692.663555622 -3.935633 5.365048 -0.595424 0.16402143 -0.79592797 0.11080290 0.57211744
1403636692.713555574 -3.930182 5.394013 -0.566241 0.16556867 -0.79727419 0.10758077 0.57040973
1403636692.763555765 -3.928147 5.421892 -0.540231 0.16976981 -0.79896362 0.09987495 0.56820801
1403636692.813555479 -3.920060 5.451799 -0.512252 0.17476160 -0.80048630 0.09125842 0.56599644
1403636692.863555670 -3.915211 5.480087 -0.490812 0.17846038 -0.80139662 0.08513039 0.56450702
1403636692.913555622 -3.913714 5.505487 -0.470497 0.18113989 -0.80228108 0.08058439 0.56306267
1403636692.963555574 -3.908837 5.529125 -0.451461 0.18099453 -0.80319560 0.08062435 0.56179847
1403636693.013555527 -3.904352 5.551062 -0.433118 0.17875789 -0.80431224 0.08387582 0.56043936
1403636693.063555717 -3.899560 5.570083 -0.415891 0.17648763 -0.80396235 0.08730006 0.56113755
1403636693.113555431 -3.895453 5.587415 -0.400008 0.17435656 -0.80298268 0.09097496 0.56262080
1403636693.163555622 -3.891385 5.603499 -0.386063 0.17229028 -0.80255596 0.09474287 0.56324398
1403636693.213555574 -3.887585 5.619674 -0.373316 0.17136120 -0.80375463 0.09661649 0.56149719
1403636693.263555765 -3.883456 5.633227 -0.363291 0.17004909 -0.80599542 0.09918945 0.55822588
1403636693.313555479 -3.880419 5.646995 -0.353800 0.16830841 -0.80878698 0.10226240 0.55414646
1403636693.363555670 -3.876731 5.658513 -0.345948 0.16710556 -0.81129545 0.10479177 0.55035817
1403636693.413555622 -3.875193 5.669711 -0.338029 0.16587724 -0.81346749 0.10737004 0.54701651
1403636693.463555574 -3.873710 5.679671 -0.332492 0.16545882 -0.81616214 0.10900211 0.54279028
1403636693.513555527 -3.877799 5.688714 -0.325029 0.16410566 -0.81985481 0.11039438 0.53732718
1403636693.563555717 -3.879450 5.697569 -0.321291 0.16422230 -0.82348211 0.11058825 0.53167517
1403636693.613555431 -3.888790 5.704887 -0.321991 0.16466968 -0.82595679 0.11030829 0.52774175
1403636693.663555622 -3.897001 5.711432 -0.317320 0.16473019 -0.82740525 0.11026596 0.52545783
1403636693.713555574 -3.904109 5.719607 -0.313488 0.16471012 -0.82652268 0.11103913 0.52668885
1403636693.763555765 -3.914738 5.725182 -0.310719 0.16499397 -0.82321414 0.11163148 0.53163321
1403636693.813555479 -3.925033 5.731726 -0.308286 0.16513469 -0.82001086 0.11178365 0.53648591
1403636693.863555670 -3.938920 5.736108 -0.306821 0.16490780 -0.81592330 0.11285028 0.54253055
1403636693.913555622 -3.952423 5.742005 -0.304918 0.16367481 -0.81104935 0.11518292 0.54967481
1403636693.963555574 -3.960700 5.749394 -0.301057 0.16394829 -0.80628257 0.11571458 0.55645262
1403636694.013555527 -3.978477 5.752326 -0.292685 0.16274418 -0.80171977 0.11772810 0.56293857
1403636694.063555717 -3.995092 5.752450 -0.291189 0.16248715 -0.79824660 0.11827964 0.56781178
1403636694.113555431 -4.032923 5.791153 -0.272360 0.16343610 -0.79641863 0.11954189 0.56983835
1403636694.163555622 -4.041919 5.794392 -0.270496 0.16356933 -0.79439551 0.11970436 0.57258337
1403636694.213555574 -4.059892 5.791724 -0.273616 0.16339120 -0.79352556 0.11980715 0.57381770
1403636694.263555765 -4.057197 5.801749 -0.264845 0.16444857 -0.79348803 0.11921706 0.57369043
1403636694.313555479 -4.069871 5.806171 -0.260408 0.16471590 -0.79453250 0.11928057 0.57215288
1403636694.363555670 -4.082046 5.809566 -0.255767 0.16410882 -0.79623900 0.11996808 0.56980647
1403636694.413555622 -4.094224 5.813062 -0.250628 0.16488053 -0.79810082 0.11958102 0.56705368
1403636694.463555574 -4.106121 5.816565 -0.246438 0.16476170 -0.79938656 0.11899956 0.56539705
1403636694.513555527 -4.118137 5.819821 -0.243083 0.16541971 -0.80028448 0.11773007 0.56419917
1403636694.563555717 -4.130188 5.822925 -0.241229 0.16550492 -0.80091926 0.11755533 0.56330916
1403636694.613555431 -4.142297 5.826510 -0.239953 0.16535299 -0.80144173 0.11703005 0.56271975
1403636694.663555622 -4.156249 5.827039 -0.243785 0.16546937 -0.80161008 0.11607164 0.56264424
1403636694.713555574 -4.168939 5.829263 -0.245655 0.16549361 -0.80081617 0.11563008 0.56385726
1403636694.763555765 -4.181062 5.831608 -0.249334 0.16347791 -0.79978624 0.11730861 0.56555781
1403636694.813555479 -4.191944 5.833559 -0.252275 0.16246739 -0.79877200 0.11733272 0.56727478
1403636694.863555670 -4.203217 5.835764 -0.258440 0.15852678 -0.79948445 0.12253946 0.56628434
1403636694.913555622 -4.216433 5.840579 -0.264895 0.15513116 -0.79999016 0.12626771 0.56569120
1403636694.963555574 -4.227452 5.845762 -0.270209 0.15192844 -0.80070987 0.12983023 0.56473495
1403636695.013555527 -4.239188 5.851805 -0.277267 0.15039197 -0.80136471 0.13119449 0.56390146
1403636695.063555717 -4.251119 5.856805 -0.284117 0.15120904 -0.80205472 0.12880420 0.56325263
1403636695.113555431 -4.261182 5.862759 -0.288597 0.15240147 -0.80183056 0.12560641 0.56397214
1403636695.163555622 -4.273213 5.868401 -0.292545 0.15284536 -0.80208961 0.12325895 0.56400159
1403636695.213555574 -4.285374 5.874382 -0.293978 0.15390109 -0.80176855 0.11993903 0.56488607
1403636695.263555765 -4.297090 5.881530 -0.294365 0.15496734 -0.80109899 0.11691533 0.56617695
1403636695.313555479 -4.313931 5.889483 -0.307630 0.15528050 -0.80074721 0.11489663 0.56700145
1403636695.363555670 -4.325656 5.897182 -0.304783 0.15553855 -0.80041178 0.11276201 0.56783225
1403636695.413555622 -4.342157 5.890822 -0.298272 0.15571237 -0.80040024 0.11156116 0.56803804
1403636695.463555574 -4.353795 5.895873 -0.292851 0.15574718 -0.80006707 0.11011681 0.56877920
1403636695.513555527 -4.366224 5.899971 -0.285929 0.15676834 -0.79969370 0.10741700 0.56953952
1403636695.563555717 -4.376369 5.905773 -0.282566 0.15699618 -0.79904521 0.10612844 0.57062746
1403636695.613555431 -4.390315 5.914694 -0.279466 0.15769158 -0.79867963 0.10409468 0.57132172
1403636695.663555622 -4.356275 5.924473 -0.271659 0.15847715 -0.79748167 0.10104274 0.57332219
1403636695.713555574 -4.350700 5.930833 -0.262736 0.15782903 -0.79726670 0.10058573 0.57388005
1403636695.763555765 -4.355274 5.935709 -0.263994 0.15550535 -0.79807587 0.10269889 0.57301478
1403636695.813555479 -4.362457 5.943520 -0.265144 0.15536161 -0.79842545 0.10299441 0.57251351
1403636695.863555670 -4.343597 5.946953 -0.271373 0.15412339 -0.79809648 0.10333489 0.57324505
1403636695.913555622 -4.348569 5.954700 -0.274317 0.15392374 -0.79895614 0.10319965 0.57212447
1403636695.963555574 -4.349425 5.959092 -0.280182 0.15293895 -0.80037197 0.10405110 0.57025237
1403636696.013555527 -4.355930 5.967585 -0.284557 0.15189815 -0.80208691 0.10521487 0.56790261
1403636696.063555717 -4.356638 5.971826 -0.292184 0.15185155 -0.80431990 0.10424005 0.56492887
1403636696.113555431 -4.406651 5.984582 -0.266837 0.15356816 -0.80768078 0.10223754 0.56001435
1403636696.163555622 -4.411005 5.988348 -0.273598 0.15531517 -0.80842855 0.09888510 0.55905474
1403636696.213555574 -4.415753 5.992424 -0.280514 0.15621564 -0.80924929 0.09662803 0.55801011
1403636696.263555765 -4.420617 5.995916 -0.288150 0.15689091 -0.80744642 0.09516319 0.56067770
1403636696.313555479 -4.426731 5.998508 -0.296579 0.15601421 -0.80546582 0.09650820 0.56353397
1403636696.363555670 -4.431402 5.999526 -0.304112 0.15447037 -0.80082266 0.09777020 0.57031829
1403636696.413555622 -4.465205 5.981562 -0.292457 0.15413429 -0.79616762 0.10148390 0.57624713
1403636696.463555574 -4.469682 5.980825 -0.298008 0.15110835 -0.79370727 0.10517170 0.57977060
1403636696.513555527 -4.474141 5.978906 -0.301644 0.15046167 -0.79284774 0.10545642 0.58106169
1403636696.563555717 -4.475896 5.978360 -0.304345 0.14935899 -0.79373753 0.10610737 0.58001194
1403636696.613555431 -4.478873 5.978777 -0.305138 0.14912396 -0.79428169 0.10628553 0.57929443
1403636696.663555622 -4.477728 5.978892 -0.305334 0.14782288 -0.79555345 0.10734622 0.57768495
1403636696.713555574 -4.479660 5.980167 -0.303802 0.14773003 -0.79593624 0.10758449 0.57713683
1403636696.763555765 -4.477286 5.983031 -0.304322 0.14756701 -0.79709981 0.10761722 0.57556442
1403636696.813555479 -4.477766 5.984561 -0.304876 0.14808649 -0.79747150 0.10641277 0.57513992
1403636696.863555670 -4.474073 5.986106 -0.307417 0.14865301 -0.79805324 0.10565149 0.57432662
1403636696.913555622 -4.474441 5.987717 -0.309892 0.14987196 -0.79811822 0.10384728 0.57424859
1403636696.963555574 -4.470295 5.989054 -0.314431 0.15380032 -0.79741784 0.09813029 0.57518754
1403636697.013555527 -4.467983 5.989119 -0.319033 0.15788907 -0.79705023 0.09196426 0.57560798
1403636697.063555717 -4.462952 5.989089 -0.323616 0.16155575 -0.79622509 0.08647092 0.57658315
1403636697.113555431 -4.459801 5.987926 -0.327193 0.16582565 -0.79581651 0.07968903 0.57691212
1403636697.163555622 -4.452743 5.985498 -0.328697 0.16871512 -0.79540597 0.07503102 0.57726501
1403636697.213555574 -4.447372 5.981780 -0.323214 0.17031182 -0.79451026 0.07229734 0.57837740
1403636697.263555765 -4.438116 5.975147 -0.320098 0.17050071 -0.79424558 0.07107522 0.57883658
1403636697.313555479 -4.429946 5.965239 -0.315273 0.16871283 -0.79622537 0.07368995 0.57630802
1403636697.363555670 -4.418657 5.954276 -0.308939 0.16457973 -0.79831368 0.07870646 0.57394606
1403636697.413555622 -4.409073 5.941075 -0.299449 0.16094619 -0.80064363 0.08421708 0.57094096
1403636697.463555574 -4.398299 5.927837 -0.287698 0.15783152 -0.80290630 0.08886528 0.56792045
1403636697.513555527 -4.386266 5.911492 -0.275641 0.15503396 -0.80484868 0.09177997 0.56547282
1403636697.563555717 -4.374112 5.896126 -0.261184 0.15233777 -0.80601527 0.09189701 0.56452416
1403636697.613555431 -4.361140 5.881290 -0.247564 0.14935143 -0.80657642 0.08926042 0.56494355
1403636697.663555622 -4.349481 5.865594 -0.234243 0.14452103 -0.80719761 0.08484823 0.56599158
1403636697.713555574 -4.335371 5.852881 -0.221775 0.13716082 -0.80853219 0.08019945 0.56659568
1403636697.763555765 -4.323264 5.836910 -0.212046 0.12884643 -0.81067031 0.07323837 0.56643481
1403636697.813555479 -4.314067 5.819431 -0.204532 0.11972183 -0.81189230 0.06665876 0.56749818
1403636697.863555670 -4.302276 5.802084 -0.197625 0.11079941 -0.81290400 0.06107227 0.56848988
1403636697.913555622 -4.293501 5.786202 -0.191296 0.10212901 -0.81405177 0.05616341 0.56897720
1403636697.963555574 -4.283087 5.768513 -0.186816 0.09399900 -0.81481252 0.05238565 0.56964944
1403636698.013555527 -4.281304 5.754780 -0.179668 0.08758035 -0.81595779 0.04919820 0.56931722
1403636698.063555717 -4.270597 5.734890 -0.177675 0.08238450 -0.81592390 0.04596375 0.57041065
1403636698.113555431 -4.259685 5.714718 -0.177540 0.07732974 -0.81667552 0.04398228 0.57019888
1403636698.163555622 -4.249447 5.693626 -0.178289 0.07314523 -0.81695745 0.04255767 0.57045521
1403636698.213555574 -4.239147 5.672899 -0.180417 0.06921324 -0.81685163 0.04055045 0.57124303
1403636698.263555765 -4.229251 5.651692 -0.183632 0.06421065 -0.81732988 0.03789994 0.57132517
1403636698.313555479 -4.219685 5.630511 -0.187851 0.05916048 -0.81786837 0.03323303 0.57139035
1403636698.363555670 -4.209780 5.608697 -0.192523 0.05280293 -0.81789917 0.02828617 0.57223483
1403636698.413555622 -4.200564 5.584790 -0.199232 0.04572932 -0.81872467 0.02238189 0.57192464
1403636698.463555574 -4.193483 5.566553 -0.207832 0.03719210 -0.81981011 0.01683511 0.57117835
1403636698.513555527 -4.170639 5.577473 -0.202316 0.02987762 -0.82037514 0.01016169 0.57095420
1403636698.563555717 -4.162461 5.555662 -0.211151 0.02020577 -0.82078508 0.00353524 0.57086870
1403636698.613555431 -4.150895 5.530085 -0.220169 0.00977491 -0.82095967 -0.00355332 0.57089144
1403636698.663555622 -4.141053 5.504537 -0.229567 -0.00161801 -0.82131906 -0.01000876 0.57037901
1403636698.713555574 -4.128195 5.481668 -0.239483 -0.01297974 -0.82124177 -0.01697294 0.57018015
1403636698.763555765 -4.142975 5.457007 -0.275087 -0.02485263 -0.82080350 -0.02460159 0.57013921
1403636698.813555479 -4.137294 5.434094 -0.294080 -0.03723599 -0.82044528 -0.03205383 0.56961002
1403636698.863555670 -4.130457 5.409469 -0.307153 -0.05091889 -0.81971923 -0.03855680 0.56919331
1403636698.913555622 -4.124399 5.385388 -0.319536 -0.06305078 -0.81876589 -0.04685015 0.56872848
1403636698.963555574 -4.106790 5.364828 -0.332384 -0.07625419 -0.81773751 -0.05344622 0.56800895
1403636699.013555527 -4.101412 5.340311 -0.340675 -0.08852216 -0.81639306 -0.06046277 0.56745964
1403636699.063555717 -4.097354 5.315658 -0.349311 -0.10151554 -0.81481153 -0.06695181 0.56682821
1403636699.113555431 -4.096447 5.278818 -0.361374 -0.11475786 -0.81262542 -0.07371247 0.56660130
1403636699.163555622 -4.090686 5.254479 -0.364537 -0.12972551 -0.81014171 -0.07797688 0.56635793
1403636699.213555574 -4.084850 5.231802 -0.367506 -0.14374141 -0.80819079 -0.08414586 0.56487656
1403636699.263555765 -4.078727 5.209429 -0.368791 -0.15848855 -0.80567951 -0.09030386 0.56356643
1403636699.313555479 -4.069302 5.191164 -0.371104 -0.17396435 -0.80360078 -0.09517207 0.56116350
1403636699.363555670 -4.066451 5.163159 -0.368361 -0.18797216 -0.80114098 -0.10206716 0.55894712
1403636699.413555622 -4.059648 5.144544 -0.364316 -0.20174014 -0.79842908 -0.10737808 0.55702950
1403636699.463555574 -4.054827 5.126850 -0.361232 -0.21435030 -0.79600611 -0.11329833 0.55460950
1403636699.513555527 -4.047132 5.111663 -0.358150 -0.22627166 -0.79310149 -0.12054218 0.55250407
1403636699.563555717 -4.042090 5.096707 -0.356418 -0.23826437 -0.78983856 -0.12645966 0.55081130
1403636699.613555431 -4.044085 5.077906 -0.346182 -0.24982457 -0.78677606 -0.13248686 0.54865140
1403636699.663555622 -4.039034 5.066838 -0.346273 -0.26178268 -0.78297279 -0.13848454 0.54703334
1403636699.713555574 -4.033133 5.057377 -0.348361 -0.27232183 -0.77889083 -0.14631581 0.54567534
1403636699.763555765 -4.026099 5.048907 -0.351186 -0.27915693 -0.77607687 -0.15589828 0.54357320
1403636699.813555479 -4.020325 5.041079 -0.355042 -0.28433495 -0.77317536 -0.16541490 0.54220974
1403636699.863555670 -4.014643 5.034177 -0.359223 -0.28814761 -0.77018419 -0.17335574 0.54197330
1403636699.913555622 -4.001536 5.015876 -0.362179 -0.29130526 -0.76737323 -0.17944640 0.54229011
1403636699.963555574 -3.994915 5.008883 -0.367415 -0.29462611 -0.76483223 -0.18246200 0.54307893
1403636700.013555527 -3.988202 5.002315 -0.373864 -0.29759371 -0.76336263 -0.18447129 0.54284973
1403636700.063555717 -3.980878 4.995901 -0.381265 -0.29943329 -0.76240800 -0.18566931 0.54277127
1403636700.113555431 -3.964134 4.990212 -0.388977 -0.30117850 -0.76121832 -0.18600284 0.54336096
1403636700.163555622 -3.955208 4.985056 -0.398095 -0.30190822 -0.76058211 -0.18724132 0.54342153
1403636700.213555574 -3.949913 4.978010 -0.405509 -0.30220345 -0.76042180 -0.18736054 0.54344070
1403636700.263555765 -3.933282 4.974300 -0.418829 -0.30362680 -0.76019822 -0.18745102 0.54292867
1403636700.313555479 -3.929346 4.981583 -0.430647 -0.30658771 -0.76042816 -0.18751979 0.54091525
1403636700.363555670 -3.919347 4.982471 -0.445498 -0.31083572 -0.75979572 -0.18694208 0.53957786
1403636700.413555622 -3.903633 4.985221 -0.459611 -0.31564362 -0.75850974 -0.18798348 0.53823256
1403636700.463555574 -3.888931 4.999982 -0.481641 -0.31872955 -0.75618257 -0.19185394 0.53832282
1403636700.513555527 -3.878541 5.003382 -0.500449 -0.32092464 -0.75364049 -0.19589965 0.53912587
1403636700.563555717 -3.866211 5.005858 -0.519270 -0.32260841 -0.75124430 -0.20134926 0.53945741
1403636700.613555431 -3.850363 5.008149 -0.534836 -0.32479989 -0.74803969 -0.20755809 0.54024188
1403636700.663555622 -3.835237 5.012651 -0.554664 -0.32782388 -0.74548437 -0.21474551 0.53913721
1403636700.713555574 -3.822932 5.022275 -0.575699 -0.33201780 -0.74276912 -0.21970374 0.53832005
1403636700.763555765 -3.808300 5.025930 -0.593924 -0.33483650 -0.74058662 -0.22478709 0.53748184
1403636700.813555479 -3.798823 5.039784 -0.610011 -0.33794618 -0.73966527 -0.22801293 0.53544167
1403636700.863555670 -3.777681 5.033839 -0.627030 -0.34085879 -0.73983138 -0.22996720 0.53252222
1403636700.913555622 -3.762360 5.037349 -0.640472 -0.34351689 -0.74041779 -0.23101217 0.52953850
1403636700.963555574 -3.747055 5.040347 -0.651535 -0.34553222 -0.74180102 -0.23158614 0.52602909
1403636701.013555527 -3.732233 5.044357 -0.660704 -0.34730585 -0.74308805 -0.23112657 0.52323924
1403636701.063555717 -3.716867 5.044656 -0.671210 -0.34836138 -0.74552234 -0.23034646 0.51940476
1403636701.113555431 -3.702153 5.047728 -0.677065 -0.34974108 -0.74820447 -0.22853163 0.51540716
1403636701.163555622 -3.701424 5.045188 -0.686587 -0.34897789 -0.74962906 -0.22903696 0.51362708
1403636701.213555574 -3.688816 5.051904 -0.686530 -0.34863883 -0.75149237 -0.22794013 0.51161849
1403636701.263555765 -3.676316 5.057285 -0.684068 -0.34770918 -0.75221826 -0.22730035 0.51146903
1403636701.313555479 -3.663869 5.065163 -0.680734 -0.34686715 -0.75350110 -0.22655025 0.51048433
1403636701.363555670 -3.652485 5.071877 -0.674457 -0.34594882 -0.75338686 -0.22609751 0.51147587
1403636701.413555622 -3.642996 5.081345 -0.667557 -0.34375662 -0.75322827 -0.22660536 0.51296060
1403636701.463555574 -3.633423 5.089396 -0.661258 -0.34140981 -0.75240205 -0.22692694 0.51559156
1403636701.513555527 -3.624717 5.100203 -0.654396 -0.33878161 -0.75061807 -0.22817296 0.51936175
1403636701.563555717 -3.616057 5.109055 -0.647997 -0.33617050 -0.74920538 -0.22877723 0.52282088
1403636701.613555431 -3.608976 5.121798 -0.640746 -0.33393453 -0.74852591 -0.22884714 0.52519109
1403636701.663555622 -3.601127 5.131064 -0.635109 -0.33123751 -0.74816006 -0.22975746 0.52701967
1403636701.713555574 -3.593499 5.142825 -0.629873 -0.33099680 -0.74717636 -0.22986970 0.52851540
1403636701.763555765 -3.585472 5.152252 -0.625732 -0.33240904 -0.74635773 -0.23026420 0.52861400
1403636701.813555479 -3.587109 5.197915 -0.618596 -0.33646980 -0.74524399 -0.23056632 0.52748332
1403636701.863555670 -3.578587 5.209345 -0.617651 -0.34057499 -0.74368051 -0.23391640 0.52557691
1403636701.913555622 -3.567592 5.278248 -0.631651 -0.34667478 -0.74193355 -0.23456883 0.52376394
1403636701.963555574 -3.536700 5.339673 -0.641991 -0.35124591 -0.73923182 -0.23714809 0.52337693
1403636702.013555527 -3.526511 5.350408 -0.646710 -0.35901187 -0.73585634 -0.24148681 0.52087430
1403636702.063555717 -3.516200 5.363813 -0.651952 -0.36741770 -0.73167179 -0.24616321 0.51871408
1403636702.113555431 -3.499060 5.378570 -0.668216 -0.37599514 -0.72665463 -0.25153345 0.51704123
1403636702.163555622 -3.487566 5.394549 -0.676128 -0.38438246 -0.72151455 -0.25766195 0.51505067
1403636702.213555574 -3.478451 5.407151 -0.686324 -0.39284528 -0.71727425 -0.26297964 0.51189055
1403636702.263555765 -3.465903 5.417829 -0.695764 -0.39998767 -0.71425430 -0.26772497 0.50810825
1403636702.313555479 -3.452160 5.443080 -0.705672 -0.40611547 -0.71272771 -0.27114043 0.50355963
1403636702.363555670 -3.452957 5.455337 -0.722469 -0.41047616 -0.71164420 -0.27482239 0.49954430
1403636702.413555622 -3.442324 5.469667 -0.735994 -0.41347347 -0.71104546 -0.27924255 0.49545701
1403636702.463555574 -3.432221 5.484222 -0.750526 -0.41690988 -0.71062724 -0.28198748 0.49160771
1403636702.513555527 -3.424952 5.497734 -0.767264 -0.41874634 -0.71028184 -0.28521436 0.48867574
1403636702.563555717 -3.416170 5.512422 -0.784537 -0.42042180 -0.70999860 -0.28723020 0.48646306
1403636702.613555431 -3.414145 5.528338 -0.803459 -0.42206774 -0.71038191 -0.28865351 0.48362745
1403636702.663555622 -3.407339 5.544124 -0.822552 -0.42323919 -0.71121627 -0.28945157 0.48089270
1403636702.713555574 -3.406320 5.568635 -0.841921 -0.42335657 -0.71182886 -0.29071169 0.47911960
1403636702.763555765 -3.405824 5.582562 -0.867259 -0.42434639 -0.71182979 -0.29030137 0.47849097
1403636702.813555479 -3.402325 5.599331 -0.889978 -0.42421947 -0.71330108 -0.29067870 0.47617780
1403636702.863555670 -3.404131 5.615926 -0.914726 -0.42433689 -0.71407733 -0.29049796 0.47501863
1403636702.913555622 -3.404774 5.638362 -0.938203 -0.42519143 -0.71430442 -0.28963345 0.47444063
1403636702.963555574 -3.408869 5.658345 -0.959062 -0.42476868 -0.71432702 -0.28944618 0.47489935
1403636703.013555527 -3.410420 5.660042 -0.985908 -0.42478807 -0.71272499 -0.28873394 0.47771424
1403636703.063555717 -3.412280 5.679316 -1.002848 -0.42449427 -0.71133703 -0.28857526 0.48013391
1403636703.113555431 -3.415910 5.699050 -1.018045 -0.42539807 -0.70847798 -0.28663978 0.48469895
1403636703.163555622 -3.419226 5.719216 -1.029979 -0.42600169 -0.70396641 -0.28486705 0.49173633
1403636703.213555574 -3.422735 5.739721 -1.040297 -0.42725919 -0.70082084 -0.28188263 0.49683187
1403636703.263555765 -3.426338 5.761094 -1.048979 -0.42936534 -0.69706236 -0.27846962 0.50219931
1403636703.313555479 -3.427250 5.782454 -1.056594 -0.43074220 -0.69392305 -0.27567395 0.50688838
1403636703.363555670 -3.421909 5.798620 -1.068242 -0.43002289 -0.69276457 -0.27605563 0.50887214
1403636703.413555622 -3.419590 5.819018 -1.074112 -0.42769069 -0.69326569 -0.27936129 0.50835089
1403636703.463555574 -3.418095 5.840449 -1.076533 -0.42474333 -0.69585648 -0.28339367 0.50503950
1403636703.513555527 -3.414213 5.860563 -1.076590 -0.42144215 -0.69915200 -0.28765638 0.50082612
1403636703.563555717 -3.411621 5.881698 -1.075559 -0.41907064 -0.70144050 -0.29089923 0.49773352
1403636703.613555431 -3.403017 5.927488 -1.097208 -0.41853319 -0.70374440 -0.29057207 0.49511783
1403636703.663555622 -3.400007 5.949560 -1.095268 -0.41805049 -0.70529270 -0.29041699 0.49341054
1403636703.713555574 -3.396369 5.971699 -1.094186 -0.41796659 -0.70614628 -0.29000455 0.49250252
1403636703.763555765 -3.393622 5.993459 -1.093535 -0.41759304 -0.70558247 -0.28938244 0.49399113
1403636703.813555479 -3.390730 6.015553 -1.094974 -0.41763637 -0.70452739 -0.28838056 0.49604201
1403636703.863555670 -3.396602 6.035941 -1.094851 -0.41786032 -0.70303896 -0.28698493 0.49876711
1403636703.913555622 -3.394459 6.057626 -1.098394 -0.41786736 -0.70179931 -0.28537824 0.50142182
1403636703.963555574 -3.393892 6.077814 -1.102526 -0.41763973 -0.70141370 -0.28473104 0.50251778
1403636704.013555527 -3.389419 6.097635 -1.106861 -0.41798052 -0.70063289 -0.28261984 0.50451151
1403636704.063555717 -3.386508 6.117893 -1.113158 -0.41797155 -0.70037451 -0.28114627 0.50569962
1403636704.113555431 -3.383039 6.138070 -1.119396 -0.41790786 -0.70161769 -0.27989597 0.50472159
1403636704.163555622 -3.375780 6.158180 -1.128118 -0.41782885 -0.70347816 -0.27919851 0.50257906
1403636704.213555574 -3.371397 6.154782 -1.130296 -0.41692654 -0.70634567 -0.27887368 0.49947725
1403636704.263555765 -3.367211 6.173986 -1.140460 -0.41654055 -0.70882704 -0.27865676 0.49639561
1403636704.313555479 -3.363787 6.194184 -1.147529 -0.41569739 -0.71083691 -0.27915874 0.49394024
1403636704.363555670 -3.358703 6.206263 -1.152148 -0.41455125 -0.71267458 -0.27991985 0.49182017
1403636704.413555622 -3.356294 6.226998 -1.156794 -0.41466193 -0.71374943 -0.27894052 0.49072336
1403636704.463555574 -3.353571 6.249789 -1.160403 -0.41391993 -0.71559365 -0.27950920 0.48833454
1403636704.513555527 -3.350231 6.267819 -1.161184 -0.41346363 -0.71726676 -0.27995856 0.48600352
1403636704.563555717 -3.348717 6.288999 -1.159817 -0.41389120 -0.71861784 -0.27916310 0.48409755
1403636704.613555431 -3.349123 6.311794 -1.157404 -0.41370201 -0.71996833 -0.27887649 0.48241492
1403636704.663555622 -3.349580 6.334470 -1.156670 -0.41389819 -0.72109313 -0.27859462 0.48072657
1403636704.713555574 -3.352726 6.360010 -1.157793 -0.41367436 -0.72400466 -0.27805546 0.47683954
1403636704.763555765 -3.355025 6.384450 -1.160225 -0.41332039 -0.72589111 -0.27745921 0.47462063
1403636704.813555479 -3.358295 6.410864 -1.164786 -0.41427097 -0.72779696 -0.27542722 0.47204977
1403636704.863555670 -3.362448 6.437006 -1.170637 -0.41490154 -0.72972622 -0.27341963 0.46967868
1403636704.913555622 -3.368267 6.465342 -1.177779 -0.41530293 -0.73139838 -0.27141815 0.46788040
1403636704.963555574 -3.373412 6.520824 -1.188416 -0.41671569 -0.73285083 -0.27040659 0.46492792
1403636705.013555527 -3.382248 6.550747 -1.198494 -0.41626848 -0.73424899 -0.26999789 0.46335743
1403636705.063555717 -3.391988 6.584129 -1.208188 -0.41488599 -0.73497809 -0.27114990 0.46276836
1403636705.113555431 -3.417840 6.618268 -1.219207 -0.41315724 -0.73288992 -0.27340483 0.46628666
1403636705.163555622 -3.429811 6.645798 -1.231977 -0.40982893 -0.72897493 -0.27759750 0.47283763
1403636705.213555574 -3.448747 6.688796 -1.242032 -0.40583930 -0.72516805 -0.28161178 0.47970884
1403636705.263555765 -3.475505 6.717135 -1.251113 -0.40237862 -0.72234096 -0.28506011 0.48482545
1403636705.313555479 -3.484916 6.751906 -1.259188 -0.40122412 -0.72015736 -0.28664771 0.48808367
1403636705.363555670 -3.505626 6.789317 -1.270366 -0.40028305 -0.71902258 -0.28726943 0.49015945
1403636705.413555622 -3.524629 6.825897 -1.274171 -0.40090826 -0.71994902 -0.28633312 0.48883465
1403636705.463555574 -3.544576 6.862313 -1.277612 -0.40228511 -0.72087825 -0.28484983 0.48719792
1403636705.513555527 -3.564925 6.899375 -1.281965 -0.40341318 -0.72273062 -0.28319920 0.48447546
1403636705.563555717 -3.586065 6.936079 -1.287990 -0.40404917 -0.72461238 -0.28215474 0.48173632
1403636705.613555431 -3.619259 6.976397 -1.297527 -0.40501107 -0.72497486 -0.28124530 0.48091430
1403636705.663555622 -3.642839 7.013179 -1.306102 -0.40556026 -0.72559621 -0.28107043 0.47961487
1403636705.713555574 -3.667949 7.051144 -1.314980 -0.40531551 -0.72434379 -0.28167969 0.48135429
1403636705.763555765 -3.693620 7.089494 -1.324952 -0.40534428 -0.72252119 -0.28208477 0.48382572
1403636705.813555479 -3.720766 7.128078 -1.334692 -0.40560655 -0.72031088 -0.28144778 0.48726042
1403636705.863555670 -3.744912 7.165202 -1.343766 -0.40589757 -0.71752303 -0.28134566 0.49117459
1403636705.913555622 -3.779003 7.189771 -1.339833 -0.40674029 -0.71415990 -0.28003966 0.49610055
1403636705.963555574 -3.806645 7.228820 -1.344094 -0.40814920 -0.71104313 -0.27755043 0.50079701
1403636706.013555527 -3.831027 7.267039 -1.346958 -0.41043473 -0.70767942 -0.27281951 0.50626345
1403636706.063555717 -3.856397 7.306003 -1.347071 -0.41311339 -0.70492019 -0.26783422 0.51057779
1403636706.113555431 -3.880212 7.346350 -1.346531 -0.41468192 -0.70210228 -0.26473527 0.51478785
1403636706.163555622 -3.899340 7.385130 -1.344514 -0.41211578 -0.70215829 -0.26715802 0.51552004
1403636706.213555574 -3.919667 7.423735 -1.347577 -0.40826077 -0.70388737 -0.27191536 0.51373900
1403636706.263555765 -3.933675 7.457577 -1.361796 -0.40482783 -0.70618119 -0.27561501 0.51133054
1403636706.313555479 -3.953972 7.494965 -1.367931 -0.40062920 -0.70944484 -0.28045753 0.50747200
1403636706.363555670 -3.973978 7.532440 -1.375835 -0.39805032 -0.71244140 -0.28310839 0.50381825
1403636706.413555622 -4.007939 7.568814 -1.396826 -0.39576392 -0.71544101 -0.28549204 0.50000937
1403636706.463555574 -4.029061 7.605336 -1.406767 -0.39441287 -0.71793385 -0.28664987 0.49683129
1403636706.513555527 -4.048311 7.642194 -1.415423 -0.39349219 -0.71941517 -0.28767053 0.49482460
1403636706.563555717 -4.069863 7.677515 -1.422607 -0.39340617 -0.72066420 -0.28813134 0.49280324
1403636706.613555431 -4.092363 7.712449 -1.427547 -0.39344655 -0.72123355 -0.28776608 0.49215106
1403636706.663555622 -4.114092 7.747727 -1.431386 -0.39377917 -0.72198276 -0.28794505 0.49067964
1403636706.713555574 -4.132847 7.785518 -1.434384 -0.39446733 -0.72316126 -0.28712447 0.48886895
1403636706.763555765 -4.149450 7.819954 -1.428571 -0.39683992 -0.72346117 -0.28486938 0.48782317
1403636706.813555479 -4.169535 7.853707 -1.431185 -0.39791882 -0.72470474 -0.28462219 0.48523589
1403636706.863555670 -4.198724 7.894735 -1.434300 -0.40151234 -0.72401332 -0.28500193 0.48308017
1403636706.913555622 -4.217709 7.914301 -1.426741 -0.40264075 -0.72315104 -0.28496372 0.48345495
1403636706.963555574 -4.240903 7.944964 -1.421556 -0.40335023 -0.72233173 -0.28616423 0.48337925
1403636707.013555527 -4.269433 7.982591 -1.416719 -0.40353955 -0.72045459 -0.28752644 0.48521084
1403636707.063555717 -4.297616 8.019614 -1.411671 -0.40328850 -0.71874365 -0.28977520 0.48661719
1403636707.113555431 -4.321398 8.083818 -1.420909 -0.40519029 -0.71627919 -0.29092205 0.48798495
1403636707.163555622 -4.350057 8.120456 -1.416652 -0.40634450 -0.71552243 -0.29175595 0.48763743
1403636707.213555574 -4.380066 8.158902 -1.411904 -0.40747552 -0.71503468 -0.29277584 0.48679710
1403636707.263555765 -4.409863 8.195532 -1.406124 -0.40859449 -0.71468698 -0.29378044 0.48576344
1403636707.313555479 -4.444446 8.227072 -1.403610 -0.40924920 -0.71501723 -0.29470116 0.48416596
1403636707.363555670 -4.475788 8.262765 -1.394476 -0.41027745 -0.71483465 -0.29520052 0.48326027
1403636707.413555622 -4.510272 8.298356 -1.381513 -0.41152330 -0.71471621 -0.29522449 0.48236066
1403636707.463555574 -4.543835 8.334569 -1.367748 -0.41173071 -0.71512052 -0.29578676 0.48123867
1403636707.513555527 -4.581282 8.372132 -1.357064 -0.41299928 -0.71482496 -0.29471582 0.48124781
1403636707.563555717 -4.616593 8.407921 -1.340399 -0.41417746 -0.71431550 -0.29381799 0.48154064
1403636707.613555431 -4.652266 8.442186 -1.323706 -0.41609871 -0.71423685 -0.29140425 0.48146771
1403636707.663555622 -4.688791 8.477270 -1.309993 -0.42015073 -0.71291508 -0.28571768 0.48331238
1403636707.713555574 -4.723329 8.515477 -1.300744 -0.42251821 -0.71208935 -0.28230439 0.48447017
1403636707.763555765 -4.759798 8.552426 -1.292776 -0.42442676 -0.71158356 -0.27908061 0.48541196
1403636707.813555479 -4.798613 8.592405 -1.287640 -0.42501082 -0.71062199 -0.27821424 0.48680493
1403636707.863555670 -4.835065 8.629813 -1.284303 -0.42460081 -0.70989837 -0.27768241 0.48851912
1403636707.913555622 -4.872552 8.669319 -1.283966 -0.42374035 -0.70903887 -0.27761539 0.49054836
1403636707.963555574 -4.908973 8.708920 -1.286689 -0.42203921 -0.70893760 -0.27835247 0.49174210
1403636708.013555527 -4.948111 8.749603 -1.294107 -0.41991208 -0.70931058 -0.27942807 0.49241475
1403636708.063555717 -4.984675 8.790189 -1.301088 -0.41737459 -0.70972983 -0.28102767 0.49305726
1403636708.113555431 -5.020609 8.829184 -1.310027 -0.41439383 -0.70991626 -0.28291309 0.49422347
1403636708.163555622 -5.057197 8.869976 -1.319298 -0.41199793 -0.71011997 -0.28440709 0.49507569
1403636708.213555574 -5.094675 8.910365 -1.328944 -0.41123591 -0.70943543 -0.28362760 0.49713358
1403636708.263555765 -5.123587 8.946737 -1.339200 -0.41197307 -0.70771707 -0.28116933 0.50035842
1403636708.313555479 -5.160071 8.985472 -1.354497 -0.41407742 -0.70466122 -0.27722262 0.50511393
1403636708.363555670 -5.196116 9.025085 -1.365534 -0.41743379 -0.70133803 -0.27151213 0.51005408
1403636708.413555622 -5.233326 9.064816 -1.380610 -0.41977794 -0.69877188 -0.26732703 0.51384881
1403636708.463555574 -5.264769 9.105393 -1.381485 -0.42154119 -0.69652039 -0.26464124 0.51684368
1403636708.513555527 -5.296886 9.145792 -1.390744 -0.42208214 -0.69531040 -0.26400358 0.51835531
1403636708.563555717 -5.326708 9.188725 -1.396421 -0.42091341 -0.69476162 -0.26537934 0.51933804
1403636708.613555431 -5.353363 9.229010 -1.402096 -0.41848773 -0.69537458 -0.26996629 0.51811235
1403636708.663555622 -5.379546 9.271996 -1.406731 -0.41505285 -0.69757227 -0.27580781 0.51483407
1403636708.713555574 -5.412910 9.305499 -1.423953 -0.41093276 -0.69866685 -0.28355437 0.51244104
1403636708.763555765 -5.436768 9.346911 -1.431880 -0.40702778 -0.70046207 -0.29035438 0.50928932
1403636708.813555479 -5.462247 9.386441 -1.441791 -0.40308954 -0.70124270 -0.29722304 0.50738148
1403636708.863555670 -5.486480 9.425969 -1.451751 -0.40256739 -0.70161838 -0.30014579 0.50555282
1403636708.913555622 -5.508724 9.462568 -1.460719 -0.40177371 -0.70054158 -0.30387746 0.50544818
1403636708.963555574 -5.534094 9.500267 -1.468946 -0.40176191 -0.69965650 -0.30706011 0.50475958
1403636709.013555527 -5.558459 9.531254 -1.475215 -0.40194312 -0.69755765 -0.30889093 0.50640048
1403636709.063555717 -5.582850 9.564547 -1.479891 -0.40120078 -0.69634112 -0.31282667 0.50624743
1403636709.113555431 -5.606449 9.594608 -1.483545 -0.40234323 -0.69501769 -0.31381288 0.50654892
1403636709.163555622 -5.631326 9.624547 -1.485160 -0.40336328 -0.69510566 -0.31524063 0.50472719
1403636709.213555574 -5.654434 9.649157 -1.485544 -0.40592164 -0.69580242 -0.31408710 0.50243001
1403636709.263555765 -5.679528 9.674518 -1.484499 -0.40706676 -0.69763923 -0.31427294 0.49882730
1403636709.313555479 -5.705566 9.698030 -1.484005 -0.40893776 -0.69908066 -0.31280529 0.49619451
1403636709.363555670 -5.731674 9.721432 -1.482209 -0.41040470 -0.70048338 -0.31142636 0.49386703
1403636709.413555622 -5.756819 9.739528 -1.480749 -0.41011970 -0.70167111 -0.31268397 0.49161796
1403636709.463555574 -5.783448 9.760639 -1.481364 -0.41092998 -0.70172811 -0.31178626 0.49143010
1403636709.513555527 -5.811061 9.782814 -1.479625 -0.41051447 -0.70292097 -0.31233619 0.48972042
1403636709.563555717 -5.839435 9.801867 -1.484616 -0.41088494 -0.70348721 -0.31159420 0.48906887
1403636709.613555431 -5.866103 9.817322 -1.490314 -0.41114683 -0.70434017 -0.31118713 0.48787886
1403636709.663555622 -5.890053 9.827072 -1.501119 -0.41104134 -0.70494686 -0.31070917 0.48739589
1403636709.713555574 -5.921765 9.844110 -1.507338 -0.41051520 -0.70565572 -0.31064185 0.48685616
1403636709.763555765 -5.952748 9.859323 -1.515595 -0.41055609 -0.70595768 -0.30903980 0.48740317
1403636709.813555479 -5.981316 9.873385 -1.521901 -0.40919170 -0.70643553 -0.30957084 0.48752117
1403636709.863555670 -6.013547 9.886706 -1.528528 -0.40924894 -0.70626816 -0.30830252 0.48851832
1403636709.913555622 -6.047777 9.901717 -1.533168 -0.40799361 -0.70669908 -0.30871049 0.48868748
1403636709.963555574 -6.081338 9.913554 -1.536219 -0.40693081 -0.70677749 -0.30873101 0.48944669
1403636710.013555527 -6.110413 9.921474 -1.521597 -0.40667754 -0.70709067 -0.30743638 0.49001941
1403636710.063555717 -6.127758 9.939132 -1.533744 -0.40571511 -0.70714464 -0.30683609 0.49111436
1403636710.113555431 -6.162656 9.950706 -1.533479 -0.40459863 -0.70719359 -0.30664172 0.49208538
1403636710.163555622 -6.186035 9.970000 -1.527763 -0.40305746 -0.70783179 -0.30604478 0.49280365
1403636710.213555574 -6.222981 9.970095 -1.526054 -0.40171744 -0.70796946 -0.30609092 0.49367063
1403636710.263555765 -6.258400 9.976659 -1.531915 -0.40152070 -0.70777870 -0.30404391 0.49536627
1403636710.313555479 -6.297929 9.994996 -1.535592 -0.40383622 -0.70572304 -0.29859638 0.49971141
1403636710.363555670 -6.340673 9.993939 -1.525324 -0.40606481 -0.70448591 -0.29157125 0.50378287
1403636710.413555622 -6.378234 10.000761 -1.535442 -0.40714335 -0.70401535 -0.28430865 0.50770589
1403636710.463555574 -6.414375 10.004984 -1.546396 -0.40694298 -0.70455362 -0.27682955 0.51124066
1403636710.513555527 -6.451992 10.007164 -1.559687 -0.40506039 -0.70558545 -0.26958333 0.51516995
1403636710.563555717 -6.486937 10.011224 -1.572291 -0.40234205 -0.70715093 -0.26362475 0.51822817
1403636710.613555431 -6.522160 10.016412 -1.585626 -0.39866839 -0.70877527 -0.25903330 0.52115533
1403636710.663555622 -6.555195 10.020834 -1.599767 -0.39351510 -0.71127557 -0.25453306 0.52387580
1403636710.713555574 -6.585055 10.018843 -1.616926 -0.38675509 -0.71404128 -0.25193611 0.52639695
1403636710.763555765 -6.616108 10.019783 -1.631544 -0.37935531 -0.71727286 -0.24859808 0.52896899
1403636710.813555479 -6.646783 10.028703 -1.643348 -0.36898775 -0.72195610 -0.24863910 0.52991134
1403636710.863555670 -6.675104 10.032923 -1.653411 -0.35853789 -0.72745918 -0.24740659 0.53013556
1403636710.913555622 -6.702831 10.041367 -1.661905 -0.34848784 -0.73280312 -0.24561151 0.53031199
1403636710.963555574 -6.728549 10.048162 -1.669126 -0.33894693 -0.73704568 -0.24455598 0.53110357
1403636711.013555527 -6.755096 10.054746 -1.674720 -0.32917635 -0.74249463 -0.24511491 0.52939904
1403636711.063555717 -6.781326 10.057934 -1.678169 -0.32294764 -0.74517334 -0.24314286 0.53038012
1403636711.113555431 -6.808165 10.064509 -1.679806 -0.31637223 -0.74791945 -0.24339989 0.53035989
1403636711.163555622 -6.836896 10.066405 -1.676393 -0.31167138 -0.74917060 -0.24327727 0.53143253
1403636711.213555574 -6.863129 10.067180 -1.677118 -0.30822057 -0.75026715 -0.24288013 0.53207944
1403636711.263555765 -6.893316 10.066053 -1.680065 -0.30587609 -0.75091962 -0.24226736 0.53279082
1403636711.313555479 -6.916384 10.074742 -1.677908 -0.30557439 -0.75028159 -0.23932620 0.53518669
1403636711.363555670 -6.957171 10.064106 -1.678267 -0.30579785 -0.74949363 -0.23724775 0.53708517
1403636711.413555622 -6.989734 10.071994 -1.675828 -0.30582798 -0.74659457 -0.23583569 0.54170778
1403636711.463555574 -7.023127 10.064347 -1.677876 -0.30533055 -0.74236302 -0.23615535 0.54763222
1403636711.513555527 -7.050199 10.059845 -1.674680 -0.30477050 -0.73832297 -0.23752945 0.55278738
1403636711.563555717 -7.073353 10.055453 -1.671815 -0.30326328 -0.73548499 -0.24109177 0.55584888
1403636711.613555431 -7.104191 10.054645 -1.674027 -0.30241559 -0.73413990 -0.24404715 0.55679835
1403636711.663555622 -7.129250 10.045871 -1.669922 -0.30206120 -0.73341177 -0.24642954 0.55690096
1403636711.713555574 -7.154946 10.035906 -1.667125 -0.30203132 -0.73415690 -0.24880677 0.55487468
1403636711.763555765 -7.178455 10.023352 -1.662481 -0.30325974 -0.73425393 -0.24911216 0.55393846
1403636711.813555479 -7.201711 10.007996 -1.659609 -0.30591727 -0.73485843 -0.24733135 0.55247164
1403636711.863555670 -7.223810 9.991826 -1.654842 -0.30980605 -0.73592450 -0.24336985 0.55064187
1403636711.913555622 -7.245859 9.973352 -1.652458 -0.31462199 -0.73680596 -0.23810808 0.54903053
1403636711.963555574 -7.266381 9.954627 -1.646014 -0.31945578 -0.73757836 -0.23261979 0.54755292
1403636712.013555527 -7.285822 9.935054 -1.638509 -0.32429175 -0.73754170 -0.22698390 0.54712468
1403636712.063555717 -7.304342 9.915317 -1.629629 -0.32837849 -0.73719668 -0.22199634 0.54719855
1403636712.113555431 -7.323403 9.897381 -1.622842 -0.33061188 -0.73639573 -0.21929641 0.54802025
1403636712.163555622 -7.339347 9.878469 -1.612075 -0.33088049 -0.73586679 -0.21832183 0.54895696
1403636712.213555574 -7.351356 9.856189 -1.593364 -0.32563468 -0.73789019 -0.22064541 0.54844847
1403636712.263555765 -7.393754 9.828154 -1.582607 -0.31855643 -0.74070449 -0.22342333 0.54768667
1403636712.313555479 -7.406604 9.808295 -1.568189 -0.30995589 -0.74329184 -0.22512316 0.54841968
1403636712.363555670 -7.418494 9.787350 -1.553662 -0.30118831 -0.74651358 -0.22576585 0.54866460
1403636712.413555622 -7.430969 9.766378 -1.535874 -0.29386190 -0.74859490 -0.22552304 0.54990019
1403636712.463555574 -7.431655 9.750941 -1.521416 -0.28674536 -0.75032563 -0.22452985 0.55170181
1403636712.513555527 -7.439728 9.730356 -1.502602 -0.28073532 -0.75184540 -0.22307177 0.55331290
1403636712.563555717 -7.438771 9.700138 -1.504838 -0.27538191 -0.75272940 -0.22082648 0.55569679
1403636712.613555431 -7.447882 9.673060 -1.486940 -0.27120040 -0.75250152 -0.21779786 0.55924583
1403636712.663555622 -7.457133 9.645192 -1.470612 -0.26826271 -0.75134421 -0.21409405 0.56363174
1403636712.713555574 -7.448481 9.614639 -1.458351 -0.26501949 -0.75048300 -0.21056642 0.56762815
1403636712.763555765 -7.452756 9.579321 -1.443750 -0.26246340 -0.75033605 -0.20800463 0.56994986
1403636712.813555479 -7.456575 9.547750 -1.432192 -0.26124738 -0.75126709 -0.20523743 0.57028516
1403636712.863555670 -7.460566 9.514862 -1.426391 -0.26007707 -0.75330574 -0.20310797 0.56889150
1403636712.913555622 -7.462847 9.481161 -1.417426 -0.25966040 -0.75505607 -0.20142700 0.56735701
1403636712.963555574 -7.456997 9.444959 -1.411692 -0.25927812 -0.75715083 -0.20059803 0.56502912
1403636713.013555527 -7.444230 9.406708 -1.405950 -0.25799343 -0.75840824 -0.20176888 0.56351189
1403636713.063555717 -7.440530 9.370156 -1.397839 -0.25836628 -0.75804660 -0.20043929 0.56430161
1403636713.113555431 -7.434313 9.333628 -1.388469 -0.25859681 -0.75788645 -0.19812196 0.56522872
1403636713.163555622 -7.429687 9.294950 -1.378099 -0.25881018 -0.75878660 -0.19644927 0.56450674
1403636713.213555574 -7.423353 9.256646 -1.364591 -0.25962170 -0.75951091 -0.19485018 0.56371372
1403636713.263555765 -7.416944 9.216989 -1.349996 -0.26028180 -0.76095441 -0.19349534 0.56192644
1403636713.313555479 -7.409380 9.175768 -1.332135 -0.26025297 -0.76173713 -0.19365167 0.56082436
1403636713.363555670 -7.402230 9.135789 -1.313528 -0.26093508 -0.76288624 -0.19299460 0.55916952
1403636713.413555622 -7.390335 9.098902 -1.290866 -0.26252919 -0.76269442 -0.19098240 0.55937587
1403636713.463555574 -7.382644 9.059333 -1.269373 -0.26381251 -0.76282519 -0.18981429 0.55899125
1403636713.513555527 -7.372280 9.020571 -1.244236 -0.26555632 -0.76284707 -0.18788397 0.55878779
1403636713.563555717 -7.362904 8.980336 -1.222454 -0.26749008 -0.76228466 -0.18600822 0.55926031
1403636713.613555431 -7.349502 8.943483 -1.202174 -0.27059393 -0.76273649 -0.18299398 0.55814441
1403636713.663555622 -7.338357 8.903905 -1.183345 -0.27315108 -0.76293233 -0.18067169 0.55738720
1403636713.713555574 -7.325077 8.866767 -1.165956 -0.27582270 -0.76287897 -0.17824523 0.55692563
1403636713.763555765 -7.312888 8.828201 -1.150469 -0.27849822 -0.76264729 -0.17635150 0.55651415
1403636713.813555479 -7.297778 8.794232 -1.133598 -0.28028971 -0.76261482 -0.17482724 0.55614005
1403636713.863555670 -7.283670 8.757999 -1.120353 -0.28121607 -0.76240802 -0.17540292 0.55577455
1403636713.913555622 -7.267359 8.723410 -1.108258 -0.28097897 -0.76276692 -0.17751753 0.55472964
1403636713.963555574 -7.249542 8.689548 -1.097083 -0.28057214 -0.76321220 -0.17978717 0.55359099
1403636714.013555527 -7.227551 8.661067 -1.083695 -0.28073777 -0.76369393 -0.18136616 0.55232618
1403636714.063555717 -7.208902 8.628445 -1.075115 -0.27874057 -0.76384375 -0.18648694 0.55142456
1403636714.113555431 -7.189341 8.598673 -1.066575 -0.27921685 -0.76381948 -0.18775630 0.55078609
1403636714.163555622 -7.170370 8.566630 -1.060736 -0.27939967 -0.76380383 -0.18971813 0.55004234
1403636714.213555574 -7.152821 8.538470 -1.053517 -0.28009760 -0.76263450 -0.19051391 0.55103394
1403636714.263555765 -7.134141 8.506857 -1.049035 -0.28205121 -0.76129877 -0.18932134 0.55229407
1403636714.313555479 -7.114246 8.479070 -1.045388 -0.28414827 -0.76045517 -0.18810173 0.55279782
1403636714.363555670 -7.094477 8.448468 -1.042962 -0.28554915 -0.76058428 -0.18785191 0.55198269
1403636714.413555622 -7.073459 8.418588 -1.044625 -0.28663385 -0.76257368 -0.18770216 0.54871698
1403636714.463555574 -7.038523 8.394243 -1.048441 -0.28707725 -0.76524788 -0.18567128 0.54544340
1403636714.513555527 -7.019521 8.342489 -1.044249 -0.28628127 -0.76791195 -0.18359205 0.54281510
1403636714.563555717 -6.997816 8.315593 -1.046933 -0.28447689 -0.77101668 -0.17925321 0.54080908
1403636714.613555431 -6.948313 8.271407 -1.031006 -0.28245975 -0.77436657 -0.17552951 0.53829573
1403636714.663555622 -6.930210 8.246133 -1.034061 -0.27644100 -0.77783478 -0.17190943 0.53758775
1403636714.713555574 -6.909200 8.225205 -1.036575 -0.26906320 -0.78149528 -0.16692235 0.53759376
1403636714.763555765 -6.886845 8.200143 -1.032668 -0.25974058 -0.78538689 -0.16218869 0.53795640
1403636714.813555479 -6.869907 8.179321 -1.028946 -0.24846463 -0.78903263 -0.15829677 0.53910571
1403636714.863555670 -6.850828 8.158445 -1.025025 -0.23629768 -0.79221583 -0.15422326 0.54108472
1403636714.913555622 -6.838095 8.136857 -1.010319 -0.22448165 -0.79599483 -0.14900284 0.54203171
1403636714.963555574 -6.827210 8.121047 -1.006040 -0.21303055 -0.79954602 -0.14226932 0.54323437
1403636715.013555527 -6.813018 8.102156 -0.997074 -0.20282804 -0.80254735 -0.13695128 0.54407986
1403636715.063555717 -6.798932 8.082414 -0.985245 -0.19363220 -0.80526237 -0.13194044 0.54465660
1403636715.113555431 -6.785892 8.064551 -0.970862 -0.18514262 -0.80798394 -0.12877687 0.54433509
1403636715.163555622 -6.772756 8.045938 -0.955705 -0.17919865 -0.80960604 -0.12432802 0.54494811
1403636715.213555574 -6.761808 8.029720 -0.939673 -0.17391439 -0.81093277 -0.12193977 0.54522703
1403636715.263555765 -6.750733 8.012312 -0.925575 -0.17026983 -0.81104502 -0.11884513 0.54689121
1403636715.313555479 -6.740976 7.996199 -0.913544 -0.16818143 -0.81030942 -0.11566121 0.54930514
1403636715.363555670 -6.731971 7.979856 -0.903009 -0.16621717 -0.80978885 -0.11371617 0.55107396
1403636715.413555622 -6.724605 7.966072 -0.893009 -0.16678620 -0.80756201 -0.10989683 0.55493122
1403636715.463555574 -6.717199 7.950999 -0.886409 -0.16756822 -0.80537807 -0.10688367 0.55844689
1403636715.513555527 -6.703685 7.940462 -0.886748 -0.17043393 -0.80264886 -0.10152504 0.56249422
1403636715.563555717 -6.696015 7.926800 -0.884622 -0.17460206 -0.80027492 -0.09511052 0.56571031
1403636715.613555431 -6.689578 7.910484 -0.890541 -0.17588585 -0.79958637 -0.09283821 0.56666293
1403636715.663555622 -6.681461 7.899269 -0.891139 -0.17529662 -0.79720852 -0.09465522 0.56988600
1403636715.713555574 -6.677252 7.893140 -0.886621 -0.17263366 -0.79415156 -0.09988900 0.57405845
1403636715.763555765 -6.668067 7.884642 -0.887986 -0.16989170 -0.79161763 -0.10548076 0.57736657
1403636715.813555479 -6.659490 7.879433 -0.887397 -0.16781136 -0.78923291 -0.11057120 0.58027990
1403636715.863555670 -6.650707 7.872930 -0.886318 -0.16634418 -0.78673186 -0.11399411 0.58342775
1403636715.913555622 -6.648891 7.865995 -0.887101 -0.16494946 -0.78477789 -0.11885513 0.58548169
1403636715.963555574 -6.636949 7.857497 -0.882074 -0.16517840 -0.78307026 -0.12087021 0.58728823
1403636716.013555527 -6.622944 7.848906 -0.876958 -0.16563853 -0.78214345 -0.12201889 0.58815550
1403636716.063555717 -6.608596 7.839514 -0.870485 -0.16678010 -0.78230414 -0.12287086 0.58744139
1403636716.113555431 -6.591818 7.829833 -0.862683 -0.16915512 -0.78267847 -0.12167205 0.58651246
1403636716.163555622 -6.574730 7.819437 -0.853887 -0.17177017 -0.78525698 -0.12057247 0.58251932
1403636716.213555574 -6.560103 7.807109 -0.844409 -0.17530627 -0.78848600 -0.11855296 0.57749696
1403636716.263555765 -6.540907 7.796214 -0.834403 -0.17743771 -0.79045230 -0.11894287 0.57406761
1403636716.313555479 -6.520857 7.784331 -0.826902 -0.17953914 -0.79220942 -0.11894914 0.57098251
1403636716.363555670 -6.500777 7.773615 -0.819824 -0.18151594 -0.79330084 -0.11920830 0.56878390
1403636716.413555622 -6.483202 7.769180 -0.813099 -0.18296139 -0.79339678 -0.11973084 0.56807676
1403636716.463555574 -6.462679 7.758688 -0.809950 -0.18388846 -0.79382252 -0.12069420 0.56697773
1403636716.513555527 -6.441471 7.749341 -0.808422 -0.18480811 -0.79327219 -0.12171576 0.56723052
1403636716.563555717 -6.419610 7.741175 -0.809629 -0.18330640 -0.79315830 -0.12346139 0.56749975
1403636716.613555431 -6.397481 7.732251 -0.811265 -0.18132344 -0.79366534 -0.12349015 0.56742165
1403636716.663555622 -6.377444 7.721951 -0.813381 -0.17818793 -0.79407074 -0.12206498 0.56815566
1403636716.713555574 -6.355578 7.713211 -0.816426 -0.17409720 -0.79487730 -0.11979294 0.56877930
1403636716.763555765 -6.335420 7.703033 -0.822380 -0.16975120 -0.79547093 -0.11640672 0.56996492
1403636716.813555479 -6.316517 7.697130 -0.834110 -0.16406520 -0.79681493 -0.11199980 0.57063528
1403636716.863555670 -6.293027 7.688384 -0.846134 -0.15781959 -0.79830254 -0.10676852 0.57131997
1403636716.913555622 -6.273977 7.677464 -0.849864 -0.15002337 -0.79992387 -0.10070584 0.57225268
1403636716.963555574 -6.253052 7.653998 -0.855586 -0.14079880 -0.80232572 -0.09455696 0.57228325
1403636717.013555527 -6.227060 7.641488 -0.855181 -0.13134906 -0.80366244 -0.08822276 0.57366440
1403636717.063555717 -6.203852 7.639682 -0.862098 -0.12029872 -0.80549827 -0.08108458 0.57456597
1403636717.113555431 -6.172492 7.631018 -0.871188 -0.11024458 -0.80681969 -0.07477202 0.57558429
1403636717.163555622 -6.153674 7.620147 -0.869226 -0.10163023 -0.80810243 -0.07049638 0.57590973
1403636717.213555574 -6.131795 7.620031 -0.858120 -0.09367347 -0.80917766 -0.06650331 0.57622401
1403636717.263555765 -6.104443 7.619773 -0.857778 -0.08621555 -0.81006680 -0.06481587 0.57633112
1403636717.313555479 -6.083324 7.610158 -0.853997 -0.07860712 -0.81126336 -0.06593108 0.57560905
1403636717.363555670 -6.060523 7.599853 -0.848831 -0.07091410 -0.81171957 -0.06900647 0.57560459
1403636717.413555622 -6.037863 7.588540 -0.844201 -0.06487472 -0.81207506 -0.07144796 0.57551764
1403636717.463555574 -6.015203 7.576276 -0.840736 -0.06059980 -0.81216982 -0.07269076 0.57569427
1403636717.513555527 -5.992104 7.562483 -0.839311 -0.05892460 -0.81245379 -0.07206933 0.57554560
1403636717.563555717 -5.970544 7.547577 -0.838961 -0.05920328 -0.81216699 -0.06943833 0.57624481
1403636717.613555431 -5.947131 7.534051 -0.840644 -0.06066546 -0.81228370 -0.06598752 0.57633370
1403636717.663555622 -5.925253 7.517316 -0.844421 -0.06157067 -0.81180608 -0.06454386 0.57707367
1403636717.713555574 -5.903994 7.499849 -0.848703 -0.06246715 -0.81129340 -0.06336965 0.57782796
1403636717.763555765 -5.884933 7.481549 -0.852913 -0.06005876 -0.81196134 -0.06542810 0.57691498
1403636717.813555479 -5.859540 7.459265 -0.857779 -0.05775469 -0.81235686 -0.06511097 0.57662924
1403636717.863555670 -5.841026 7.435984 -0.860096 -0.05336560 -0.81298983 -0.06456118 0.57622175
1403636717.913555622 -5.821645 7.414179 -0.863120 -0.04829457 -0.81362922 -0.06277405 0.57596402
1403636717.963555574 -5.794186 7.390773 -0.864024 -0.04219879 -0.81385209 -0.06043574 0.57637797
1403636718.013555527 -5.769902 7.366051 -0.863522 -0.03551166 -0.81411761 -0.05613471 0.57688849
1403636718.063555717 -5.756185 7.339328 -0.860675 -0.02915971 -0.81468929 -0.05048328 0.57695971
1403636718.113555431 -5.735385 7.312163 -0.855891 -0.02326955 -0.81477848 -0.04151642 0.57781567
1403636718.163555622 -5.714513 7.282248 -0.851795 -0.01751278 -0.81530163 -0.03231553 0.57786872
1403636718.213555574 -5.689368 7.253776 -0.848904 -0.01225021 -0.81550201 -0.02390538 0.57813056
1403636718.263555765 -5.668097 7.222909 -0.848226 -0.00761353 -0.81599508 -0.01675269 0.57776588
1403636718.313555479 -5.643994 7.186650 -0.858551 -0.00367050 -0.81629593 -0.01014064 0.57753324
1403636718.363555670 -5.625545 7.165503 -0.866018 0.00130318 -0.81620796 -0.00386321 0.57774384
1403636718.413555622 -5.579879 7.138350 -0.866168 0.00656449 -0.81642922 0.00343080 0.57739802
1403636718.463555574 -5.557116 7.105988 -0.871822 0.01125635 -0.81651337 0.01108180 0.57711039
1403636718.513555527 -5.534341 7.073551 -0.878776 0.01710636 -0.81617184 0.01769266 0.57728491
1403636718.563555717 -5.540672 7.038638 -0.885778 0.02059573 -0.81620685 0.02459759 0.57686841
1403636718.613555431 -5.531477 7.008247 -0.895191 0.02369480 -0.81649304 0.03139004 0.57601418
1403636718.663555622 -5.513511 6.977477 -0.905307 0.02504035 -0.81664590 0.03946203 0.57524360
1403636718.713555574 -5.492918 6.950899 -0.916945 0.02723389 -0.81714554 0.04594415 0.57395175
1403636718.763555765 -5.484640 6.916388 -0.933618 0.02993261 -0.81668084 0.04932050 0.57419851
1403636718.813555479 -5.473833 6.891938 -0.945472 0.03472325 -0.81694794 0.04856710 0.57361276
1403636718.863555670 -5.456339 6.865992 -0.956859 0.04060843 -0.81664942 0.04554925 0.57389890
1403636718.913555622 -5.445615 6.843368 -0.965791 0.04511012 -0.81632035 0.04257938 0.57425879
1403636718.963555574 -5.427945 6.819104 -0.974164 0.04953757 -0.81553925 0.03944386 0.57522687
1403636719.013555527 -5.412362 6.799320 -0.980876 0.05253358 -0.81497507 0.03762747 0.57588196
1403636719.063555717 -5.395807 6.775790 -0.984105 0.05435427 -0.81365961 0.03683488 0.57762171
1403636719.113555431 -5.378056 6.752668 -0.984945 0.05570073 -0.81213162 0.03616967 0.57968217
1403636719.163555622 -5.369275 6.723775 -0.993438 0.05567144 -0.81003688 0.03632330 0.58259897
1403636719.213555574 -5.353244 6.700131 -0.992188 0.05511316 -0.80811208 0.03677569 0.58529049
1403636719.263555765 -5.337015 6.676784 -0.991176 0.05449086 -0.80616142 0.03691318 0.58802374
1403636719.313555479 -5.320956 6.653392 -0.993280 0.05221469 -0.80479237 0.03906124 0.58996363
1403636719.363555670 -5.303118 6.630061 -0.995189 0.05125318 -0.80340376 0.03922662 0.59192633
1403636719.413555622 -5.284291 6.607569 -1.001615 0.05002372 -0.80254309 0.03977409 0.59316122
1403636719.463555574 -5.264801 6.584988 -1.007155 0.04846391 -0.80214911 0.04046208 0.59377678
1403636719.513555527 -5.244960 6.562957 -1.014746 0.04707219 -0.80231284 0.04076229 0.59364699
1403636719.563555717 -5.223989 6.541378 -1.023221 0.04601819 -0.80407161 0.04040246 0.59137029
1403636719.613555431 -5.205287 6.519073 -1.033351 0.04400953 -0.80587822 0.04139833 0.58899035
1403636719.663555622 -5.183581 6.498301 -1.039296 0.04326536 -0.80803690 0.04011109 0.58617026
1403636719.713555574 -5.162006 6.477460 -1.044751 0.04185186 -0.81016961 0.03934939 0.58337402
1403636719.763555765 -5.139062 6.457624 -1.046380 0.04023790 -0.81163107 0.03863615 0.58150079
1403636719.813555479 -5.117349 6.437225 -1.044932 0.03864165 -0.81298374 0.03784959 0.57976863
1403636719.863555670 -5.098344 6.418613 -1.044960 0.03704661 -0.81342472 0.03708178 0.57930364
1403636719.913555622 -5.076901 6.399471 -1.043690 0.03544133 -0.81384666 0.03669200 0.57883609
1403636719.963555574 -5.054290 6.381476 -1.040342 0.03415765 -0.81489617 0.03626813 0.57746178
1403636720.013555527 -5.034418 6.365766 -1.038994 0.03346763 -0.81525003 0.03496387 0.57708303
1403636720.063555717 -5.012737 6.348813 -1.038117 0.03268539 -0.81556507 0.03499293 0.57668083
1403636720.113555431 -5.010071 6.323784 -1.051446 0.03262012 -0.81598718 0.03402622 0.57614500
1403636720.163555622 -4.991596 6.307022 -1.057626 0.03248103 -0.81680230 0.03361246 0.57502104
1403636720.213555574 -4.974050 6.291641 -1.061561 0.03170418 -0.81681785 0.03436504 0.57499781
1403636720.263555765 -4.957034 6.275506 -1.070455 0.03165663 -0.81670171 0.03446725 0.57515927
1403636720.313555479 -4.939531 6.260967 -1.080009 0.03126503 -0.81668181 0.03507429 0.57517224
1403636720.363555670 -4.921310 6.246167 -1.087714 0.03165004 -0.81667594 0.03513326 0.57515592
1403636720.413555622 -4.897504 6.241927 -1.103107 0.03189398 -0.81641582 0.03615143 0.57544857
1403636720.463555574 -4.879404 6.228579 -1.111683 0.03181516 -0.81678911 0.03725415 0.57485256
1403636720.513555527 -4.864020 6.217218 -1.110609 0.03198213 -0.81711150 0.03806912 0.57433151
1403636720.563555717 -4.846371 6.205209 -1.115908 0.03216565 -0.81700561 0.03921040 0.57439512
1403636720.613555431 -4.830278 6.193743 -1.119752 0.03340552 -0.81746010 0.03835384 0.57373516
1403636720.663555622 -4.813233 6.182801 -1.121412 0.03372854 -0.81734900 0.03959242 0.57379041
1403636720.713555574 -4.795935 6.173421 -1.122152 0.03355018 -0.81649607 0.03940031 0.57502710
1403636720.763555765 -4.779291 6.164683 -1.120902 0.03179727 -0.81681500 0.03914258 0.57469126
1403636720.813555479 -4.763763 6.155979 -1.117542 0.02933917 -0.81715103 0.03678570 0.57449998
1403636720.863555670 -4.748352 6.148226 -1.114895 0.02633795 -0.81734745 0.03278650 0.57460813
1403636720.913555622 -4.733666 6.141738 -1.113573 0.02121417 -0.81761540 0.02906864 0.57463904
1403636720.963555574 -4.718926 6.135231 -1.113738 0.01574891 -0.81708705 0.02514446 0.57575036
1403636721.013555527 -4.705455 6.128399 -1.118128 0.00941545 -0.81648767 0.02264661 0.57684172
1403636721.063555717 -4.691104 6.122582 -1.121563 0.00318859 -0.81535347 0.01941917 0.57862894
1403636721.113555431 -4.672924 6.115414 -1.125560 -0.00372650 -0.81477613 0.01551346 0.57955613
1403636721.163555622 -4.665610 6.103141 -1.135783 -0.01051333 -0.81354449 0.01004021 0.58132093
1403636721.213555574 -4.649975 6.099868 -1.141470 -0.01800347 -0.81272318 0.00553838 0.58234546
1403636721.263555765 -4.635198 6.096110 -1.145159 -0.02478649 -0.81094809 0.00150710 0.58459093
1403636721.313555479 -4.621056 6.093250 -1.147252 -0.03023808 -0.81083978 -0.00267361 0.58448042
1403636721.363555670 -4.605652 6.090639 -1.147394 -0.03520154 -0.81055299 -0.00687451 0.58456603
1403636721.413555622 -4.590475 6.099630 -1.148297 -0.03870695 -0.80991570 -0.01044082 0.58517460
1403636721.463555574 -4.574152 6.098043 -1.145485 -0.04225861 -0.80989477 -0.01334100 0.58489887
1403636721.513555527 -4.556358 6.097728 -1.142388 -0.04582022 -0.81031197 -0.01754721 0.58394102
1403636721.563555717 -4.538999 6.097015 -1.140187 -0.05006339 -0.81054773 -0.02139629 0.58313655
1403636721.613555431 -4.520359 6.100710 -1.141731 -0.05362920 -0.81102266 -0.02601801 0.58197012
1403636721.663555622 -4.503438 6.102785 -1.140855 -0.05685401 -0.81161161 -0.02930827 0.58068515
1403636721.713555574 -4.486373 6.103239 -1.142570 -0.05889289 -0.81105302 -0.03274653 0.58107856
1403636721.763555765 -4.468519 6.102992 -1.146396 -0.06019294 -0.81137019 -0.03611172 0.58030265
1403636721.813555479 -4.449333 6.102648 -1.149863 -0.06169910 -0.81111928 -0.03746378 0.58040951
1403636721.863555670 -4.427733 6.100258 -1.156291 -0.06344305 -0.81054318 -0.03802253 0.58098969
1403636721.913555622 -4.411806 6.101193 -1.163059 -0.06345523 -0.81056843 -0.03864689 0.58091193
1403636721.963555574 -4.393598 6.100433 -1.170878 -0.06173458 -0.81057965 -0.04131183 0.58089827
1403636722.013555527 -4.377366 6.098743 -1.175837 -0.05957284 -0.81079137 -0.04430711 0.58060771
1403636722.063555717 -4.359316 6.097310 -1.180914 -0.05742026 -0.81097009 -0.04639881 0.58041155
1403636722.113555431 -4.342559 6.096193 -1.182839 -0.05642445 -0.81120033 -0.04638131 0.58018883
1403636722.163555622 -4.324131 6.093743 -1.184396 -0.05684028 -0.81150733 -0.04447625 0.57986800
1403636722.213555574 -4.308148 6.091321 -1.181414 -0.05683901 -0.81171811 -0.04288853 0.57969268
1403636722.263555765 -4.290137 6.087077 -1.179488 -0.05714068 -0.81206283 -0.04085700 0.57932686
1403636722.313555479 -4.273519 6.083367 -1.176494 -0.05735283 -0.81188747 -0.03878167 0.57969421
1403636722.363555670 -4.255073 6.079629 -1.176352 -0.05772721 -0.81215479 -0.03800680 0.57933379
1403636722.413555622 -4.239015 6.075546 -1.174986 -0.05864394 -0.81230271 -0.03918454 0.57895575
1403636722.463555574 -4.218643 6.073221 -1.176213 -0.06054017 -0.81188776 -0.04063165 0.57924280
1403636722.513555527 -4.202424 6.065570 -1.168202 -0.06286836 -0.81161468 -0.04188901 0.57928791
1403636722.563555717 -4.183794 6.061701 -1.172427 -0.06481531 -0.81163188 -0.04318654 0.57895388
1403636722.613555431 -4.166891 6.057106 -1.175950 -0.06536760 -0.81168261 -0.04568708 0.57862864
1403636722.663555622 -4.148388 6.052876 -1.181469 -0.06644617 -0.81188294 -0.04719447 0.57810352
1403636722.713555574 -4.131621 6.047576 -1.185979 -0.06702264 -0.81153054 -0.04883468 0.57839548
1403636722.763555765 -4.122299 6.044532 -1.199130 -0.06725460 -0.81198153 -0.05084874 0.57756145
1403636722.813555479 -4.107360 6.037723 -1.202176 -0.06729084 -0.81248149 -0.05214669 0.57673780
1403636722.863555670 -4.089079 6.031872 -1.205153 -0.06727561 -0.81243467 -0.05338840 0.57669192
1403636722.913555622 -4.073816 6.024634 -1.205920 -0.06829038 -0.81254454 -0.05268175 0.57648281
1403636722.963555574 -4.055474 6.017696 -1.206500 -0.06908270 -0.81279894 -0.05170418 0.57611817
1403636723.013555527 -4.042408 6.004070 -1.199566 -0.07026404 -0.81245772 -0.05012298 0.57659614
1403636723.063555717 -4.024459 5.996239 -1.197469 -0.07149611 -0.81192475 -0.04827752 0.57735240
1403636723.113555431 -4.006551 5.988414 -1.195553 -0.07206408 -0.81171285 -0.04737644 0.57765430
1403636723.163555622 -3.989169 5.980620 -1.194296 -0.07234086 -0.81169368 -0.04736358 0.57764770
1403636723.213555574 -3.980693 5.974175 -1.186218 -0.07281529 -0.81187031 -0.04712677 0.57735917
1403636723.263555765 -3.964614 5.962815 -1.185494 -0.07229366 -0.81243975 -0.04830652 0.57652559
1403636723.313555479 -3.946420 5.954521 -1.173594 -0.07129408 -0.81232247 -0.05052884 0.57662483
1403636723.363555670 -3.929454 5.946816 -1.176402 -0.07226173 -0.81224694 -0.05241221 0.57644263
1403636723.413555622 -3.915607 5.939842 -1.176124 -0.07374691 -0.81168399 -0.05660360 0.57665113
1403636723.463555574 -3.898579 5.937385 -1.174512 -0.07587475 -0.81029277 -0.06181739 0.57779517
1403636723.513555527 -3.883485 5.942368 -1.157618 -0.07890136 -0.80749748 -0.06431600 0.58102138
1403636723.563555717 -3.870557 5.933421 -1.154224 -0.08458240 -0.80312390 -0.06610088 0.58606185
1403636723.613555431 -3.854199 5.924489 -1.154376 -0.08977484 -0.79886553 -0.06776272 0.59089979
1403636723.663555622 -3.837558 5.915489 -1.153122 -0.09429875 -0.79774902 -0.06950940 0.59150037
1403636723.713555574 -3.792479 5.893285 -1.146103 -0.09728935 -0.79919334 -0.07149740 0.58882333
1403636723.763555765 -3.772515 5.881941 -1.142739 -0.10123814 -0.80143364 -0.07312536 0.58489969
1403636723.813555479 -3.758240 5.871928 -1.136139 -0.10557282 -0.80380896 -0.07324829 0.58084441
1403636723.863555670 -3.733421 5.860398 -1.132318 -0.10860164 -0.80528901 -0.07393954 0.57814206
1403636723.913555622 -3.715928 5.848694 -1.129921 -0.11168369 -0.80698724 -0.07407531 0.57516189
1403636723.963555574 -3.695376 5.838397 -1.128499 -0.11455429 -0.80922346 -0.07421716 0.57142499
1403636724.013555527 -3.676127 5.829763 -1.127297 -0.11754893 -0.81123405 -0.07579061 0.56774761
1403636724.063555717 -3.658071 5.819490 -1.129237 -0.12178424 -0.81253062 -0.07801538 0.56469124
1403636724.113555431 -3.641033 5.809860 -1.131822 -0.12698975 -0.81382332 -0.08141575 0.56119220
1403636724.163555622 -3.604499 5.815397 -1.149598 -0.13152618 -0.81260202 -0.08588967 0.56125021
1403636724.213555574 -3.588586 5.809496 -1.152973 -0.13860792 -0.81228023 -0.08941942 0.55945763
1403636724.263555765 -3.569535 5.800863 -1.159637 -0.14574067 -0.81102004 -0.09491956 0.55856641
1403636724.313555479 -3.555751 5.790191 -1.163555 -0.15257591 -0.80904463 -0.10146576 0.55845509
1403636724.363555670 -3.538462 5.781844 -1.170354 -0.16000279 -0.80624690 -0.10770804 0.55925309
1403636724.413555622 -3.519694 5.771338 -1.175899 -0.16711726 -0.80294792 -0.11429405 0.56060978
1403636724.463555574 -3.504602 5.761994 -1.179264 -0.17357354 -0.80045162 -0.11923766 0.56118786
1403636724.513555527 -3.488826 5.753435 -1.180361 -0.17803852 -0.79770293 -0.12468832 0.56251680
1403636724.563555717 -3.471794 5.743811 -1.181339 -0.18226144 -0.79534893 -0.12847102 0.56364532
1403636724.613555431 -3.454679 5.736569 -1.173185 -0.18622126 -0.79395404 -0.13149122 0.56362105
1403636724.663555622 -3.445461 5.718125 -1.162760 -0.18913941 -0.79292088 -0.13417164 0.56347203
1403636724.713555574 -3.432496 5.708002 -1.156002 -0.19163517 -0.79247749 -0.13562205 0.56290501
1403636724.763555765 -3.417736 5.697300 -1.148311 -0.19352187 -0.79230199 -0.13663764 0.56226061
1403636724.813555479 -3.406053 5.686334 -1.137662 -0.19478312 -0.79259102 -0.13701448 0.56132526
1403636724.863555670 -3.394397 5.676314 -1.124314 -0.19587357 -0.79302829 -0.13639109 0.56047939
1403636724.913555622 -3.384485 5.665309 -1.110104 -0.19695385 -0.79337886 -0.13458249 0.56004171
1403636724.963555574 -3.370120 5.653174 -1.097150 -0.19811752 -0.79356483 -0.13216418 0.55994369
1403636725.013555527 -3.358431 5.642063 -1.079972 -0.19917569 -0.79349834 -0.12910398 0.56037629
1403636725.063555717 -3.345542 5.630471 -1.061422 -0.19986230 -0.79315143 -0.12673647 0.56116284
1403636725.113555431 -3.334209 5.620610 -1.040335 -0.20029097 -0.79337171 -0.12470362 0.56115405
1403636725.163555622 -3.321748 5.610208 -1.019950 -0.20083086 -0.79386011 -0.12260196 0.56073331
1403636725.213555574 -3.314148 5.598974 -0.999386 -0.19976180 -0.79401007 -0.12276866 0.56086638
1403636725.263555765 -3.301867 5.589420 -0.980705 -0.19936087 -0.79432582 -0.12201771 0.56072580
1403636725.313555479 -3.291912 5.582677 -0.962242 -0.19801320 -0.79500770 -0.12372275 0.55986267
1403636725.363555670 -3.279729 5.574623 -0.946476 -0.19720103 -0.79528023 -0.12438561 0.55961534
1403636725.413555622 -3.269566 5.568542 -0.930650 -0.19592625 -0.79536928 -0.12597371 0.55958131
1403636725.463555574 -3.257750 5.561247 -0.918152 -0.19546023 -0.79550480 -0.12659752 0.55941084
1403636725.513555527 -3.248866 5.555604 -0.904088 -0.19444642 -0.79577533 -0.12787839 0.55908795
1403636725.563555717 -3.237155 5.548959 -0.894895 -0.19430590 -0.79634406 -0.12869885 0.55813794
1403636725.613555431 -3.231124 5.541683 -0.883717 -0.19342554 -0.79642821 -0.12999746 0.55802270
1403636725.663555622 -3.220440 5.535273 -0.877380 -0.19334603 -0.79546777 -0.13043839 0.55931580
1403636725.713555574 -3.213824 5.529033 -0.871005 -0.19378526 -0.79528153 -0.13017600 0.55948975
1403636725.763555765 -3.203978 5.522664 -0.868049 -0.19361991 -0.79558967 -0.13011549 0.55912285
1403636725.813555479 -3.198104 5.518610 -0.864636 -0.19348601 -0.79547178 -0.13019176 0.55931915
1403636725.863555670 -3.188882 5.512663 -0.864658 -0.19377411 -0.79624268 -0.12915753 0.55836146
1403636725.913555622 -3.182332 5.507451 -0.865579 -0.19465247 -0.79606503 -0.12725255 0.55874652
1403636725.963555574 -3.173995 5.501950 -0.867880 -0.19467467 -0.79637964 -0.12632051 0.55850191
1403636726.013555527 -3.168828 5.496809 -0.869769 -0.19459521 -0.79589270 -0.12564824 0.55937468
1403636726.063555717 -3.161333 5.491954 -0.873994 -0.19362162 -0.79593158 -0.12603612 0.55956991
1403636726.113555431 -3.157082 5.487836 -0.877039 -0.19247247 -0.79591425 -0.12689773 0.55979623
1403636726.163555622 -3.150322 5.483490 -0.883247 -0.19140956 -0.79503116 -0.12742257 0.56129433
1403636726.213555574 -3.159410 5.485755 -0.877863 -0.19066459 -0.79487379 -0.12743122 0.56176859
1403636726.263555765 -3.153539 5.481817 -0.885403 -0.18960176 -0.79500810 -0.12779474 0.56185568
1403636726.313555479 -3.148653 5.478559 -0.889971 -0.18897443 -0.79493395 -0.12748955 0.56224113
1403636726.363555670 -3.143635 5.474851 -0.894815 -0.18789355 -0.79439139 -0.12794753 0.56326527
1403636726.413555622 -3.138812 5.469727 -0.896666 -0.18694810 -0.79424102 -0.12759876 0.56387070
1403636726.463555574 -3.135419 5.466178 -0.896654 -0.18662855 -0.79385588 -0.12659908 0.56474357
1403636726.513555527 -3.129313 5.460186 -0.894281 -0.18761141 -0.79332274 -0.12410119 0.56572068
1403636726.563555717 -3.126720 5.456768 -0.890773 -0.19089433 -0.79182206 -0.11797876 0.56803010
1403636726.613555431 -3.119737 5.452425 -0.887043 -0.19528093 -0.79021481 -0.11051496 0.57027393
1403636726.663555622 -3.125563 5.473804 -0.870811 -0.19871767 -0.78784248 -0.10427763 0.57353439
1403636726.713555574 -3.115864 5.475654 -0.860078 -0.19894904 -0.78768678 -0.10369566 0.57377350
1403636726.763555765 -3.111086 5.477082 -0.850006 -0.19657147 -0.78767234 -0.10673891 0.57405466
1403636726.813555479 -3.103206 5.474842 -0.838080 -0.19272696 -0.78836298 -0.11143941 0.57351668
1403636726.863555670 -3.097341 5.477570 -0.824165 -0.18762525 -0.78923566 -0.11523475 0.57325806
1403636726.913555622 -3.085644 5.474038 -0.801799 -0.18329328 -0.79017466 -0.11784502 0.57283517
1403636726.963555574 -3.078259 5.476581 -0.785651 -0.17988722 -0.79099251 -0.11898432 0.57255058
1403636727.013555527 -3.068971 5.476790 -0.768064 -0.17784699 -0.79116244 -0.11936450 0.57287395
1403636727.063555717 -3.061446 5.479516 -0.750308 -0.17543451 -0.79155559 -0.12060864 0.57281414
1403636727.113555431 -3.057354 5.473852 -0.730023 -0.17314140 -0.79218025 -0.12170414 0.57241647
1403636727.163555622 -3.048950 5.475871 -0.714793 -0.17089067 -0.79320844 -0.12352631 0.57127751
1403636727.213555574 -3.038184 5.470492 -0.700563 -0.16856366 -0.79397370 -0.12550528 0.57047391
1403636727.263555765 -3.029827 5.470802 -0.688683 -0.16669594 -0.79474152 -0.12731112 0.56955269
1403636727.313555479 -3.018809 5.465128 -0.677681 -0.16481912 -0.79537065 -0.12967433 0.56868688
1403636727.363555670 -3.010471 5.463595 -0.668344 -0.16422275 -0.79657363 -0.13002429 0.56709348
1403636727.413555622 -2.998646 5.458423 -0.659324 -0.16355719 -0.79669415 -0.13087701 0.56692035
1403636727.463555574 -2.990569 5.455285 -0.651136 -0.16296479 -0.79675412 -0.13160793 0.56683746
1403636727.513555527 -2.977789 5.445532 -0.642505 -0.16387583 -0.79551456 -0.13025263 0.56862602
1403636727.563555717 -2.969802 5.440297 -0.633243 -0.16585566 -0.79428067 -0.12737358 0.57042623
1403636727.613555431 -2.947388 5.419967 -0.611079 -0.16644503 -0.79310519 -0.12677278 0.57202174
1403636727.663555622 -2.938585 5.412793 -0.599219 -0.16763221 -0.79280859 -0.12500223 0.57247569
1403636727.713555574 -2.933589 5.398248 -0.571801 -0.16757814 -0.79391643 -0.12556471 0.57083077
1403636727.763555765 -2.926071 5.390181 -0.555524 -0.16690161 -0.79437523 -0.12637733 0.57021102
1403636727.813555479 -2.914624 5.381188 -0.539302 -0.16580582 -0.79486475 -0.12749665 0.56959904
1403636727.863555670 -2.906436 5.371701 -0.519957 -0.16310490 -0.79575544 -0.13203668 0.56809892
1403636727.913555622 -2.896607 5.358316 -0.502507 -0.16054740 -0.79618284 -0.13588887 0.56731969
1403636727.963555574 -2.888462 5.346720 -0.484820 -0.15994181 -0.79627990 -0.13688934 0.56711397
1403636728.013555527 -2.877712 5.332500 -0.470454 -0.16094523 -0.79630008 -0.13578843 0.56706642
1403636728.063555717 -2.869906 5.318791 -0.456132 -0.16211753 -0.79615195 -0.13428082 0.56729943
1403636728.113555431 -2.855597 5.306045 -0.444505 -0.16421361 -0.79468975 -0.13156259 0.56937982
1403636728.163555622 -2.887932 5.294846 -0.470482 -0.16623114 -0.79346886 -0.13122870 0.57057287
1403636728.213555574 -2.878947 5.277661 -0.461601 -0.16721563 -0.79258411 -0.12988334 0.57182137
1403636728.263555765 -2.863196 5.260359 -0.450595 -0.16795090 -0.79194004 -0.12904691 0.57268696
1403636728.313555479 -2.849062 5.240926 -0.445333 -0.16913628 -0.79175781 -0.12783321 0.57286225
1403636728.363555670 -2.836249 5.221497 -0.439352 -0.16923174 -0.79198621 -0.12808495 0.57246197
1403636728.413555622 -2.825951 5.201653 -0.433971 -0.17171980 -0.79165698 -0.12436210 0.57299704
1403636728.463555574 -2.805015 5.182986 -0.433083 -0.17599171 -0.79054093 -0.11916448 0.57434466
1403636728.513555527 -2.793571 5.166225 -0.431990 -0.18030106 -0.78986189 -0.11310448 0.57516702
1403636728.563555717 -2.754274 5.166736 -0.427948 -0.18136289 -0.78987021 -0.10907023 0.57560077
1403636728.613555431 -2.739098 5.150385 -0.429002 -0.18114510 -0.78953421 -0.10635423 0.57663764
1403636728.663555622 -2.723424 5.134489 -0.429915 -0.17618896 -0.79099488 -0.10782469 0.57589789
1403636728.713555574 -2.702680 5.129134 -0.421904 -0.16898849 -0.79240723 -0.10905272 0.57588295
1403636728.763555765 -2.685473 5.113575 -0.420297 -0.16117174 -0.79409452 -0.10890967 0.57582658
1403636728.813555479 -2.670946 5.097900 -0.415484 -0.15230878 -0.79595490 -0.10832263 0.57578124
1403636728.863555670 -2.657329 5.079127 -0.407442 -0.14478098 -0.79728920 -0.10645308 0.57622577
1403636728.913555622 -2.617548 5.072493 -0.380001 -0.13695683 -0.79792598 -0.10444962 0.57762205
1403636728.963555574 -2.600516 5.056164 -0.372976 -0.13147356 -0.79826467 -0.10186920 0.57888762
1403636729.013555527 -2.584312 5.036821 -0.366418 -0.12646209 -0.79825307 -0.09952130 0.58042646
1403636729.063555717 -2.567044 5.019871 -0.361561 -0.12188964 -0.79794155 -0.09784362 0.58211582
1403636729.113555431 -2.549306 4.999790 -0.357994 -0.11813824 -0.79786121 -0.09572633 0.58335007
1403636729.163555622 -2.530918 4.981964 -0.356161 -0.11532670 -0.79854133 -0.09429644 0.58321495
1403636729.213555574 -2.523905 4.958918 -0.350929 -0.11382091 -0.80011305 -0.09202958 0.58171682
1403636729.263555765 -2.505231 4.939803 -0.351385 -0.11339879 -0.80087661 -0.08873207 0.58126069
1403636729.313555479 -2.487648 4.921243 -0.352561 -0.11230020 -0.80119611 -0.08793866 0.58115424
1403636729.363555670 -2.467955 4.901282 -0.354363 -0.11178541 -0.80119072 -0.08658990 0.58146336
1403636729.413555622 -2.449816 4.881982 -0.357089 -0.11098807 -0.80072107 -0.08653961 0.58226997
1403636729.463555574 -2.428476 4.862569 -0.355653 -0.11059483 -0.80072527 -0.08620294 0.58238894
1403636729.513555527 -2.409545 4.842372 -0.354100 -0.11034136 -0.80082859 -0.08567152 0.58237337
1403636729.563555717 -2.387043 4.821152 -0.351096 -0.11047690 -0.80115996 -0.08489670 0.58200526
1403636729.613555431 -2.368607 4.801022 -0.345817 -0.11046505 -0.80167116 -0.08464365 0.58134007
1403636729.663555622 -2.345555 4.779519 -0.339057 -0.11075539 -0.80199815 -0.08428909 0.58088515
1403636729.713555574 -2.326470 4.761423 -0.334658 -0.11145803 -0.80186746 -0.08298784 0.58111850
1403636729.763555765 -2.303743 4.740041 -0.327214 -0.11164383 -0.80304381 -0.08356077 0.57937370
1403636729.813555479 -2.284394 4.715877 -0.319168 -0.11239254 -0.80417332 -0.08318128 0.57771451
1403636729.863555670 -2.262051 4.694053 -0.314002 -0.11251560 -0.80585642 -0.08360256 0.57527931
1403636729.913555622 -2.247303 4.670178 -0.308477 -0.11403289 -0.80668255 -0.08183532 0.57407555
1403636729.963555574 -2.225974 4.647983 -0.308284 -0.11364790 -0.80774661 -0.08265819 0.57253575
1403636730.013555527 -2.207333 4.625801 -0.306220 -0.11460778 -0.80859420 -0.08169896 0.57128431
1403636730.063555717 -2.185457 4.602876 -0.305985 -0.11455329 -0.80914427 -0.08138811 0.57056031
1403636730.113555431 -2.165416 4.583236 -0.303378 -0.11411993 -0.80963875 -0.08092013 0.57001199
1403636730.163555622 -2.146752 4.559968 -0.304160 -0.11468619 -0.80948784 -0.08013266 0.57022388
1403636730.213555574 -2.127554 4.538389 -0.306177 -0.11412841 -0.81028041 -0.08070470 0.56912838
1403636730.263555765 -2.106669 4.515996 -0.309612 -0.11382007 -0.81034528 -0.08054639 0.56912020
1403636730.313555479 -2.088417 4.495513 -0.313448 -0.11473222 -0.80987770 -0.07867607 0.56986376
1403636730.363555670 -2.067356 4.474312 -0.317986 -0.11459776 -0.81023442 -0.07836629 0.56942626
1403636730.413555622 -2.044824 4.453121 -0.319187 -0.11392819 -0.81111194 -0.07884340 0.56824424
1403636730.463555574 -2.038433 4.424173 -0.316821 -0.11430998 -0.81324876 -0.07795696 0.56522774
1403636730.513555527 -2.015537 4.406755 -0.311329 -0.11387794 -0.81568081 -0.07834688 0.56174584
1403636730.563555717 -1.997278 4.385762 -0.300218 -0.11448363 -0.81816727 -0.07715130 0.55816082
1403636730.613555431 -1.989130 4.359611 -0.298080 -0.11521586 -0.81969687 -0.07646174 0.55585606
1403636730.663555622 -1.976079 4.339974 -0.293438 -0.11556352 -0.82051767 -0.07579289 0.55466320
1403636730.713555574 -1.965536 4.321161 -0.285843 -0.11553871 -0.82097728 -0.07542783 0.55403769
1403636730.763555765 -1.956479 4.302428 -0.275030 -0.11533024 -0.82167879 -0.07584051 0.55298384
1403636730.813555479 -1.947037 4.283815 -0.265022 -0.11496157 -0.82194819 -0.07573791 0.55267421
1403636730.863555670 -1.940486 4.265164 -0.257773 -0.11649039 -0.82216413 -0.07404477 0.55226217
1403636730.913555622 -1.932547 4.246859 -0.248629 -0.11882653 -0.82209280 -0.07111279 0.55225596
1403636730.963555574 -1.927194 4.228269 -0.241472 -0.12208716 -0.82087448 -0.06698534 0.55387072
1403636731.013555527 -1.922876 4.213526 -0.232619 -0.12546215 -0.81943873 -0.06293086 0.55571496
1403636731.063555717 -1.918719 4.197903 -0.224961 -0.12936206 -0.81561777 -0.05806044 0.56094750
1403636731.113555431 -1.912472 4.183993 -0.218797 -0.13172838 -0.81130497 -0.05595487 0.56683413
1403636731.163555622 -1.908581 4.171384 -0.212434 -0.13268827 -0.80817236 -0.05517078 0.57114573
1403636731.213555574 -1.905374 4.162526 -0.207125 -0.13168156 -0.80605802 -0.05743301 0.57413577
1403636731.263555765 -1.900992 4.152995 -0.202917 -0.12924275 -0.80446832 -0.06171096 0.57647099
1403636731.313555479 -1.894402 4.144758 -0.198727 -0.12646344 -0.80393254 -0.06665591 0.57728370
1403636731.363555670 -1.889409 4.136919 -0.197014 -0.12423955 -0.80396836 -0.07043779 0.57726764
1403636731.413555622 -1.885647 4.131733 -0.196600 -0.12164529 -0.80497021 -0.07469616 0.57588703
1403636731.463555574 -1.880190 4.124697 -0.197142 -0.12063227 -0.80456417 -0.07621271 0.57646854
1403636731.513555527 -1.874962 4.119780 -0.200562 -0.12177898 -0.80511235 -0.07485998 0.57563874
1403636731.563555717 -1.868903 4.113035 -0.203513 -0.12399525 -0.80498259 -0.07106672 0.57582786
1403636731.613555431 -1.868441 4.111879 -0.209674 -0.12598738 -0.80470352 -0.06838371 0.57611032
1403636731.663555622 -1.862065 4.106684 -0.214223 -0.12727055 -0.80452419 -0.06621187 0.57633239
1403636731.713555574 -1.856621 4.104555 -0.220564 -0.12710388 -0.80445295 -0.06700618 0.57637680
1403636731.763555765 -1.849590 4.101308 -0.226757 -0.12526474 -0.80488309 -0.06964630 0.57586573
1403636731.813555479 -1.842144 4.100093 -0.235196 -0.12405904 -0.80504909 -0.07121303 0.57570307
1403636731.863555670 -1.834387 4.097922 -0.243210 -0.12243150 -0.80538767 -0.07320850 0.57532752
1403636731.913555622 -1.827826 4.097241 -0.251781 -0.12098031 -0.80541445 -0.07427502 0.57546030
1403636731.963555574 -1.818855 4.099477 -0.262925 -0.12073125 -0.80499851 -0.07436478 0.57608267
1403636732.013555527 -1.820051 4.103190 -0.282617 -0.11997819 -0.80500028 -0.07486456 0.57617279
1403636732.063555717 -1.812171 4.102208 -0.294317 -0.11921115 -0.80426415 -0.07546944 0.57728004
1403636732.113555431 -1.804919 4.102819 -0.307111 -0.11929882 -0.80409694 -0.07494006 0.57756376
1403636732.163555622 -1.796553 4.102111 -0.320966 -0.11839867 -0.80419060 -0.07543993 0.57755350
1403636732.213555574 -1.788530 4.103212 -0.333316 -0.11761758 -0.80338611 -0.07606760 0.57874916
1403636732.263555765 -1.779186 4.102732 -0.344816 -0.11622241 -0.80295982 -0.07730596 0.57945809
1403636732.313555479 -1.767418 4.104369 -0.356182 -0.11651137 -0.80248580 -0.07611656 0.58021367
1403636732.363555670 -1.756069 4.103483 -0.364840 -0.11479285 -0.80301321 -0.07841002 0.57952072
1403636732.413555622 -1.747625 4.101923 -0.369406 -0.11184728 -0.80241084 -0.08254411 0.58035636
1403636732.463555574 -1.734912 4.094662 -0.368810 -0.10732891 -0.80155612 -0.08899167 0.58143682
1403636732.513555527 -1.723001 4.093868 -0.369541 -0.10189215 -0.80049336 -0.09636248 0.58270287
1403636732.563555717 -1.708510 4.089801 -0.369353 -0.09782226 -0.79915879 -0.10170204 0.58432245
1403636732.613555431 -1.709982 4.080651 -0.371316 -0.09434250 -0.79777615 -0.10591674 0.58603272
1403636732.663555622 -1.695000 4.072592 -0.368982 -0.09413546 -0.79627977 -0.10526394 0.58821472
1403636732.713555574 -1.683394 4.068343 -0.364722 -0.09639282 -0.79513072 -0.10169024 0.59002937
1403636732.763555765 -1.666814 4.056984 -0.359871 -0.09883004 -0.79479391 -0.09741041 0.59080156
1403636732.813555479 -1.654031 4.050259 -0.351508 -0.10144759 -0.79401854 -0.09281489 0.59213878
1403636732.863555670 -1.636090 4.037131 -0.345328 -0.10251446 -0.79393684 -0.09108802 0.59233272
1403636732.913555622 -1.643517 4.041979 -0.347557 -0.10416948 -0.79448182 -0.09046037 0.59140872
1403636732.963555574 -1.624198 4.027179 -0.344479 -0.10483945 -0.79575990 -0.08912986 0.58977177
1403636733.013555527 -1.607606 4.013462 -0.342020 -0.10505067 -0.79750661 -0.08815451 0.58751710
1403636733.063555717 -1.579345 3.992516 -0.346181 -0.10510093 -0.79907694 -0.08769672 0.58543926
1403636733.113555431 -1.539688 3.979846 -0.337646 -0.10537450 -0.80174611 -0.08621867 0.58194993
1403636733.163555622 -1.519785 3.961377 -0.331119 -0.10366393 -0.80196165 -0.08862084 0.58159922
1403636733.213555574 -1.501796 3.942925 -0.317034 -0.10337398 -0.80290582 -0.08827280 0.58039984
1403636733.263555765 -1.480745 3.925161 -0.308107 -0.10255236 -0.80339716 -0.08860713 0.57981445
1403636733.313555479 -1.458135 3.903892 -0.290311 -0.10356842 -0.80385665 -0.08663240 0.57929518
1403636733.363555670 -1.435682 3.884779 -0.279874 -0.10447343 -0.80510661 -0.08449272 0.57771068
1403636733.413555622 -1.410724 3.866644 -0.268016 -0.10518152 -0.80654509 -0.08229933 0.57588947
1403636733.463555574 -1.390966 3.846326 -0.255019 -0.10695606 -0.80741239 -0.07991986 0.57468117
1403636733.513555527 -1.370790 3.830781 -0.241391 -0.10683878 -0.80871351 -0.07893517 0.57300714
1403636733.563555717 -1.350146 3.811105 -0.228297 -0.10736914 -0.80952290 -0.07803513 0.57188728
1403636733.613555431 -1.327978 3.789589 -0.216656 -0.10658606 -0.81039599 -0.07841018 0.57074477
1403636733.663555622 -1.309048 3.767999 -0.206595 -0.10786409 -0.81097785 -0.07682216 0.56989352
1403636733.713555574 -1.293553 3.743249 -0.202902 -0.10764657 -0.81169991 -0.07690048 0.56889523
1403636733.763555765 -1.273497 3.723129 -0.196003 -0.10695160 -0.81191164 -0.07754104 0.56863717
1403636733.813555479 -1.247106 3.699475 -0.191087 -0.10739424 -0.81318732 -0.07661526 0.56685357
1403636733.863555670 -1.225582 3.678413 -0.186034 -0.10727200 -0.81358551 -0.07636679 0.56633864
1403636733.913555622 -1.205351 3.657835 -0.183838 -0.10605649 -0.81310967 -0.07798950 0.56702939
1403636733.963555574 -1.186403 3.637475 -0.181826 -0.10407282 -0.81202756 -0.08089827 0.56853810
1403636734.013555527 -1.167719 3.616127 -0.180554 -0.10317482 -0.81030752 -0.08228930 0.57095110
1403636734.063555717 -1.149279 3.595259 -0.180281 -0.10317185 -0.80878507 -0.08290987 0.57301678
1403636734.113555431 -1.130270 3.573866 -0.180535 -0.10449372 -0.80749922 -0.08208004 0.57470770
1403636734.163555622 -1.116022 3.546433 -0.184093 -0.10486624 -0.80708686 -0.08239730 0.57517350
1403636734.213555574 -1.099837 3.524216 -0.177838 -0.10546220 -0.80670591 -0.08087904 0.57581410
1403636734.263555765 -1.086331 3.497924 -0.171627 -0.10584468 -0.80634512 -0.07943736 0.57644962
1403636734.313555479 -1.068248 3.475576 -0.165855 -0.10667615 -0.80704894 -0.07767545 0.57555080
1403636734.363555670 -1.054691 3.450889 -0.156959 -0.10713697 -0.80785254 -0.07646731 0.57449864
1403636734.413555622 -1.035878 3.427320 -0.147838 -0.10777645 -0.80866171 -0.07457861 0.57348801
1403636734.463555574 -1.029611 3.401547 -0.137496 -0.10771655 -0.80992958 -0.07397266 0.57178603
1403636734.513555527 -1.013593 3.377721 -0.128798 -0.10767958 -0.81078803 -0.07312992 0.57068370
1403636734.563555717 -0.976320 3.347243 -0.116317 -0.10829524 -0.81159699 -0.07283783 0.56945335
1403636734.613555431 -0.958735 3.325611 -0.107452 -0.10825002 -0.81269456 -0.07191690 0.56801183
1403636734.663555622 -0.945897 3.306159 -0.097039 -0.10727031 -0.81391279 -0.07230519 0.56640182
1403636734.713555574 -0.929580 3.283328 -0.091860 -0.10636207 -0.81445730 -0.07237415 0.56578123
1403636734.763555765 -0.916564 3.260617 -0.086444 -0.10502668 -0.81436915 -0.07297668 0.56608011
1403636734.813555479 -0.899372 3.242032 -0.092048 -0.10500755 -0.81503330 -0.07225232 0.56522008
1403636734.863555670 -0.884272 3.220441 -0.091923 -0.10445076 -0.81510222 -0.07166341 0.56529883
1403636734.913555622 -0.871316 3.200922 -0.087905 -0.10391087 -0.81537396 -0.07057567 0.56514327
1403636734.963555574 -0.857771 3.179899 -0.089741 -0.10420018 -0.81544859 -0.06980674 0.56507782
1403636735.013555527 -0.843986 3.159127 -0.092464 -0.10339059 -0.81544204 -0.07052237 0.56514711
1403636735.063555717 -0.831749 3.138555 -0.095793 -0.10366822 -0.81506451 -0.06993773 0.56571322
1403636735.113555431 -0.821314 3.114689 -0.106221 -0.10427805 -0.81491360 -0.06947949 0.56587500
1403636735.163555622 -0.809534 3.094597 -0.109010 -0.10509325 -0.81489651 -0.06841275 0.56587877
1403636735.213555574 -0.791627 3.075790 -0.107237 -0.10608887 -0.81527585 -0.06782368 0.56521712
1403636735.263555765 -0.781808 3.056684 -0.106046 -0.10751932 -0.81585786 -0.06659484 0.56425231
1403636735.313555479 -0.770990 3.038852 -0.102950 -0.10908006 -0.81644721 -0.06583086 0.56318895
1403636735.363555670 -0.763737 3.021002 -0.095533 -0.11047632 -0.81682202 -0.06547193 0.56241461
1403636735.413555622 -0.753936 3.002387 -0.085977 -0.11123237 -0.81570492 -0.06659073 0.56375395
1403636735.463555574 -0.747846 2.985615 -0.071943 -0.11314482 -0.81482318 -0.06675181 0.56462876
1403636735.513555527 -0.739528 2.968719 -0.058898 -0.11399293 -0.81409447 -0.06876632 0.56526720
1403636735.563555717 -0.734771 2.953382 -0.041503 -0.11493572 -0.81298928 -0.07041728 0.56646238
1403636735.613555431 -0.724756 2.937749 -0.027001 -0.11571862 -0.81215550 -0.07211573 0.56728472
1403636735.663555622 -0.720535 2.923353 -0.009594 -0.11672340 -0.81172518 -0.07376699 0.56748244
1403636735.713555574 -0.712579 2.907665 0.003475 -0.11816613 -0.81205276 -0.07394419 0.56669157
1403636735.763555765 -0.709043 2.893853 0.017968 -0.11857590 -0.81224868 -0.07555388 0.56611257
1403636735.813555479 -0.698657 2.874201 0.020397 -0.11983464 -0.81171514 -0.07555211 0.56661281
1403636735.863555670 -0.695570 2.860741 0.032077 -0.11997926 -0.81130552 -0.07622778 0.56707817
1403636735.913555622 -0.694876 2.849912 0.035849 -0.11989738 -0.81111016 -0.07591255 0.56741714
1403636735.963555574 -0.692666 2.833717 0.040336 -0.11958814 -0.81089103 -0.07682910 0.56767218
1403636736.013555527 -0.687498 2.820057 0.047482 -0.11755912 -0.81067598 -0.07663775 0.56842850
1403636736.063555717 -0.685859 2.806932 0.057466 -0.11436652 -0.81061660 -0.07545409 0.56932214
1403636736.113555431 -0.667121 2.797779 0.061940 -0.11081844 -0.80977240 -0.07204579 0.57166191
1403636736.163555622 -0.673495 2.797583 0.064960 -0.10581392 -0.80912144 -0.06873868 0.57393458
1403636736.213555574 -0.661058 2.787520 0.073772 -0.10072984 -0.80862027 -0.06477741 0.57601272
1403636736.263555765 -0.663698 2.776495 0.086097 -0.09579239 -0.80889197 -0.06103656 0.57688139
1403636736.313555479 -0.649956 2.757624 0.109357 -0.09035980 -0.80940499 -0.05929065 0.57722031
1403636736.363555670 -0.646786 2.744427 0.121691 -0.08585399 -0.80963301 -0.05749720 0.57776947
1403636736.413555622 -0.641222 2.733266 0.133204 -0.08200794 -0.81009803 -0.05561350 0.57786072
1403636736.463555574 -0.635127 2.720743 0.142925 -0.07674626 -0.81035904 -0.05681568 0.57810053
1403636736.513555527 -0.611238 2.694704 0.153995 -0.07158496 -0.81042581 -0.05939410 0.57840984
1403636736.563555717 -0.606132 2.681849 0.160349 -0.06707895 -0.81049707 -0.06128988 0.57865228
1403636736.613555431 -0.590542 2.673371 0.160901 -0.06364082 -0.81035343 -0.06271429 0.57908901
1403636736.663555622 -0.584937 2.660613 0.163759 -0.06172968 -0.80996563 -0.06260140 0.57985014
1403636736.713555574 -0.578396 2.648629 0.165847 -0.06005222 -0.80972633 -0.06293742 0.58032395
1403636736.763555765 -0.567731 2.633865 0.167339 -0.05852728 -0.81047550 -0.06277813 0.57945054
1403636736.813555479 -0.556603 2.615586 0.170228 -0.05704459 -0.80982851 -0.06277943 0.58050189
1403636736.863555670 -0.545435 2.594134 0.170248 -0.05672559 -0.80949722 -0.06142904 0.58113934
1403636736.913555622 -0.528039 2.578581 0.169198 -0.05568916 -0.81013593 -0.06119974 0.58037323
1403636736.963555574 -0.519922 2.559261 0.169717 -0.05616525 -0.81026110 -0.05852492 0.58042851
1403636737.013555527 -0.511048 2.542683 0.167814 -0.05741405 -0.81050539 -0.05459149 0.58034852
1403636737.063555717 -0.503743 2.518345 0.161452 -0.05827191 -0.81009327 -0.05103235 0.58116175
1403636737.113555431 -0.485145 2.494112 0.160705 -0.05966789 -0.80944626 -0.04634612 0.58231309
1403636737.163555622 -0.474501 2.472644 0.155865 -0.05928583 -0.80961155 -0.04442633 0.58227196
1403636737.213555574 -0.472242 2.448494 0.155754 -0.05907365 -0.80986337 -0.04265115 0.58207603
1403636737.263555765 -0.461399 2.428585 0.147865 -0.05952680 -0.81026851 -0.03957593 0.58168312
1403636737.313555479 -0.454065 2.412315 0.141886 -0.05836443 -0.81172840 -0.03918403 0.57978894
1403636737.363555670 -0.442624 2.391078 0.135647 -0.05825941 -0.81280685 -0.03719564 0.57841797
1403636737.413555622 -0.437183 2.372593 0.125255 -0.05716187 -0.81430841 -0.03662925 0.57644829
1403636737.463555574 -0.423943 2.348395 0.124153 -0.05651194 -0.81577045 -0.03561131 0.57450571
1403636737.513555527 -0.415287 2.328552 0.126053 -0.05525153 -0.81685836 -0.03582662 0.57306732
1403636737.563555717 -0.403492 2.308231 0.126637 -0.05581251 -0.81740772 -0.03381838 0.57235121
1403636737.613555431 -0.401412 2.283390 0.142547 -0.05697939 -0.81801485 -0.03149638 0.57150069
1403636737.663555622 -0.393451 2.269399 0.153576 -0.05891552 -0.81879463 -0.02790452 0.57037326
1403636737.713555574 -0.385693 2.251710 0.160257 -0.06086342 -0.81964279 -0.02508046 0.56908024
1403636737.763555765 -0.374393 2.234079 0.166376 -0.06220399 -0.81979360 -0.02289999 0.56880990
1403636737.813555479 -0.367950 2.220106 0.175836 -0.06397985 -0.82007888 -0.02069052 0.56828612
1403636737.863555670 -0.357310 2.204496 0.186104 -0.06518898 -0.82001292 -0.01958526 0.56828305
1403636737.913555622 -0.351833 2.192151 0.200056 -0.06562020 -0.82012162 -0.01922564 0.56808881
1403636737.963555574 -0.342048 2.179073 0.214397 -0.06629766 -0.81990993 -0.01910426 0.56831976
1403636738.013555527 -0.338349 2.168326 0.233632 -0.06668672 -0.81968586 -0.01986678 0.56857126
1403636738.063555717 -0.328789 2.157592 0.251424 -0.06681488 -0.81982493 -0.02098178 0.56831559
1403636738.113555431 -0.319368 2.147596 0.269681 -0.06540703 -0.81925531 -0.02429242 0.56916828
1403636738.163555622 -0.310689 2.138696 0.286848 -0.06537207 -0.81851394 -0.02575318 0.57017383
1403636738.213555574 -0.313547 2.133992 0.306739 -0.06495342 -0.81803711 -0.02788906 0.57080516
1403636738.263555765 -0.305270 2.126558 0.320460 -0.06564326 -0.81795425 -0.02853782 0.57081292
1403636738.313555479 -0.304370 2.121741 0.335755 -0.06580496 -0.81806031 -0.02962468 0.57058690
1403636738.363555670 -0.297129 2.115317 0.346480 -0.06691343 -0.81819988 -0.03009271 0.57023326
1403636738.413555622 -0.319182 2.102579 0.361832 -0.06730175 -0.81879333 -0.03085810 0.56929407
1403636738.463555574 -0.314176 2.097117 0.369705 -0.06868085 -0.81884050 -0.03244778 0.56897304
1403636738.513555527 -0.312086 2.093037 0.375579 -0.07208294 -0.81927971 -0.03412686 0.56782055
1403636738.563555717 -0.307909 2.089435 0.379918 -0.07666349 -0.81982940 -0.03674272 0.56626181
1403636738.613555431 -0.326172 2.105201 0.390136 -0.08312188 -0.82052023 -0.03908326 0.56418951
1403636738.663555622 -0.341962 2.111823 0.399073 -0.09029994 -0.82013563 -0.04303460 0.56335734
1403636738.713555574 -0.354360 2.107079 0.398919 -0.09854764 -0.81900725 -0.04745129 0.56326181
1403636738.763555765 -0.359279 2.112401 0.398917 -0.10777393 -0.81630164 -0.05272490 0.56502787
1403636738.813555479 -0.347036 2.104481 0.399681 -0.11803118 -0.81325214 -0.05764558 0.56689204
1403636738.863555670 -0.354492 2.110447 0.395213 -0.12926251 -0.80976629 -0.06259166 0.56890425
1403636738.913555622 -0.366524 2.113870 0.388601 -0.14052699 -0.80703977 -0.06820051 0.56946261
1403636738.963555574 -0.369891 2.117597 0.383225 -0.15313267 -0.80410054 -0.07320451 0.56974890
1403636739.013555527 -0.384651 2.126925 0.374197 -0.16612773 -0.80082548 -0.07850420 0.57001511
1403636739.063555717 -0.393424 2.129215 0.354019 -0.17930674 -0.79796557 -0.08459530 0.56916050
1403636739.113555431 -0.414896 2.147181 0.340370 -0.18947341 -0.79548551 -0.09307652 0.56801356
1403636739.163555622 -0.416400 2.156124 0.327825 -0.19925454 -0.79370648 -0.10425566 0.56520652
1403636739.213555574 -0.419833 2.173799 0.314882 -0.20921112 -0.79091436 -0.11561588 0.56331000
1403636739.263555765 -0.420375 2.186465 0.301315 -0.21849386 -0.78851737 -0.12807821 0.56044336
1403636739.313555479 -0.419781 2.199262 0.285253 -0.22705229 -0.78578984 -0.14094820 0.55777700
1403636739.363555670 -0.412366 2.207546 0.274983 -0.23516674 -0.78322155 -0.15405594 0.55455150
1403636739.413555622 -0.378953 2.232707 0.277335 -0.24369503 -0.78080187 -0.16389327 0.55145277
1403636739.463555574 -0.383166 2.243666 0.265236 -0.25277904 -0.77773079 -0.17407276 0.54857657
1403636739.513555527 -0.381541 2.256419 0.256925 -0.26285728 -0.77472222 -0.18132228 0.54574148
1403636739.563555717 -0.378666 2.261156 0.250474 -0.27281785 -0.77067323 -0.18633106 0.54489809
1403636739.613555431 -0.375964 2.272040 0.245863 -0.28130286 -0.76764904 -0.19002982 0.54357366
1403636739.663555622 -0.388870 2.278601 0.241883 -0.28732361 -0.76619354 -0.19382850 0.54113133
1403636739.713555574 -0.390844 2.288444 0.237498 -0.29204393 -0.76411193 -0.19705994 0.54038013
1403636739.763555765 -0.390693 2.299714 0.234229 -0.29754907 -0.76222938 -0.19699474 0.54005926
1403636739.813555479 -0.387576 2.315520 0.228479 -0.30103655 -0.76079452 -0.19759121 0.53993186
1403636739.863555670 -0.385881 2.331596 0.210248 -0.30323931 -0.76018962 -0.19830534 0.53928903
1403636739.913555622 -0.388387 2.350981 0.193859 -0.30407706 -0.75983985 -0.19871583 0.53915912
1403636739.963555574 -0.389148 2.363974 0.184825 -0.30435230 -0.75959097 -0.19972138 0.53898294
1403636740.013555527 -0.388915 2.376896 0.172610 -0.30403837 -0.76008637 -0.20045978 0.53818701
1403636740.063555717 -0.389648 2.388814 0.162232 -0.30256354 -0.76075395 -0.20157349 0.53765868
1403636740.113555431 -0.387914 2.403587 0.147004 -0.30013638 -0.76124361 -0.20378192 0.53749349
1403636740.163555622 -0.388121 2.417125 0.133981 -0.29707717 -0.76234824 -0.20648941 0.53659337
1403636740.213555574 -0.387429 2.430691 0.118714 -0.29360753 -0.76296768 -0.20933080 0.53652172
1403636740.263555765 -0.387921 2.443698 0.103989 -0.29096237 -0.76389854 -0.21124383 0.53588801
1403636740.313555479 -0.388432 2.455782 0.087840 -0.29017462 -0.76304715 -0.21011016 0.53796976
1403636740.363555670 -0.389524 2.467713 0.071329 -0.29001897 -0.76275111 -0.20763038 0.53943430
1403636740.413555622 -0.389372 2.480783 0.051060 -0.29120415 -0.76203366 -0.20426619 0.54109164
1403636740.463555574 -0.390666 2.492188 0.031938 -0.29174653 -0.76226133 -0.20135217 0.54157080
1403636740.513555527 -0.389847 2.504602 0.011558 -0.29173384 -0.76089813 -0.19913040 0.54430918
1403636740.563555717 -0.390518 2.515854 -0.006028 -0.29084044 -0.76088384 -0.19856096 0.54501483
1403636740.613555431 -0.390352 2.525951 -0.023128 -0.28995257 -0.76100978 -0.19759284 0.54566353
1403636740.663555622 -0.390611 2.537180 -0.037522 -0.29045108 -0.76171139 -0.19544863 0.54519149
1403636740.713555574 -0.390319 2.547320 -0.051034 -0.29081238 -0.76295446 -0.19336680 0.54400178
1403636740.763555765 -0.390276 2.554090 -0.062460 -0.28991362 -0.76482685 -0.19294282 0.54199913
1403636740.813555479 -0.381951 2.565970 -0.071310 -0.28916826 -0.76504436 -0.19180911 0.54249251
1403636740.863555670 -0.380186 2.577529 -0.083588 -0.28850929 -0.76478158 -0.19152969 0.54331198
1403636740.913555622 -0.377857 2.587242 -0.098898 -0.28591477 -0.76479853 -0.19394478 0.54380269
1403636740.963555574 -0.375485 2.598982 -0.113973 -0.28254403 -0.76463772 -0.19804676 0.54431195
1403636741.013555527 -0.371041 2.602793 -0.131777 -0.27760178 -0.76539508 -0.20436880 0.54345286
1403636741.063555717 -0.367384 2.616746 -0.148853 -0.27431078 -0.76527823 -0.21058086 0.54291668
1403636741.113555431 -0.362674 2.620434 -0.169835 -0.27456829 -0.76392588 -0.21391595 0.54338704
1403636741.163555622 -0.330879 2.555702 -0.183321 -0.27739048 -0.76135033 -0.21693016 0.54437257
1403636741.213555574 -0.324673 2.556559 -0.210423 -0.28274696 -0.75860199 -0.21651144 0.54561890
1403636741.263555765 -0.319892 2.560329 -0.235767 -0.28885092 -0.75623350 -0.21425755 0.54659834
1403636741.313555479 -0.313787 2.546461 -0.255391 -0.29423956 -0.75484825 -0.21198883 0.54652351
1403636741.363555670 -0.308000 2.547669 -0.281725 -0.29996240 -0.75556552 -0.20895244 0.54358273
1403636741.413555622 -0.286877 2.549952 -0.306232 -0.30429666 -0.75632931 -0.20727485 0.54074638
1403636741.463555574 -0.280169 2.550597 -0.329202 -0.30756418 -0.75790102 -0.20644483 0.53700172
1403636741.513555527 -0.274717 2.551179 -0.350433 -0.31085445 -0.76109311 -0.20493552 0.53113861
1403636741.563555717 -0.268517 2.551734 -0.370194 -0.31526554 -0.76200060 -0.20121706 0.52865340
1403636741.613555431 -0.261773 2.552949 -0.387846 -0.31511737 -0.76423808 -0.20311678 0.52477117
1403636741.663555622 -0.265320 2.552604 -0.407174 -0.31578976 -0.76507169 -0.20324451 0.52310018
1403636741.713555574 -0.258874 2.555939 -0.421140 -0.31529950 -0.76486159 -0.20431005 0.52328805
1403636741.763555765 -0.253965 2.560245 -0.432577 -0.31371881 -0.76396104 -0.20608732 0.52485431
1403636741.813555479 -0.249426 2.565461 -0.443098 -0.31150699 -0.76325040 -0.20812386 0.52639973
1403636741.863555670 -0.244919 2.570665 -0.454520 -0.30847870 -0.76250025 -0.21087086 0.52817397
1403636741.913555622 -0.240080 2.575525 -0.467732 -0.30523895 -0.76266240 -0.21347183 0.52877691
1403636741.963555574 -0.236290 2.580836 -0.482641 -0.30091722 -0.76333007 -0.21708360 0.52882014
1403636742.013555527 -0.225051 2.579231 -0.506578 -0.29737164 -0.76518031 -0.21949566 0.52715354
1403636742.063555717 -0.222229 2.583271 -0.523918 -0.29571787 -0.76747853 -0.21886939 0.52499890
1403636742.113555431 -0.220920 2.588055 -0.539807 -0.29615191 -0.77041268 -0.21537912 0.52189097
1403636742.163555622 -0.218846 2.594787 -0.553490 -0.29739653 -0.77215711 -0.21123670 0.52029583
1403636742.213555574 -0.215622 2.591632 -0.568493 -0.29848338 -0.77255464 -0.20849976 0.52018732
1403636742.263555765 -0.220175 2.594441 -0.580457 -0.29988781 -0.77261730 -0.20400922 0.52106626
1403636742.313555479 -0.221679 2.599265 -0.589909 -0.29894602 -0.77163973 -0.20236371 0.52369107
1403636742.363555670 -0.223154 2.603121 -0.598817 -0.29853486 -0.76945547 -0.20137387 0.52750713
1403636742.413555622 -0.227257 2.608858 -0.603675 -0.29687320 -0.76751032 -0.20128963 0.53129717
1403636742.463555574 -0.229916 2.613793 -0.608940 -0.29608971 -0.76611606 -0.20085373 0.53390528
1403636742.513555527 -0.234531 2.620326 -0.611704 -0.29484885 -0.76548114 -0.20087584 0.53549199
1403636742.563555717 -0.239438 2.627933 -0.614542 -0.29405722 -0.76515831 -0.20041635 0.53655979
1403636742.613555431 -0.244411 2.635042 -0.616583 -0.29271020 -0.76421633 -0.20108245 0.53838647
1403636742.663555622 -0.248298 2.641162 -0.621685 -0.29187850 -0.76292422 -0.20140496 0.54054567
1403636742.713555574 -0.253559 2.649127 -0.626095 -0.29076359 -0.76170412 -0.20129279 0.54290384
1403636742.763555765 -0.257562 2.655170 -0.636078 -0.28969788 -0.76090704 -0.20146062 0.54452661
1403636742.813555479 -0.262971 2.662744 -0.644196 -0.28909293 -0.76020648 -0.20143624 0.54583407
1403636742.863555670 -0.266359 2.668193 -0.657869 -0.28880864 -0.75972393 -0.20037238 0.54704665
1403636742.913555622 -0.274842 2.693748 -0.662534 -0.28910126 -0.75943489 -0.19925497 0.54770116
1403636742.963555574 -0.276929 2.699593 -0.679677 -0.29022453 -0.75914618 -0.19927962 0.54749834
1403636743.013555527 -0.280758 2.706614 -0.694934 -0.29205908 -0.75990540 -0.20006576 0.54517792
1403636743.063555717 -0.282244 2.712530 -0.716089 -0.29631764 -0.76189014 -0.19956710 0.54027052
1403636743.113555431 -0.285016 2.718633 -0.735185 -0.30175814 -0.76548438 -0.19795516 0.53271891
1403636743.163555622 -0.286564 2.725075 -0.755814 -0.30692235 -0.77034704 -0.19589355 0.52344038
1403636743.213555574 -0.290946 2.741836 -0.755612 -0.31075391 -0.77402361 -0.19485491 0.51609207
1403636743.263555765 -0.278842 2.728918 -0.764697 -0.31394167 -0.77761090 -0.19554256 0.50845356
1403636743.313555479 -0.280556 2.733494 -0.777580 -0.31695479 -0.77848320 -0.19474786 0.50554609
1403636743.363555670 -0.286442 2.745113 -0.788391 -0.31944217 -0.77856629 -0.19362005 0.50428416
1403636743.413555622 -0.292685 2.757067 -0.798771 -0.32093347 -0.77795263 -0.19369693 0.50425481
1403636743.463555574 -0.301359 2.771131 -0.805898 -0.32101161 -0.77566995 -0.19503568 0.50719696
1403636743.513555527 -0.309840 2.785528 -0.813391 -0.32051522 -0.77359473 -0.19706578 0.50988849
1403636743.563555717 -0.321969 2.798344 -0.815194 -0.31966491 -0.77071756 -0.19941275 0.51385148
1403636743.613555431 -0.332466 2.815994 -0.826711 -0.31710405 -0.76868640 -0.20314212 0.51701017
1403636743.663555622 -0.343855 2.839063 -0.847631 -0.31521851 -0.76719018 -0.20556770 0.51942125
1403636743.713555574 -0.355713 2.857836 -0.861204 -0.31318726 -0.76476383 -0.20910733 0.52280412
1403636743.763555765 -0.368307 2.876904 -0.876115 -0.31240229 -0.76158874 -0.21333983 0.52618772
1403636743.813555479 -0.381118 2.895957 -0.892861 -0.31458056 -0.75899025 -0.21541965 0.52779469
1403636743.863555670 -0.407297 2.871500 -0.921432 -0.31822305 -0.75473396 -0.21766191 0.53078624
1403636743.913555622 -0.418358 2.888202 -0.940898 -0.31895179 -0.75232381 -0.22158613 0.53214493
1403636743.963555574 -0.427782 2.909508 -0.961757 -0.31983182 -0.75021115 -0.22444417 0.53340009
1403636744.013555527 -0.438313 2.931723 -0.983599 -0.32164402 -0.74864375 -0.22560613 0.53402202
1403636744.063555717 -0.453328 2.952919 -1.004833 -0.32244350 -0.74755005 -0.22966361 0.53334205
1403636744.113555431 -0.477455 2.991077 -1.036377 -0.32579024 -0.74574666 -0.23229690 0.53269203
1403636744.163555622 -0.491322 3.009017 -1.062730 -0.32889053 -0.74367497 -0.23496088 0.53251474
1403636744.213555574 -0.511286 3.028246 -1.088617 -0.33259496 -0.74130020 -0.23579156 0.53315753
1403636744.263555765 -0.524786 3.044584 -1.117959 -0.33617915 -0.73852367 -0.23586244 0.53472916
1403636744.313555479 -0.537719 3.060285 -1.148946 -0.33877034 -0.73724573 -0.23637313 0.53463178
1403636744.363555670 -0.550530 3.075669 -1.181450 -0.34216700 -0.73565635 -0.23508829 0.53522423
1403636744.413555622 -0.564004 3.095332 -1.210695 -0.34468591 -0.73446812 -0.23292969 0.53618277
1403636744.463555574 -0.576032 3.110129 -1.245309 -0.34747637 -0.73306022 -0.23037742 0.53740965
1403636744.513555527 -0.588473 3.124442 -1.282259 -0.35056911 -0.73143641 -0.22583161 0.53953885
1403636744.563555717 -0.599075 3.139581 -1.319043 -0.35065590 -0.73021968 -0.22533350 0.54133582
1403636744.613555431 -0.608225 3.154628 -1.357972 -0.35182820 -0.72873084 -0.22292338 0.54357469
1403636744.663555622 -0.616777 3.170106 -1.396634 -0.35145309 -0.72774131 -0.22273567 0.54521751
1403636744.713555574 -0.623401 3.186096 -1.437147 -0.34932931 -0.72739956 -0.22541525 0.54593669
1403636744.763555765 -0.621883 3.211126 -1.474110 -0.34626567 -0.72831146 -0.22996861 0.54477237
1403636744.813555479 -0.625781 3.228042 -1.512127 -0.34399740 -0.72959104 -0.23296423 0.54322221
1403636744.863555670 -0.621512 3.238394 -1.544174 -0.34144795 -0.73177338 -0.23532937 0.54087070
1403636744.913555622 -0.620464 3.243824 -1.578189 -0.34016321 -0.73463611 -0.23720807 0.53696472
1403636744.963555574 -0.623041 3.265889 -1.608907 -0.33949085 -0.73688221 -0.23661881 0.53456722
1403636745.013555527 -0.621932 3.280822 -1.636766 -0.33947940 -0.73981067 -0.23479809 0.53132266
1403636745.063555717 -0.621201 3.291868 -1.665191 -0.33870884 -0.74237269 -0.23333009 0.52888202
1403636745.113555431 -0.615074 3.298508 -1.697672 -0.33905542 -0.74530277 -0.23063085 0.52571343
1403636745.163555622 -0.616635 3.309436 -1.721189 -0.33935412 -0.74643746 -0.22724905 0.52538345
1403636745.213555574 -0.617740 3.322753 -1.743277 -0.33688152 -0.74805013 -0.22688128 0.52483972
1403636745.263555765 -0.620101 3.334878 -1.765077 -0.33491320 -0.74952714 -0.22574544 0.52448185
1403636745.313555479 -0.619472 3.357605 -1.785655 -0.33233502 -0.75027040 -0.22515973 0.52531025
1403636745.363555670 -0.621967 3.370981 -1.804027 -0.32851987 -0.74913611 -0.22639455 0.52878661
1403636745.413555622 -0.624761 3.384382 -1.818207 -0.32563317 -0.74709836 -0.22767921 0.53288766
1403636745.463555574 -0.626554 3.396892 -1.831025 -0.32297817 -0.74559118 -0.22982549 0.53568566
1403636745.513555527 -0.632234 3.412108 -1.838149 -0.32291795 -0.74377267 -0.23014507 0.53810729
1403636745.563555717 -0.633885 3.423665 -1.847895 -0.32327184 -0.74278542 -0.23081644 0.53897022
1403636745.613555431 -0.636497 3.434891 -1.854079 -0.32448363 -0.74144661 -0.23207550 0.53954450
1403636745.663555622 -0.637392 3.444737 -1.860588 -0.32597653 -0.74035406 -0.23374809 0.53942284
1403636745.713555574 -0.635514 3.462968 -1.847057 -0.32751923 -0.73900989 -0.23598034 0.53935964
1403636745.763555765 -0.637466 3.476504 -1.849155 -0.32897925 -0.73854804 -0.23906181 0.53774426
1403636745.813555479 -0.641113 3.484929 -1.847284 -0.33077918 -0.73849177 -0.24154730 0.53560241
1403636745.863555670 -0.642382 3.492888 -1.845625 -0.33212373 -0.73819518 -0.24522340 0.53350463
1403636745.913555622 -0.645570 3.499976 -1.839868 -0.33402031 -0.73719290 -0.24858524 0.53214888
1403636745.963555574 -0.647040 3.505702 -1.835231 -0.33470949 -0.73701211 -0.25328594 0.52974422
1403636746.013555527 -0.649141 3.515437 -1.819797 -0.33603949 -0.73655234 -0.25707277 0.52771365
1403636746.063555717 -0.651222 3.508820 -1.807171 -0.33686231 -0.73628476 -0.26078924 0.52573521
1403636746.113555431 -0.655724 3.517099 -1.793090 -0.33773796 -0.73675372 -0.26387540 0.52296922
1403636746.163555622 -0.659106 3.517412 -1.780232 -0.33857398 -0.73576428 -0.26606920 0.52271002
1403636746.213555574 -0.665159 3.512712 -1.768154 -0.33895890 -0.73427234 -0.26833539 0.52339957
1403636746.263555765 -0.670106 3.510669 -1.751456 -0.33916759 -0.73093400 -0.27034471 0.52689141
1403636746.313555479 -0.675001 3.507016 -1.736628 -0.33771509 -0.72603434 -0.27367488 0.53284586
1403636746.363555670 -0.680589 3.500646 -1.722514 -0.33762303 -0.72227065 -0.27468581 0.53747883
1403636746.413555622 -0.686274 3.493616 -1.710552 -0.33753077 -0.72056427 -0.27527005 0.53952434
1403636746.463555574 -0.692120 3.483576 -1.701889 -0.33982307 -0.72141520 -0.27191473 0.53864902
1403636746.513555527 -0.697436 3.473925 -1.694932 -0.34211817 -0.72419427 -0.26783202 0.53550334
1403636746.563555717 -0.703190 3.460921 -1.691071 -0.34568257 -0.72888773 -0.26126618 0.53006247
1403636746.613555431 -0.708922 3.449258 -1.689176 -0.34926986 -0.73488547 -0.25414334 0.52284326
1403636746.663555622 -0.723654 3.426122 -1.691136 -0.35449716 -0.74011736 -0.24605716 0.51576539
1403636746.713555574 -0.731424 3.414375 -1.691957 -0.35904729 -0.74491737 -0.23671025 0.51005041
1403636746.763555765 -0.740133 3.400562 -1.693448 -0.36263069 -0.74751897 -0.22902035 0.50721204
1403636746.813555479 -0.748940 3.390476 -1.695089 -0.36485289 -0.74795511 -0.22317537 0.50758081
1403636746.863555670 -0.758911 3.381440 -1.696577 -0.36616591 -0.74762972 -0.21897025 0.50894435
1403636746.913555622 -0.767776 3.374696 -1.698400 -0.36595903 -0.74687089 -0.21700949 0.51104280
1403636746.963555574 -0.776931 3.369023 -1.698825 -0.36445269 -0.74673366 -0.21705685 0.51229815
1403636747.013555527 -0.786627 3.366195 -1.696042 -0.36292647 -0.74583999 -0.21764761 0.51442842
1403636747.063555717 -0.796141 3.364677 -1.690352 -0.35835816 -0.74543081 -0.22289432 0.51597525
1403636747.113555431 -0.805412 3.363164 -1.682383 -0.35385277 -0.74470895 -0.22898828 0.51745643
1403636747.163555622 -0.816152 3.364401 -1.672226 -0.35090275 -0.74312729 -0.23320570 0.51985017
1403636747.213555574 -0.826194 3.365415 -1.660837 -0.34691853 -0.74246400 -0.23901071 0.52083455
1403636747.263555765 -0.838857 3.368688 -1.645854 -0.34452917 -0.74170970 -0.24308030 0.52161129
1403636747.313555479 -0.849005 3.368233 -1.630152 -0.34318170 -0.74151047 -0.24578426 0.52151572
1403636747.363555670 -0.862288 3.370503 -1.611756 -0.34283688 -0.74099476 -0.24727659 0.52177000
1403636747.413555622 -0.871428 3.368269 -1.598822 -0.34297247 -0.74025911 -0.24871296 0.52204234
1403636747.463555574 -0.885566 3.369910 -1.582696 -0.34339705 -0.73988323 -0.25013505 0.52161646
1403636747.513555527 -0.895289 3.367019 -1.572595 -0.34539196 -0.73979044 -0.24959811 0.52068731
1403636747.563555717 -0.910235 3.367635 -1.559484 -0.34656983 -0.74003538 -0.24949192 0.51960635
1403636747.613555431 -0.919998 3.364819 -1.551719 -0.34849477 -0.73968894 -0.24881133 0.51913831
1403636747.663555622 -0.935598 3.364608 -1.537911 -0.34954130 -0.73973079 -0.24919731 0.51818910
1403636747.713555574 -0.949927 3.363771 -1.522506 -0.35070950 -0.73935414 -0.24938023 0.51784921
1403636747.763555765 -0.966145 3.362694 -1.505090 -0.35174205 -0.73937894 -0.25013686 0.51674739
1403636747.813555479 -0.977030 3.358187 -1.491474 -0.35305422 -0.73884938 -0.25017909 0.51658953
1403636747.863555670 -0.994764 3.357218 -1.469325 -0.35471584 -0.73749691 -0.24993853 0.51749948
1403636747.913555622 -1.007140 3.352843 -1.453480 -0.35956843 -0.73486173 -0.24512805 0.52019324
1403636747.963555574 -1.025668 3.351717 -1.429038 -0.36452842 -0.73073526 -0.24006679 0.52489327
1403636748.013555527 -1.035971 3.348995 -1.411496 -0.36956458 -0.72775174 -0.23484568 0.52787018
1403636748.063555717 -1.052837 3.348587 -1.389675 -0.37329747 -0.72563372 -0.23147076 0.52964704
1403636748.113555431 -1.061950 3.341830 -1.378893 -0.37535970 -0.72472502 -0.23016882 0.53000100
1403636748.163555622 -1.076798 3.342347 -1.360733 -0.37804694 -0.72399268 -0.22794093 0.53005475
1403636748.213555574 -1.086241 3.342858 -1.348712 -0.37771796 -0.72461392 -0.22963980 0.52870537
1403636748.263555765 -1.098786 3.345044 -1.333781 -0.37480676 -0.72671061 -0.23432737 0.52583482
1403636748.313555479 -1.106627 3.345244 -1.325862 -0.37088637 -0.72883485 -0.24047283 0.52289185
1403636748.363555670 -1.127911 3.344748 -1.317895 -0.36650613 -0.73104282 -0.24682027 0.51993212
1403636748.413555622 -1.135153 3.345400 -1.313958 -0.36225859 -0.73282995 -0.25209417 0.51785858
1403636748.463555574 -1.141990 3.371069 -1.306187 -0.36045829 -0.73301486 -0.25419441 0.51782645
1403636748.513555527 -1.150820 3.368779 -1.298290 -0.35816093 -0.73331257 -0.25689136 0.51766809
1403636748.563555717 -1.162477 3.371265 -1.283670 -0.35830463 -0.73301343 -0.25699517 0.51794072
1403636748.613555431 -1.174078 3.374194 -1.268970 -0.36033224 -0.73138100 -0.25425096 0.52019127
1403636748.663555622 -1.185719 3.376063 -1.251684 -0.36251853 -0.72983184 -0.25165948 0.52210470
1403636748.713555574 -1.197116 3.378664 -1.235049 -0.36563314 -0.72786410 -0.24791008 0.52446816
1403636748.763555765 -1.200414 3.388070 -1.221839 -0.36848612 -0.72614336 -0.24447395 0.52646584
1403636748.813555479 -1.196078 3.408543 -1.253918 -0.37054050 -0.72464955 -0.24161157 0.52840005
1403636748.863555670 -1.204257 3.410772 -1.241378 -0.37240712 -0.72339920 -0.24052663 0.52929526
1403636748.913555622 -1.212170 3.415773 -1.229940 -0.37459768 -0.72189405 -0.23956816 0.53023830
1403636748.963555574 -1.218584 3.418916 -1.219679 -0.37634033 -0.72086680 -0.23984598 0.53027626
1403636749.013555527 -1.226512 3.423178 -1.210741 -0.37793128 -0.71977529 -0.24016313 0.53048389
1403636749.063555717 -1.231261 3.426900 -1.202105 -0.38071781 -0.71807436 -0.23836194 0.53160771
1403636749.113555431 -1.238037 3.440177 -1.194271 -0.38365353 -0.71623943 -0.23587266 0.53308079
1403636749.163555622 -1.240541 3.445420 -1.186837 -0.38501414 -0.71511145 -0.23561667 0.53372699
1403636749.213555574 -1.244917 3.452573 -1.179842 -0.38489562 -0.71512405 -0.23769015 0.53287555
1403636749.263555765 -1.244372 3.458763 -1.169899 -0.38208836 -0.71618648 -0.24375569 0.53072458
1403636749.313555479 -1.260749 3.467566 -1.168908 -0.37930981 -0.71712057 -0.24917437 0.52893695
1403636749.363555670 -1.261693 3.473441 -1.156314 -0.37709749 -0.71848520 -0.25350244 0.52660518
1403636749.413555622 -1.260592 3.479728 -1.141309 -0.37482809 -0.71954573 -0.25747557 0.52484681
1403636749.463555574 -1.268002 3.487919 -1.134042 -0.37233767 -0.72057036 -0.26147232 0.52323537
1403636749.513555527 -1.265953 3.494683 -1.117710 -0.37003778 -0.72199010 -0.26473491 0.52126554
1403636749.563555717 -1.263481 3.499268 -1.101275 -0.36730344 -0.72371519 -0.26815436 0.51905467
1403636749.613555431 -1.261360 3.505279 -1.085165 -0.36438262 -0.72452208 -0.27163939 0.51817478
1403636749.663555622 -1.259458 3.508815 -1.071379 -0.36341609 -0.72507676 -0.27217059 0.51779880
1403636749.713555574 -1.270146 3.515952 -1.059482 -0.36282674 -0.72474627 -0.27175134 0.51889383
1403636749.763555765 -1.269928 3.518076 -1.048691 -0.36203133 -0.72319585 -0.27131424 0.52183299
1403636749.813555479 -1.275744 3.523328 -1.039302 -0.36104660 -0.72108095 -0.27114593 0.52551641
1403636749.863555670 -1.280744 3.532940 -1.027732 -0.36028956 -0.71851995 -0.27014220 0.53004123
1403636749.913555622 -1.280781 3.534853 -1.020708 -0.35889151 -0.71714530 -0.26982258 0.53300589
1403636749.963555574 -1.280433 3.538135 -1.015606 -0.35740427 -0.71601086 -0.26920895 0.53583316
1403636750.013555527 -1.279616 3.537708 -1.011496 -0.35618684 -0.71582155 -0.26808154 0.53745952
1403636750.063555717 -1.278349 3.534338 -1.009005 -0.35522903 -0.71590455 -0.26686433 0.53858745
1403636750.113555431 -1.276909 3.530120 -1.006881 -0.35486570 -0.71740592 -0.26494400 0.53777667
1403636750.163555622 -1.274390 3.524272 -1.003946 -0.35451052 -0.71901811 -0.26332544 0.53665162
1403636750.213555574 -1.272300 3.516950 -0.999242 -0.35443620 -0.72042498 -0.26119738 0.53585330
1403636750.263555765 -1.269052 3.509327 -0.993322 -0.35394768 -0.72292238 -0.25987130 0.53345213
1403636750.313555479 -1.268623 3.501052 -0.984098 -0.35392718 -0.72456146 -0.25761890 0.53233330
1403636750.363555670 -1.265449 3.492737 -0.972685 -0.35290260 -0.72700922 -0.25665173 0.53013888
1403636750.413555622 -1.262775 3.483987 -0.958788 -0.35360128 -0.72779013 -0.25373069 0.53000792
1403636750.463555574 -1.259838 3.475060 -0.942060 -0.35197553 -0.72954827 -0.25296923 0.52903602
1403636750.513555527 -1.254857 3.465365 -0.922168 -0.35042299 -0.73002070 -0.25202930 0.52986294
1403636750.563555717 -1.250885 3.456941 -0.899808 -0.34886745 -0.73130326 -0.25107449 0.52957402
1403636750.613555431 -1.250484 3.455205 -0.866087 -0.34813197 -0.73216956 -0.24981518 0.52945656
1403636750.663555622 -1.247392 3.446519 -0.840125 -0.34616623 -0.73315833 -0.25045584 0.52907436
1403636750.713555574 -1.240888 3.434042 -0.815704 -0.34519229 -0.73416189 -0.24952158 0.52876041
1403636750.763555765 -1.237490 3.424466 -0.787335 -0.34447431 -0.73526336 -0.24857130 0.52814539
1403636750.813555479 -1.230751 3.410472 -0.760914 -0.34349591 -0.73614568 -0.24858455 0.52754698
1403636750.863555670 -1.227061 3.399856 -0.728945 -0.34289424 -0.73685669 -0.24806263 0.52719132
1403636750.913555622 -1.219103 3.383772 -0.699052 -0.34190277 -0.73840294 -0.24876104 0.52533945
1403636750.963555574 -1.214848 3.371622 -0.666207 -0.34079521 -0.73950626 -0.24979769 0.52401357
1403636751.013555527 -1.207618 3.353970 -0.637723 -0.34055703 -0.74032251 -0.25034158 0.52275481
1403636751.063555717 -1.204007 3.341291 -0.606898 -0.34054203 -0.74043263 -0.25063767 0.52246666
1403636751.113555431 -1.201594 3.325318 -0.581385 -0.34114344 -0.74038298 -0.25024756 0.52233165
1403636751.163555622 -1.199129 3.311859 -0.554684 -0.34294784 -0.74132850 -0.24874124 0.52052534
1403636751.213555574 -1.195123 3.295480 -0.531838 -0.34386600 -0.74379846 -0.24827907 0.51660191
1403636751.263555765 -1.193706 3.281739 -0.507224 -0.34629487 -0.74568944 -0.24590172 0.51338042
1403636751.313555479 -1.192939 3.267924 -0.482786 -0.34858328 -0.74619970 -0.24365422 0.51216045
1403636751.363555670 -1.192533 3.254582 -0.458417 -0.35154643 -0.74514024 -0.24076911 0.51304128
1403636751.413555622 -1.193531 3.242870 -0.435383 -0.35387519 -0.74268460 -0.23865953 0.51597826
1403636751.463555574 -1.193417 3.230229 -0.411932 -0.35682449 -0.73949932 -0.23554282 0.51993906
1403636751.513555527 -1.193849 3.224880 -0.390176 -0.35820298 -0.73687321 -0.23303381 0.52383561
1403636751.563555717 -1.193699 3.209099 -0.373228 -0.35753367 -0.73477900 -0.23088959 0.52816615
1403636751.613555431 -1.214162 3.229845 -0.348455 -0.35769716 -0.73447008 -0.22708967 0.53012897
1403636751.663555622 -1.213393 3.221057 -0.327653 -0.35679125 -0.73502467 -0.22378837 0.53137322
1403636751.713555574 -1.212995 3.213734 -0.308193 -0.35629904 -0.73744623 -0.21999251 0.52993146
1403636751.763555765 -1.211253 3.206574 -0.288914 -0.35589584 -0.74033431 -0.21640536 0.52764759
1403636751.813555479 -1.209372 3.202092 -0.273298 -0.35559634 -0.74364069 -0.21312714 0.52452512
1403636751.863555670 -1.206535 3.197730 -0.254788 -0.35364203 -0.74765336 -0.21299888 0.52017617
1403636751.913555622 -1.203924 3.194967 -0.236799 -0.34999192 -0.75082035 -0.21506636 0.51722425
1403636751.963555574 -1.196148 3.184307 -0.214330 -0.34614609 -0.75357777 -0.21744943 0.51480013
1403636752.013555527 -1.194094 3.184881 -0.196954 -0.34302307 -0.75560537 -0.22014043 0.51277080
1403636752.063555717 -1.192154 3.185028 -0.178708 -0.34082753 -0.75589546 -0.22206332 0.51297810
1403636752.113555431 -1.191079 3.187647 -0.163266 -0.33906977 -0.75525096 -0.22350720 0.51446302
1403636752.163555622 -1.191862 3.188597 -0.146730 -0.33591347 -0.75361906 -0.22495789 0.51828023
1403636752.213555574 -1.210545 3.220101 -0.149947 -0.33167168 -0.75247897 -0.22548765 0.52242187
1403636752.263555765 -1.211275 3.222001 -0.134487 -0.32724711 -0.75143584 -0.22441667 0.52715336
1403636752.313555479 -1.211173 3.223792 -0.112220 -0.32190807 -0.75009738 -0.22293316 0.53294457
1403636752.363555670 -1.220960 3.233577 -0.087719 -0.31594225 -0.74984261 -0.22024290 0.53796805
1403636752.413555622 -1.223256 3.236613 -0.066235 -0.30938125 -0.75102508 -0.21639814 0.54167925
1403636752.463555574 -1.225767 3.239249 -0.044319 -0.30242430 -0.75363621 -0.21112892 0.54405568
1403636752.513555527 -1.227115 3.242400 -0.021354 -0.29434322 -0.75683872 -0.20629225 0.54589443
1403636752.563555717 -1.228203 3.246047 0.001383 -0.28628396 -0.76089809 -0.20042264 0.54672328
1403636752.613555431 -1.224379 3.244657 0.022730 -0.27762484 -0.76469540 -0.19468969 0.54796105
1403636752.663555622 -1.249752 3.244681 0.015627 -0.26925926 -0.76912673 -0.18946492 0.54776507
1403636752.713555574 -1.246499 3.233998 0.071035 -0.25992857 -0.77250831 -0.18280154 0.54977418
1403636752.763555765 -1.246969 3.234662 0.085853 -0.25078687 -0.77610485 -0.17630697 0.55107446
1403636752.813555479 -1.246828 3.234891 0.099664 -0.24070293 -0.77982480 -0.17096949 0.55200074
1403636752.863555670 -1.246790 3.234880 0.110588 -0.23058470 -0.78373458 -0.16501395 0.55259497
1403636752.913555622 -1.247064 3.233610 0.120141 -0.21879007 -0.78653176 -0.16117459 0.55454616
1403636752.963555574 -1.247239 3.233038 0.127579 -0.20700207 -0.78990951 -0.15671028 0.55554927
1403636753.013555527 -1.247490 3.231839 0.133236 -0.19532824 -0.79322964 -0.15181994 0.55640302
1403636753.063555717 -1.251072 3.243478 0.136670 -0.18397511 -0.79644794 -0.14656529 0.55708388
1403636753.113555431 -1.250305 3.241755 0.140312 -0.17242696 -0.79923576 -0.14042118 0.55836641
1403636753.163555622 -1.232978 3.250011 0.145141 -0.16079223 -0.80177510 -0.13320077 0.55996438
1403636753.213555574 -1.234432 3.245878 0.145143 -0.14919471 -0.80425363 -0.12668848 0.56113017
1403636753.263555765 -1.234253 3.244715 0.143375 -0.13674229 -0.80660365 -0.12128477 0.56212286
1403636753.313555479 -1.237733 3.239008 0.140479 -0.12381513 -0.80862729 -0.11672452 0.56317591
1403636753.363555670 -1.241051 3.232910 0.138643 -0.11349277 -0.80951230 -0.11068157 0.56529534
1403636753.413555622 -1.244157 3.224655 0.134867 -0.10606187 -0.80991937 -0.10366868 0.56748066
1403636753.463555574 -1.247884 3.217467 0.131869 -0.10156731 -0.81016064 -0.09564959 0.56936366
1403636753.513555527 -1.251416 3.207938 0.130436 -0.09834550 -0.81032640 -0.08908525 0.57075661
1403636753.563555717 -1.254748 3.199249 0.130983 -0.09634130 -0.81035419 -0.08285809 0.57199561
1403636753.613555431 -1.256759 3.184071 0.134541 -0.09464657 -0.80953264 -0.07903820 0.57397901
1403636753.663555622 -1.254904 3.173636 0.140250 -0.09395126 -0.80925805 -0.07599880 0.57489021
1403636753.713555574 -1.256421 3.163875 0.143785 -0.09385615 -0.80925736 -0.07375956 0.57519830
1403636753.763555765 -1.258031 3.153872 0.147190 -0.09292044 -0.80864267 -0.07396024 0.57618808
1403636753.813555479 -1.259652 3.140677 0.147386 -0.09240283 -0.80840955 -0.07447236 0.57653237
1403636753.863555670 -1.260152 3.129775 0.147814 -0.09275128 -0.80803513 -0.07511203 0.57691821
1403636753.913555622 -1.261847 3.117002 0.146435 -0.09413187 -0.80804318 -0.07474682 0.57673072
1403636753.963555574 -1.261766 3.105279 0.144341 -0.09465455 -0.80761737 -0.07574382 0.57711140
1403636754.013555527 -1.261304 3.094036 0.142258 -0.09536474 -0.80716505 -0.07730708 0.57741992
1403636754.063555717 -1.261214 3.081774 0.142485 -0.09659342 -0.80505144 -0.07804139 0.58006157
1403636754.113555431 -1.260898 3.039580 0.146388 -0.09728408 -0.80291314 -0.07933160 0.58272875
1403636754.163555622 -1.260163 3.025442 0.149943 -0.09795517 -0.80128300 -0.08093144 0.58463702
1403636754.213555574 -1.271064 3.008934 0.153742 -0.09792199 -0.79985361 -0.08381339 0.58619178
1403636754.263555765 -1.271155 2.993532 0.158706 -0.09834216 -0.79921780 -0.08587609 0.58668989
1403636754.313555479 -1.268748 2.977224 0.165658 -0.09888481 -0.79907797 -0.08742208 0.58656079
1403636754.363555670 -1.265195 2.960426 0.175903 -0.09845218 -0.79904762 -0.08909077 0.58642383
1403636754.413555622 -1.260358 2.942795 0.185401 -0.09804628 -0.79918467 -0.08846732 0.58639946
1403636754.463555574 -1.256522 2.923651 0.194894 -0.09671091 -0.79970239 -0.08681084 0.58616292
1403636754.513555527 -1.251469 2.906378 0.205209 -0.09404301 -0.80055706 -0.08544069 0.58563145
1403636754.563555717 -1.246561 2.885407 0.212136 -0.08964163 -0.80215430 -0.08389664 0.58435795
1403636754.613555431 -1.243817 2.873494 0.217719 -0.08476186 -0.80387236 -0.08098375 0.58313488
1403636754.663555622 -1.238225 2.850852 0.221559 -0.07918219 -0.80470408 -0.07681276 0.58333637
1403636754.713555574 -1.232451 2.828643 0.226697 -0.07327824 -0.80594726 -0.07150949 0.58306578
1403636754.763555765 -1.229311 2.806371 0.228123 -0.06644780 -0.80638822 -0.06592834 0.58393166
1403636754.813555479 -1.221012 2.783200 0.228742 -0.05963222 -0.80714770 -0.06134451 0.58411765
1403636754.863555670 -1.185995 2.759047 0.233303 -0.05480109 -0.80738583 -0.05573060 0.58482396
1403636754.913555622 -1.182625 2.731028 0.233029 -0.04926709 -0.80754532 -0.05272894 0.58537422
1403636754.963555574 -1.173494 2.704717 0.229962 -0.04520040 -0.80800047 -0.04845153 0.58544395
1403636755.013555527 -1.156506 2.679746 0.227698 -0.04038285 -0.80842408 -0.04720678 0.58531295
1403636755.063555717 -1.141964 2.653571 0.225140 -0.03834043 -0.80830215 -0.04392145 0.58587418
1403636755.113555431 -1.125838 2.621847 0.224548 -0.03550796 -0.80856971 -0.04212833 0.58581517
1403636755.163555622 -1.112367 2.593714 0.222377 -0.03435220 -0.80907861 -0.03941452 0.58537016
1403636755.213555574 -1.098472 2.565135 0.222548 -0.03304675 -0.80929971 -0.03765325 0.58525560
1403636755.263555765 -1.081829 2.536082 0.224966 -0.03225137 -0.81094655 -0.03657168 0.58308494
1403636755.313555479 -1.064920 2.505541 0.231511 -0.03191225 -0.81398669 -0.03527217 0.57893277
1403636755.363555670 -1.052141 2.473283 0.236641 -0.03214234 -0.81755114 -0.03418713 0.57394098
1403636755.413555622 -1.036930 2.442462 0.245381 -0.03172869 -0.82063174 -0.03431637 0.56954299
1403636755.463555574 -1.023570 2.412452 0.252548 -0.03227781 -0.82249530 -0.03383223 0.56684655
1403636755.513555527 -1.010244 2.381797 0.259883 -0.03221867 -0.82302663 -0.03495318 0.56601007
1403636755.563555717 -0.998454 2.351385 0.265871 -0.03176314 -0.82310446 -0.03670646 0.56581162
1403636755.613555431 -0.987573 2.320776 0.270510 -0.03165466 -0.82214919 -0.03804631 0.56711654
1403636755.663555622 -0.983541 2.286773 0.272994 -0.03329782 -0.82123782 -0.03731478 0.56839011
1403636755.713555574 -0.972881 2.256394 0.274673 -0.03404307 -0.82070449 -0.03744454 0.56910730
1403636755.763555765 -0.964041 2.224592 0.274960 -0.03543625 -0.81961374 -0.03674944 0.57063742
1403636755.813555479 -0.957354 2.192289 0.274934 -0.03635589 -0.81786278 -0.03649683 0.57310269
1403636755.863555670 -0.948696 2.160211 0.272663 -0.03712445 -0.81690398 -0.03599536 0.57445103
1403636755.913555622 -0.939996 2.126973 0.271716 -0.03721681 -0.81520849 -0.03625392 0.57683246
1403636755.963555574 -0.933332 2.093786 0.270268 -0.03804683 -0.81469856 -0.03529488 0.57755777
1403636756.013555527 -0.932302 2.058293 0.272076 -0.03839467 -0.81401225 -0.03496647 0.57852160
1403636756.063555717 -0.925416 2.025512 0.272786 -0.03872016 -0.81341815 -0.03463176 0.57935508
1403636756.113555431 -0.915620 1.989284 0.277679 -0.03768531 -0.81292656 -0.03591975 0.58003447
1403636756.163555622 -0.909910 1.956041 0.282362 -0.03723957 -0.81229126 -0.03618937 0.58093584
1403636756.213555574 -0.900857 1.920469 0.287929 -0.03749105 -0.81149371 -0.03595618 0.58204771
1403636756.263555765 -0.893985 1.886379 0.295711 -0.03758057 -0.81132973 -0.03528365 0.58231163
1403636756.313555479 -0.890559 1.851012 0.302381 -0.03728042 -0.81121929 -0.03516090 0.58249218
1403636756.363555670 -0.881315 1.817806 0.310354 -0.03657890 -0.81091422 -0.03513741 0.58296267
1403636756.413555622 -0.867430 1.784464 0.312894 -0.03578210 -0.81049337 -0.03558670 0.58356981
1403636756.463555574 -0.861503 1.752586 0.313590 -0.03564857 -0.81031436 -0.03475945 0.58387635
1403636756.513555527 -0.848722 1.717251 0.313256 -0.03550189 -0.81017750 -0.03389873 0.58412576
1403636756.563555717 -0.843104 1.678608 0.305303 -0.03483001 -0.80990505 -0.03415358 0.58452906
1403636756.613555431 -0.830134 1.643268 0.302275 -0.03468994 -0.80944973 -0.03369953 0.58519406
1403636756.663555622 -0.820630 1.608011 0.300088 -0.03452306 -0.80923492 -0.03282599 0.58555056
1403636756.713555574 -0.775046 1.573920 0.309144 -0.03540564 -0.80832727 -0.03280650 0.58675140
1403636756.763555765 -0.757713 1.539774 0.309027 -0.03494110 -0.80797648 -0.03239496 0.58728502
1403636756.813555479 -0.745061 1.500477 0.307877 -0.03479752 -0.80754082 -0.03139423 0.58794674
1403636756.863555670 -0.725173 1.463517 0.307209 -0.03428943 -0.80759289 -0.03080272 0.58793634
1403636756.913555622 -0.710011 1.429012 0.312462 -0.03389033 -0.80783093 -0.03084605 0.58763012
1403636756.963555574 -0.696719 1.391688 0.318219 -0.03407135 -0.80806177 -0.02978584 0.58735689
1403636757.013555527 -0.680768 1.350833 0.329118 -0.03327857 -0.80792569 -0.03023133 0.58756675
1403636757.063555717 -0.663281 1.314619 0.334634 -0.03437450 -0.80815076 -0.02796313 0.58730640
1403636757.113555431 -0.650826 1.281189 0.341832 -0.03399470 -0.80798713 -0.02807599 0.58754821
1403636757.163555622 -0.632389 1.245472 0.345933 -0.03410076 -0.80850699 -0.02782461 0.58683845
1403636757.213555574 -0.612950 1.213246 0.348998 -0.03427680 -0.80818401 -0.02740502 0.58729266
1403636757.263555765 -0.589694 1.179091 0.352391 -0.03354060 -0.80834872 -0.02788028 0.58708608
1403636757.313555479 -0.564273 1.148319 0.356446 -0.03190320 -0.80893551 -0.02968365 0.58628015
1403636757.363555670 -0.545901 1.113506 0.356353 -0.03202446 -0.80953334 -0.02917707 0.58547323
1403636757.413555622 -0.539656 1.074078 0.341809 -0.03123092 -0.81061795 -0.03071531 0.58393471
1403636757.463555574 -0.540747 1.016885 0.322886 -0.03127741 -0.81191292 -0.03240283 0.58203882
1403636757.513555527 -0.523131 0.982008 0.323011 -0.02885154 -0.81365574 -0.03254390 0.57971787
1403636757.563555717 -0.496158 0.940504 0.325399 -0.02598835 -0.81630918 -0.03108154 0.57619255
1403636757.613555431 -0.477545 0.900406 0.322633 -0.02294613 -0.81958925 -0.02946458 0.57173314
1403636757.663555622 -0.459826 0.863259 0.327126 -0.02010587 -0.82339213 -0.02708803 0.56646923
1403636757.713555574 -0.437104 0.827600 0.331456 -0.01723788 -0.82685299 -0.02410015 0.56163705
1403636757.763555765 -0.419443 0.789445 0.337936 -0.01506211 -0.82965482 -0.02099049 0.55767859
1403636757.813555479 -0.405811 0.751952 0.346680 -0.01248383 -0.83190834 -0.01809781 0.55447735
1403636757.863555670 -0.387515 0.719175 0.361821 -0.01080225 -0.83312200 -0.01460980 0.55279073
1403636757.913555622 -0.325479 0.704152 0.383617 -0.00824850 -0.83269027 -0.01121242 0.55356406
1403636757.963555574 -0.313795 0.665340 0.400846 -0.00769197 -0.83103470 -0.00800948 0.55610971
1403636758.013555527 -0.302729 0.631123 0.416947 -0.00601832 -0.82635012 -0.00715838 0.56307905
1403636758.063555717 -0.291178 0.595660 0.425233 -0.00509642 -0.82235807 -0.00531806 0.56892262
1403636758.113555431 -0.302555 0.554858 0.437198 -0.00520143 -0.81866597 -0.00404398 0.57423221
1403636758.163555622 -0.296733 0.518333 0.450551 -0.00486706 -0.81564645 -0.00282097 0.57852331
1403636758.213555574 -0.289568 0.484724 0.467602 -0.00463191 -0.81271669 -0.00244329 0.58263553
1403636758.263555765 -0.280716 0.448529 0.476731 -0.00496565 -0.81138127 -0.00117832 0.58449499
1403636758.313555479 -0.265232 0.421731 0.493004 -0.00586244 -0.80989704 0.00007095 0.58654276
1403636758.363555670 -0.254852 0.386672 0.497987 -0.00647076 -0.81082709 0.00124744 0.58524867
1403636758.413555622 -0.245193 0.350860 0.499226 -0.00833312 -0.81477043 0.00407255 0.57970951
1403636758.463555574 -0.234177 0.316409 0.499489 -0.01081090 -0.81992437 0.00762136 0.57231903
1403636758.513555527 -0.225502 0.282588 0.498889 -0.01468412 -0.82603810 0.01292615 0.56327467
1403636758.563555717 -0.229838 0.250279 0.496858 -0.01953365 -0.83212642 0.01933503 0.55390452
1403636758.613555431 -0.226625 0.214469 0.489216 -0.02282062 -0.83666620 0.02548686 0.54664367
1403636758.663555622 -0.222112 0.184395 0.488016 -0.02386026 -0.83735833 0.02621152 0.54550405
1403636758.713555574 -0.220053 0.155461 0.484921 -0.02364239 -0.83377837 0.02489687 0.55103068
1403636758.763555765 -0.219760 0.129416 0.484473 -0.02175196 -0.82901642 0.02067245 0.55841856
1403636758.813555479 -0.218202 0.097554 0.465784 -0.02090959 -0.82425145 0.01941479 0.56550455
1403636758.863555670 -0.219689 0.073628 0.463332 -0.01861797 -0.81958173 0.01589675 0.57243904
1403636758.913555622 -0.221249 0.051176 0.459032 -0.01522769 -0.81683759 0.01057966 0.57656963
1403636758.963555574 -0.222264 0.029506 0.454336 -0.01377440 -0.81432540 0.00808934 0.58018874
1403636759.013555527 -0.223799 0.007887 0.447904 -0.01241091 -0.81318276 0.00637502 0.58184115
1403636759.063555717 -0.224031 -0.012886 0.441403 -0.01368813 -0.81159648 0.00850736 0.58399607
1403636759.113555431 -0.225803 -0.034045 0.431113 -0.01816052 -0.81056137 0.01479962 0.58518496
1403636759.163555622 -0.225382 -0.053480 0.422819 -0.02442707 -0.80968631 0.02444783 0.58584443
1403636759.213555574 -0.229744 -0.066402 0.415439 -0.03050129 -0.80910434 0.03370667 0.58590417
1403636759.263555765 -0.223697 -0.079116 0.397937 -0.03410593 -0.80790157 0.04047587 0.58693572
1403636759.313555479 -0.222503 -0.090818 0.388228 -0.03492228 -0.80783339 0.04243277 0.58684334
1403636759.363555670 -0.220220 -0.100789 0.376717 -0.03046148 -0.80761729 0.03646448 0.58778972
1403636759.413555622 -0.220498 -0.109543 0.362617 -0.02522524 -0.80844234 0.02934325 0.58730200
1403636759.463555574 -0.217235 -0.115523 0.349130 -0.02026040 -0.80807743 0.02263591 0.58829245
1403636759.513555527 -0.221309 -0.118729 0.335626 -0.01513343 -0.80870121 0.01591213 0.58780961
1403636759.563555717 -0.217321 -0.122716 0.320714 -0.01136996 -0.80851496 0.01191334 0.58824514
1403636759.613555431 -0.214528 -0.125029 0.308558 -0.00717296 -0.80866986 0.00681192 0.58817957
1403636759.663555622 -0.209314 -0.127757 0.297175 -0.00479621 -0.80891439 0.00425521 0.58789149
1403636759.713555574 -0.206208 -0.129959 0.288180 -0.00293844 -0.80943459 0.00271413 0.58719643
1403636759.763555765 -0.201662 -0.131307 0.277282 -0.00294548 -0.80895585 0.00363920 0.58785075
1403636759.813555479 -0.196742 -0.132939 0.275020 -0.00171020 -0.80846376 0.00215749 0.58853953
1403636759.863555670 -0.190400 -0.135506 0.272510 -0.00228068 -0.80918108 0.00275728 0.58754844
1403636759.913555622 -0.182793 -0.136601 0.271177 -0.00228389 -0.81224692 0.00270409 0.58330302
1403636759.963555574 -0.175139 -0.139158 0.266966 -0.00224589 -0.81558580 0.00241762 0.57862675
1403636760.013555527 -0.167628 -0.141524 0.263932 -0.00279261 -0.81827044 0.00299207 0.57481887
1403636760.063555717 -0.160086 -0.144291 0.258507 -0.00415473 -0.82057983 0.00446954 0.57149934
1403636760.113555431 -0.154651 -0.147054 0.254072 -0.00405396 -0.82339483 0.00376767 0.56744191
1403636760.163555622 -0.148433 -0.149804 0.248160 -0.00407817 -0.82528400 0.00366655 0.56469128
1403636760.213555574 -0.144143 -0.151619 0.243371 -0.00483977 -0.82279725 0.00435714 0.56829771
1403636760.263555765 -0.164258 -0.160402 0.208532 -0.00533503 -0.81874531 0.00505357 0.57410985
1403636760.313555479 -0.159900 -0.161697 0.202528 -0.00616880 -0.81470275 0.00629563 0.57981181
1403636760.363555670 -0.156648 -0.163257 0.195219 -0.00527630 -0.81238352 0.00483557 0.58307958
1403636760.413555622 -0.151825 -0.164834 0.188592 -0.00406934 -0.81010118 0.00318173 0.58626734
1403636760.463555574 -0.155076 -0.166725 0.164879 -0.00356811 -0.80968757 0.00198197 0.58684699
1403636760.513555527 -0.149554 -0.167625 0.156780 -0.00253832 -0.81084381 0.00049517 0.58525689
1403636760.563555717 -0.144274 -0.170434 0.149010 -0.00181280 -0.81389565 0.00011175 0.58100824
1403636760.613555431 -0.137019 -0.170747 0.140234 -0.00120064 -0.81704982 -0.00050754 0.57656560
1403636760.663555622 -0.131405 -0.172737 0.131633 0.00027161 -0.81947951 -0.00222927 0.57310408
1403636760.713555574 -0.124370 -0.173510 0.124020 0.00150045 -0.82135023 -0.00331704 0.57041260
1403636760.763555765 -0.119447 -0.176058 0.117091 0.00298151 -0.82124564 -0.00499922 0.57054510
1403636760.813555479 -0.113374 -0.174714 0.110570 0.00379208 -0.81964111 -0.00546755 0.57283869
1403636760.863555670 -0.100346 -0.175826 0.113770 0.00502955 -0.81750185 -0.00717835 0.57585927
1403636760.913555622 -0.094612 -0.179443 0.107690 0.00627895 -0.81567579 -0.00793534 0.57842079
1403636760.963555574 -0.077540 -0.181968 0.107563 0.00686839 -0.81564430 -0.00742943 0.57846521
1403636761.013555527 -0.071560 -0.187116 0.100867 0.00584150 -0.81784188 -0.00543306 0.57538771
1403636761.063555717 -0.066158 -0.193074 0.094525 0.00442084 -0.82056736 -0.00330761 0.57152317
1403636761.113555431 -0.055858 -0.195442 0.092759 0.00321065 -0.82427239 -0.00106513 0.56618335
1403636761.163555622 -0.048165 -0.202603 0.083083 0.00293587 -0.82825685 -0.00041994 0.56034078
1403636761.213555574 -0.042741 -0.214237 0.081461 0.00328736 -0.83215155 -0.00136578 0.55453685
1403636761.263555765 -0.038627 -0.221573 0.076943 0.00233593 -0.83452665 0.00004754 0.55096262
1403636761.313555479 -0.038180 -0.229383 0.073034 0.00274877 -0.83507722 -0.00053353 0.55012561
1403636761.363555670 -0.039061 -0.237290 0.070986 0.00261585 -0.83334326 0.00006093 0.55274964
1403636761.413555622 -0.041778 -0.245116 0.069899 0.00268270 -0.82925402 -0.00025041 0.55886538
1403636761.463555574 -0.044744 -0.252930 0.070373 0.00308242 -0.82477241 -0.00110365 0.56545535
1403636761.513555527 -0.048699 -0.260778 0.070991 0.00258858 -0.82054082 -0.00076649 0.57158155
1403636761.563555717 -0.052255 -0.268702 0.072789 0.00223526 -0.81700167 -0.00109645 0.57662993
1403636761.613555431 -0.057346 -0.277454 0.073434 0.00138427 -0.81427659 -0.00057935 0.58047514
1403636761.663555622 -0.060395 -0.285534 0.075342 -0.00153171 -0.81287424 0.00283337 0.58243034
1403636761.713555574 -0.066112 -0.293782 0.077133 -0.00590251 -0.81182491 0.00814992 0.58381422
1403636761.763555765 -0.068636 -0.301214 0.079581 -0.00965057 -0.81140405 0.01313627 0.58425832
1403636761.813555479 -0.073498 -0.308090 0.081743 -0.01294242 -0.81111951 0.01713959 0.58448599
1403636761.863555670 -0.075259 -0.313663 0.085114 -0.01479765 -0.81116095 0.01951033 0.58431010
1403636761.913555622 -0.078681 -0.318149 0.088498 -0.01431554 -0.81177441 0.01814649 0.58351356
1403636761.963555574 -0.079647 -0.320900 0.092721 -0.01217496 -0.81217873 0.01461814 0.58309845
1403636762.013555527 -0.082146 -0.324258 0.096283 -0.00687234 -0.81203229 0.00641159 0.58353682
1403636762.063555717 -0.083028 -0.325886 0.101453 -0.00174333 -0.81186598 -0.00196302 0.58383794
1403636762.113555431 -0.084691 -0.329585 0.105833 0.00560967 -0.81186108 -0.01285879 0.58368207
1403636762.163555622 -0.084692 -0.332326 0.111247 0.01026538 -0.81283198 -0.02029191 0.58205415
1403636762.213555574 -0.090619 -0.333147 0.083370 0.01184594 -0.81678505 -0.02224927 0.57639120
1403636762.263555765 -0.091645 -0.338814 0.086083 0.01068755 -0.82126903 -0.02120118 0.57004691
1403636762.313555479 -0.092472 -0.345511 0.087728 0.00850116 -0.82577870 -0.01872950 0.56361908
1403636762.363555670 -0.094566 -0.353089 0.086775 0.00606546 -0.82968387 -0.01569465 0.55797990
1403636762.413555622 -0.092256 -0.363194 0.085485 0.00286916 -0.83118713 -0.01306074 0.55583193
1403636762.463555574 -0.096813 -0.372608 0.080803 -0.00238471 -0.83162569 -0.00577198 0.55530146
1403636762.513555527 -0.099921 -0.382234 0.072298 -0.01097117 -0.82868249 0.00650866 0.55957358
1403636762.563555717 -0.106454 -0.391788 0.064309 -0.01903522 -0.82479811 0.01783717 0.56482526
1403636762.613555431 -0.107677 -0.398207 0.061508 -0.02616180 -0.82049427 0.02879254 0.57032947
1403636762.663555622 -0.117384 -0.401901 0.056772 -0.02971461 -0.81667580 0.03508697 0.57526219
1403636762.713555574 -0.143540 -0.411040 0.030376 -0.02696465 -0.81457080 0.03146959 0.57858187
