1403636620.763555765 4.632544 -1.590484 0.519248 -0.04505082 -0.79361849 -0.00000000 0.60674551
1403636620.813555479 4.632528 -1.590401 0.519126 -0.04504968 -0.79360471 0.00009179 0.60676361
1403636620.863555670 4.632556 -1.590271 0.518912 -0.04505513 -0.79360640 0.00007543 0.60676100
1403636620.913555622 4.632541 -1.590188 0.518584 -0.04509554 -0.79360290 0.00012516 0.60676257
1403636620.963555574 4.632466 -1.590092 0.518134 -0.04511548 -0.79363220 0.00008901 0.60672276
1403636621.013555527 4.632371 -1.590008 0.517532 -0.04510634 -0.79368546 0.00010706 0.60665378
1403636621.063555717 4.632241 -1.589842 0.516858 -0.04481826 -0.79363122 -0.00035229 0.60674598
1403636621.113555431 4.632083 -1.590067 0.516018 -0.04506884 -0.79365312 0.00020390 0.60669883
1403636621.163555622 4.631835 -1.590057 0.515029 -0.04472428 -0.79365980 -0.00023732 0.60671559
1403636621.213555574 4.631502 -1.590202 0.513887 -0.04499743 -0.79359351 0.00009877 0.60678214
1403636621.263555765 4.631134 -1.590147 0.512631 -0.04479237 -0.79366543 -0.00023251 0.60670321
1403636621.313555479 4.630664 -1.590213 0.511237 -0.04500465 -0.79367167 0.00009078 0.60667937
1403636621.363555670 4.630223 -1.590088 0.509758 -0.04484548 -0.79365789 -0.00015439 0.60670917
1403636621.413555622 4.629844 -1.590127 0.508054 -0.04506087 -0.79369354 0.00017564 0.60664657
1403636621.463555574 4.629508 -1.589977 0.506307 -0.04487467 -0.79365785 -0.00012496 0.60670707
1403636621.513555527 4.629195 -1.589899 0.504409 -0.04498878 -0.79369762 0.00007034 0.60664659
1403636621.563555717 4.628904 -1.589654 0.502379 -0.04483572 -0.79370749 -0.00015519 0.60664500
1403636621.613555431 4.628558 -1.589518 0.500260 -0.04501974 -0.79371563 0.00005851 0.60662074
1403636621.663555622 4.628168 -1.589250 0.498072 -0.04488687 -0.79372789 -0.00016450 0.60661452
1403636621.713555574 4.643977 -1.590026 0.509838 -0.04461930 -0.79048754 0.00289389 0.61084383
1403636621.763555765 4.646284 -1.589357 0.508151 -0.04450435 -0.79031241 0.00292842 0.61107862
1403636621.813555479 4.644496 -1.589263 0.504021 -0.04551194 -0.78984968 0.00427143 0.61159455
1403636621.863555670 4.647407 -1.587970 0.501914 -0.04549520 -0.78971819 0.00439572 0.61176470
1403636621.913555622 4.649655 -1.589454 0.498310 -0.04564026 -0.78886983 0.00627120 0.61283116
1403636621.963555574 4.653691 -1.587461 0.495956 -0.04567539 -0.78860967 0.00659996 0.61315984
1403636622.013555527 4.656952 -1.591391 0.488809 -0.04547918 -0.78783944 0.00803003 0.61414670
1403636622.063555717 4.662299 -1.588899 0.486062 -0.04552566 -0.78756768 0.00844401 0.61448618
1403636622.113555431 4.665600 -1.595589 0.491612 -0.04560869 -0.78688951 0.01005090 0.61532408
1403636622.163555622 4.672249 -1.592394 0.488982 -0.04558909 -0.78662959 0.01042933 0.61565148
1403636622.213555574 4.675094 -1.599599 0.490920 -0.04539553 -0.78610389 0.01167911 0.61631446
1403636622.263555765 4.683116 -1.595777 0.488304 -0.04536968 -0.78589027 0.01204081 0.61658179
1403636622.313555479 4.685065 -1.602901 0.491377 -0.04478623 -0.78532048 0.01261038 0.61733857
1403636622.363555670 4.694522 -1.598738 0.488846 -0.04473661 -0.78506848 0.01296793 0.61765520
1403636622.413555622 4.689993 -1.605091 0.493622 -0.04419415 -0.78488076 0.01324191 0.61792696
1403636622.463555574 4.700163 -1.600791 0.491080 -0.04415321 -0.78459494 0.01361256 0.61828470
1403636622.513555527 4.692856 -1.602308 0.496370 -0.04301556 -0.78460909 0.01374287 0.61834405
1403636622.563555717 4.703646 -1.597830 0.493871 -0.04298071 -0.78435585 0.01411141 0.61865937
1403636622.613555431 4.697319 -1.594257 0.500329 -0.04158017 -0.78438105 0.01438382 0.61871687
1403636622.663555622 4.708782 -1.589428 0.497957 -0.04148151 -0.78407976 0.01485508 0.61909412
1403636622.713555574 4.699829 -1.586510 0.505178 -0.04045798 -0.78421679 0.01491836 0.61898677
1403636622.763555765 4.711912 -1.581392 0.502886 -0.04031676 -0.78395482 0.01529007 0.61931867
1403636622.813555479 4.702224 -1.576964 0.511770 -0.03914484 -0.78416605 0.01516539 0.61912946
1403636622.863555670 4.714777 -1.571605 0.509668 -0.03906428 -0.78388448 0.01547276 0.61948342
1403636622.913555622 4.704160 -1.566164 0.520118 -0.03779650 -0.78405399 0.01521473 0.61935392
1403636622.963555574 4.537005 -1.630525 0.501811 -0.03881360 -0.79129810 -0.01266363 0.61006594
1403636623.013555527 4.521474 -1.641492 0.517017 -0.04065418 -0.79208248 -0.01124504 0.60895494
1403636623.063555717 4.519472 -1.653792 0.517855 -0.04060633 -0.79206257 -0.01146472 0.60897994
1403636623.113555431 4.555186 -1.662944 0.497607 -0.04273809 -0.79187296 -0.01028945 0.60910164
1403636623.163555622 4.554309 -1.674530 0.497905 -0.04265897 -0.79188443 -0.01054580 0.60908789
1403636623.213555574 4.574848 -1.609466 0.473950 -0.04119127 -0.79166925 -0.00726360 0.60951646
1403636623.263555765 4.575908 -1.619113 0.473843 -0.04116773 -0.79166153 -0.00728923 0.60952777
1403636623.313555479 4.592359 -1.610256 0.463201 -0.04197612 -0.79148892 -0.00610438 0.60970979
1403636623.363555670 4.594494 -1.619019 0.462899 -0.04208554 -0.79154677 -0.00599224 0.60962826
1403636623.413555622 4.607611 -1.599692 0.453064 -0.04220162 -0.79142551 -0.00471011 0.60978889
1403636623.463555574 4.610996 -1.607482 0.452826 -0.04222863 -0.79125480 -0.00470782 0.61000854
1403636623.513555527 4.617340 -1.594645 0.444627 -0.04286344 -0.79144154 -0.00346348 0.60973029
1403636623.563555717 4.621711 -1.600970 0.444055 -0.04292980 -0.79149681 -0.00337586 0.60965435
1403636623.613555431 4.627632 -1.597094 0.442552 -0.04373499 -0.79153971 -0.00272171 0.60954469
1403636623.663555622 4.631182 -1.602604 0.442357 -0.04363073 -0.79151521 -0.00279188 0.60958366
1403636623.713555574 4.630764 -1.596776 0.438853 -0.04441868 -0.79160578 -0.00208172 0.60941197
1403636623.763555765 4.634181 -1.601287 0.438610 -0.04454602 -0.79152381 -0.00221403 0.60950866
1403636623.813555479 4.588387 -1.611977 0.566563 -0.04907602 -0.79464914 -0.00213743 0.60507828
1403636623.863555670 4.586318 -1.612669 0.567530 -0.04938830 -0.79459970 -0.00218518 0.60511762
1403636623.913555622 4.582915 -1.625638 0.573101 -0.05028476 -0.79483316 -0.00282901 0.60473439
1403636623.963555574 4.580573 -1.626331 0.574142 -0.05070279 -0.79478250 -0.00280282 0.60476619
1403636624.013555527 4.586030 -1.629491 0.569375 -0.05043010 -0.79464943 -0.00308855 0.60496244
1403636624.063555717 4.583723 -1.630064 0.570474 -0.05078221 -0.79475010 -0.00315198 0.60480039
1403636624.113555431 4.590424 -1.633464 0.564580 -0.05111845 -0.79484293 -0.00382925 0.60464614
1403636624.163555622 4.589175 -1.634333 0.565453 -0.05169472 -0.79480615 -0.00381576 0.60464559
1403636624.213555574 4.586219 -1.633970 0.567273 -0.05156736 -0.79510655 -0.00389180 0.60426090
1403636624.263555765 4.584188 -1.634377 0.568667 -0.05171172 -0.79518377 -0.00390988 0.60414682
1403636624.313555479 4.587993 -1.636345 0.564901 -0.05178475 -0.79684797 -0.00518275 0.60193420
1403636624.363555670 4.586293 -1.635943 0.565709 -0.05262518 -0.79984054 -0.00627635 0.59786814
1403636624.413555622 4.571521 -1.578185 0.559119 -0.04946696 -0.80160504 -0.00604837 0.59577327
1403636624.463555574 4.639834 -1.583600 0.526952 -0.05090774 -0.80411744 -0.00573324 0.59225897
1403636624.513555527 4.622877 -1.581065 0.555840 -0.05138372 -0.80865736 -0.00820674 0.58597410
1403636624.563555717 4.620618 -1.577802 0.556531 -0.05252550 -0.81073977 -0.00940796 0.58296962
1403636624.613555431 4.652944 -1.586843 0.533514 -0.05167565 -0.81082097 -0.01161695 0.58289281
1403636624.663555622 4.653384 -1.587938 0.532407 -0.05100701 -0.80974198 -0.01459231 0.58438282
1403636624.713555574 4.697141 -1.597325 0.536202 -0.04970914 -0.80987826 -0.01777515 0.58421764
1403636624.763555765 4.702350 -1.592217 0.536253 -0.04797255 -0.80863090 -0.02060056 0.58599515
1403636624.813555479 4.692327 -1.581399 0.536851 -0.04372846 -0.81119370 -0.02603403 0.58255886
1403636624.863555670 4.696381 -1.572330 0.539961 -0.03951883 -0.81388558 -0.03121202 0.57883878
1403636624.913555622 4.703763 -1.566722 0.543949 -0.03485053 -0.81830943 -0.03758928 0.57248770
1403636624.963555574 4.659584 -1.569566 0.570975 -0.03120264 -0.82352131 -0.04537167 0.56460646
1403636625.013555527 4.670264 -1.570565 0.577921 -0.02824500 -0.82690954 -0.04910485 0.55947435
1403636625.063555717 4.666325 -1.556923 0.590046 -0.02731351 -0.83028312 -0.05067474 0.55436088
1403636625.113555431 4.670367 -1.555044 0.602767 -0.02703938 -0.83314762 -0.05028116 0.55009609
1403636625.163555622 4.672420 -1.554046 0.616635 -0.02974666 -0.83430223 -0.04616984 0.54856474
1403636625.213555574 4.673974 -1.553518 0.630463 -0.03180154 -0.83340208 -0.04261961 0.55010290
1403636625.263555765 4.672969 -1.553171 0.645298 -0.03340765 -0.83100723 -0.03984572 0.55382600
1403636625.313555479 4.674468 -1.553943 0.651975 -0.03436412 -0.82876385 -0.03753622 0.55727966
1403636625.363555670 4.671508 -1.553624 0.657801 -0.03449587 -0.82754679 -0.03582185 0.55918971
1403636625.413555622 4.673097 -1.551881 0.657535 -0.03432197 -0.82818814 -0.03510607 0.55829559
1403636625.463555574 4.669101 -1.550840 0.654735 -0.03380887 -0.83002453 -0.03474761 0.55561574
1403636625.513555527 4.670398 -1.549227 0.648589 -0.03378914 -0.83075496 -0.03419089 0.55455880
1403636625.563555717 4.663896 -1.548209 0.644241 -0.03312676 -0.83150570 -0.03404472 0.55348156
1403636625.613555431 4.667357 -1.547986 0.638981 -0.03198316 -0.83131638 -0.03450644 0.55380454
1403636625.663555622 4.659124 -1.547782 0.641139 -0.03116844 -0.83050167 -0.03468288 0.55506090
1403636625.713555574 4.658193 -1.546986 0.644169 -0.03072979 -0.82847032 -0.03378584 0.55816765
1403636625.763555765 4.647476 -1.547585 0.654797 -0.02999933 -0.82556219 -0.03405732 0.56248307
1403636625.813555479 4.641110 -1.550131 0.666659 -0.02979792 -0.82244902 -0.03341135 0.56707439
1403636625.863555670 4.628973 -1.551886 0.685323 -0.02995055 -0.81902039 -0.03231466 0.57207022
1403636625.913555622 4.623562 -1.554615 0.702568 -0.03020545 -0.81669948 -0.03118380 0.57542780
1403636625.963555574 4.611427 -1.557198 0.725828 -0.03039804 -0.81500879 -0.03044403 0.57784928
1403636626.013555527 4.609856 -1.560571 0.745100 -0.03048253 -0.81330249 -0.02959080 0.58028808
1403636626.063555717 4.599238 -1.563757 0.767528 -0.03277969 -0.81247592 -0.02576483 0.58150197
1403636626.113555431 4.594931 -1.564894 0.791334 -0.03546459 -0.81172455 -0.02120018 0.58257710
1403636626.163555622 4.585628 -1.567827 0.812237 -0.03817753 -0.81093102 -0.01700670 0.58364726
1403636626.213555574 4.582952 -1.567319 0.830976 -0.04083203 -0.81028211 -0.01309123 0.58446922
1403636626.263555765 4.575599 -1.568621 0.846959 -0.04229342 -0.80999714 -0.01086242 0.58480588
1403636626.313555479 4.572259 -1.566489 0.860088 -0.04271340 -0.80975694 -0.00981332 0.58512645
1403636626.363555670 4.566545 -1.566024 0.868983 -0.04255551 -0.80960070 -0.01003552 0.58535034
1403636626.413555622 4.563311 -1.562314 0.873975 -0.04142986 -0.80928786 -0.01127060 0.58584102
1403636626.463555574 4.559012 -1.562157 0.873431 -0.03928553 -0.80898719 -0.01356094 0.58635524
1403636626.513555527 4.556641 -1.558039 0.875959 -0.03681955 -0.80710840 -0.01635251 0.58902712
1403636626.563555717 4.553670 -1.554619 0.878069 -0.03384897 -0.80513811 -0.01954136 0.59179812
1403636626.613555431 4.552969 -1.549446 0.878305 -0.03109894 -0.80327393 -0.02197182 0.59439136
1403636626.663555622 4.552257 -1.545704 0.878485 -0.02851121 -0.80185994 -0.02414541 0.59634281
1403636626.713555574 4.553492 -1.540470 0.877258 -0.02725517 -0.80232620 -0.02432671 0.59576676
1403636626.763555765 4.555120 -1.537045 0.874754 -0.02620848 -0.80380805 -0.02389375 0.59383064
1403636626.813555479 4.558390 -1.531613 0.871130 -0.02564776 -0.80552460 -0.02325219 0.59155021
1403636626.863555670 4.561786 -1.528366 0.866720 -0.02503080 -0.80789519 -0.02286484 0.58835025
1403636626.913555622 4.566587 -1.523390 0.861639 -0.02460920 -0.81029435 -0.02255246 0.58507165
1403636626.963555574 4.571015 -1.520270 0.855949 -0.02426357 -0.81316261 -0.02292631 0.58107850
1403636627.013555527 4.577537 -1.509815 0.843993 -0.02251445 -0.81520403 -0.02292256 0.57828198
1403636627.063555717 4.582524 -1.506966 0.838343 -0.02277609 -0.81758410 -0.02311600 0.57489402
1403636627.113555431 4.590697 -1.501263 0.834951 -0.02262724 -0.82023137 -0.02257154 0.57113836
1403636627.163555622 4.594859 -1.498606 0.835214 -0.02262686 -0.81930802 -0.02219727 0.57247678
1403636627.213555574 4.599921 -1.493725 0.832751 -0.02226012 -0.81761291 -0.02245842 0.57489933
1403636627.263555765 4.603071 -1.491185 0.838602 -0.02195125 -0.81521249 -0.02264236 0.57830274
1403636627.313555479 4.607482 -1.487097 0.842517 -0.02227257 -0.81323666 -0.02139322 0.58111307
1403636627.363555670 4.610806 -1.484729 0.852484 -0.02274699 -0.81244104 -0.02070003 0.58223160
1403636627.413555622 4.614356 -1.482107 0.862852 -0.02314516 -0.81206464 -0.01968446 0.58277598
1403636627.463555574 4.618470 -1.479772 0.876925 -0.02458147 -0.81139975 -0.01899266 0.58366555
1403636627.513555527 4.621429 -1.477249 0.889088 -0.02726323 -0.81203180 -0.01911985 0.58266242
1403636627.563555717 4.625582 -1.473777 0.898853 -0.03094933 -0.81246534 -0.02049152 0.58182670
1403636627.613555431 4.631189 -1.470400 0.904541 -0.03459068 -0.81307104 -0.02291689 0.58068389
1403636627.663555622 4.636756 -1.466547 0.905377 -0.03770305 -0.81478448 -0.02503934 0.57799460
1403636627.713555574 4.642735 -1.462304 0.903557 -0.04170808 -0.81736732 -0.02802849 0.57392117
1403636627.763555765 4.648553 -1.457530 0.898255 -0.04612194 -0.82058645 -0.03160928 0.56878071
1403636627.813555479 4.653910 -1.451460 0.892643 -0.05114185 -0.82342956 -0.03550303 0.56399274
1403636627.863555670 4.658328 -1.445682 0.885874 -0.05650567 -0.82610496 -0.03989108 0.55925522
1403636627.913555622 4.662714 -1.439014 0.880585 -0.06055546 -0.82856243 -0.04355443 0.55490571
1403636627.963555574 4.664644 -1.433141 0.876453 -0.06383783 -0.82966966 -0.04729978 0.55257192
1403636628.013555527 4.666510 -1.421897 0.873895 -0.06536345 -0.82974518 -0.05007824 0.55203508
1403636628.063555717 4.663781 -1.415752 0.875559 -0.06768964 -0.82820241 -0.05240075 0.55385291
1403636628.113555431 4.661791 -1.408547 0.881224 -0.07000825 -0.82417421 -0.05425901 0.55936720
1403636628.163555622 4.657208 -1.402613 0.888532 -0.07215976 -0.81876819 -0.05520984 0.56688931
1403636628.213555574 4.652094 -1.396676 0.897182 -0.07435144 -0.81361291 -0.05510504 0.57399419
1403636628.263555765 4.647549 -1.389422 0.908807 -0.07750778 -0.80989645 -0.05332925 0.57897865
1403636628.313555479 4.639885 -1.382781 0.924316 -0.08050639 -0.80731366 -0.05049118 0.58242083
1403636628.363555670 4.634473 -1.375805 0.938305 -0.08243083 -0.80621729 -0.04875792 0.58381633
1403636628.413555622 4.630428 -1.368649 0.949964 -0.08389605 -0.80576026 -0.04716923 0.58436883
1403636628.463555574 4.626896 -1.360976 0.959924 -0.08469139 -0.80573886 -0.04584094 0.58438931
1403636628.513555527 4.624488 -1.352408 0.969868 -0.08507517 -0.80586078 -0.04447985 0.58427062
1403636628.563555717 4.622363 -1.343482 0.976805 -0.08556821 -0.80615535 -0.04309669 0.58389580
1403636628.613555431 4.620991 -1.333947 0.982332 -0.08549107 -0.80653503 -0.04143650 0.58350281
1403636628.663555622 4.620495 -1.323290 0.986570 -0.08503940 -0.80655008 -0.04104466 0.58357570
1403636628.713555574 4.620279 -1.311840 0.989293 -0.08435842 -0.80680192 -0.04324017 0.58316773
1403636628.763555765 4.621299 -1.299151 0.990005 -0.08454675 -0.80833462 -0.04713683 0.58071086
1403636628.813555479 4.621998 -1.285833 0.990091 -0.08545312 -0.81044703 -0.05198071 0.57720999
1403636628.863555670 4.623535 -1.271981 0.988764 -0.08723500 -0.81273476 -0.05636508 0.57330205
1403636628.913555622 4.624691 -1.258190 0.990032 -0.08948481 -0.81503205 -0.05978342 0.56933397
1403636628.963555574 4.627281 -1.244857 0.992584 -0.09124610 -0.81685741 -0.06264432 0.56612173
1403636629.013555527 4.629318 -1.229370 0.999812 -0.09349408 -0.81839068 -0.06437990 0.56333896
1403636629.063555717 4.633522 -1.216728 1.007675 -0.09578443 -0.81893265 -0.06622525 0.56195096
1403636629.113555431 4.635307 -1.201098 1.016480 -0.09741647 -0.81914963 -0.06858364 0.56107059
1403636629.163555622 4.638769 -1.187362 1.025031 -0.10135299 -0.81889154 -0.07113252 0.56043232
1403636629.213555574 4.639136 -1.170086 1.033538 -0.10572910 -0.81772341 -0.07421166 0.56092995
1403636629.263555765 4.639195 -1.155021 1.043120 -0.11009336 -0.81620712 -0.07722547 0.56189111
1403636629.313555479 4.638410 -1.137883 1.048115 -0.11484188 -0.81425120 -0.07891104 0.56354181
1403636629.363555670 4.638404 -1.122791 1.051622 -0.11917499 -0.81227756 -0.07971296 0.56537451
1403636629.413555622 4.631398 -1.103752 1.053834 -0.12409398 -0.80996111 -0.07911726 0.56771836
1403636629.463555574 4.631484 -1.087219 1.055263 -0.13064238 -0.80690025 -0.07957844 0.57053643
1403636629.513555527 4.621882 -1.064210 1.047426 -0.13724965 -0.80474819 -0.08033174 0.57191757
1403636629.563555717 4.621758 -1.045704 1.045016 -0.14455668 -0.80404608 -0.08282044 0.57074867
1403636629.613555431 4.622266 -1.025746 1.040315 -0.15124768 -0.80462394 -0.08804027 0.56740934
1403636629.663555622 4.623677 -1.005296 1.034189 -0.15864477 -0.80626614 -0.09363436 0.56213820
1403636629.713555574 4.625010 -0.983989 1.026589 -0.16625336 -0.80755057 -0.10013423 0.55695155
1403636629.763555765 4.627667 -0.961686 1.019243 -0.17445259 -0.80848231 -0.10732221 0.55172874
1403636629.813555479 4.625498 -0.939529 1.008901 -0.18295263 -0.80842991 -0.11453562 0.54758653
1403636629.863555670 4.623924 -0.916476 0.998188 -0.19189875 -0.80779675 -0.12127755 0.54399544
1403636629.913555622 4.622496 -0.892635 0.987600 -0.20032102 -0.80660515 -0.12751310 0.54129477
1403636629.963555574 4.620808 -0.867384 0.979708 -0.20735328 -0.80528313 -0.13341206 0.53918913
1403636630.013555527 4.618454 -0.842734 0.972360 -0.21325975 -0.80376804 -0.13780289 0.53804051
1403636630.063555717 4.623576 -0.821225 0.975309 -0.21756730 -0.80137985 -0.14165152 0.53887815
1403636630.113555431 4.620188 -0.793120 0.973448 -0.22096507 -0.79768349 -0.14565009 0.54190547
1403636630.163555622 4.616870 -0.768067 0.972863 -0.22352246 -0.79278707 -0.14949063 0.54697251
1403636630.213555574 4.611916 -0.738876 0.974840 -0.22520498 -0.78833243 -0.15327591 0.55165315
1403636630.263555765 4.607300 -0.712069 0.978532 -0.22672731 -0.78418075 -0.15597437 0.55617198
1403636630.313555479 4.602157 -0.680444 0.984277 -0.22764151 -0.78208180 -0.15774293 0.55825134
1403636630.363555670 4.598673 -0.654598 0.988895 -0.22851260 -0.78222813 -0.15860022 0.55744696
1403636630.413555622 4.592392 -0.621243 1.001631 -0.22909204 -0.78302606 -0.15870957 0.55605602
1403636630.463555574 4.589197 -0.595025 1.009270 -0.22842065 -0.78496310 -0.15945412 0.55338172
1403636630.513555527 4.582305 -0.564639 1.023545 -0.22745807 -0.78599197 -0.15967645 0.55225254
1403636630.563555717 4.576601 -0.537268 1.041582 -0.22533673 -0.78769251 -0.16115679 0.55026571
1403636630.613555431 4.571907 -0.508803 1.056433 -0.22282370 -0.78860492 -0.16235067 0.54963091
1403636630.663555622 4.567125 -0.482677 1.066686 -0.22059009 -0.79007983 -0.16286070 0.54826113
1403636630.713555574 4.561865 -0.454873 1.076841 -0.21886884 -0.79105124 -0.16249680 0.54765788
1403636630.763555765 4.556203 -0.429035 1.084346 -0.21850383 -0.79114519 -0.16082026 0.54816258
1403636630.813555479 4.548864 -0.400164 1.091786 -0.21829825 -0.79180885 -0.15817619 0.54805557
1403636630.863555670 4.542416 -0.374484 1.096179 -0.21845486 -0.79187435 -0.15602014 0.54851637
1403636630.913555622 4.535207 -0.347810 1.100550 -0.21854539 -0.79182841 -0.15353271 0.54924803
1403636630.963555574 4.528571 -0.322001 1.102100 -0.21882076 -0.79167856 -0.15162691 0.54988346
1403636631.013555527 4.514962 -0.291385 1.109016 -0.21901824 -0.79178693 -0.15040660 0.54998393
1403636631.063555717 4.507627 -0.264545 1.108974 -0.21835931 -0.79129422 -0.14956776 0.55118251
1403636631.113555431 4.504272 -0.237073 1.110644 -0.21824027 -0.79017311 -0.14953162 0.55284531
1403636631.163555622 4.497267 -0.210107 1.109563 -0.21768992 -0.78949239 -0.14937792 0.55407500
1403636631.213555574 4.492922 -0.181398 1.108391 -0.21699486 -0.78843016 -0.14907639 0.55593825
1403636631.263555765 4.486392 -0.154178 1.106930 -0.21631940 -0.78770203 -0.14949660 0.55711956
1403636631.313555479 4.480020 -0.127032 1.104857 -0.21619589 -0.78773050 -0.14874497 0.55732839
1403636631.363555670 4.473661 -0.099701 1.101639 -0.21560775 -0.78780910 -0.14896711 0.55738579
1403636631.413555622 4.467969 -0.075231 1.099784 -0.21523357 -0.78801631 -0.14853276 0.55735341
1403636631.463555574 4.456055 -0.052638 1.095506 -0.21414914 -0.78833550 -0.14890890 0.55721937
1403636631.513555527 4.452107 -0.027886 1.089514 -0.21298451 -0.78874856 -0.14947286 0.55693013
1403636631.563555717 4.455158 -0.009183 1.094924 -0.21126431 -0.78890820 -0.15026718 0.55714542
1403636631.613555431 4.448054 0.014220 1.087542 -0.21004980 -0.78952870 -0.15062430 0.55662900
1403636631.663555622 4.441633 0.038855 1.079831 -0.20891413 -0.79021369 -0.15061263 0.55608727
1403636631.713555574 4.433797 0.062582 1.074422 -0.20818644 -0.79068311 -0.15075753 0.55565348
1403636631.763555765 4.428528 0.086481 1.067777 -0.20733625 -0.79115800 -0.15087061 0.55526459
1403636631.813555479 4.419921 0.109856 1.066741 -0.20656971 -0.79120851 -0.15076770 0.55550620
1403636631.863555670 4.409883 0.132499 1.064181 -0.20560385 -0.79178016 -0.15151195 0.55484715
1403636631.913555622 4.399751 0.153686 1.065338 -0.20472348 -0.79255841 -0.15198094 0.55393253
1403636631.963555574 4.391066 0.178556 1.066874 -0.20445691 -0.79275932 -0.15230572 0.55365423
1403636632.013555527 4.366922 0.197258 1.076814 -0.20458078 -0.79262821 -0.15260962 0.55371250
1403636632.063555717 4.356751 0.221168 1.079793 -0.20434412 -0.79183709 -0.15313446 0.55478585
1403636632.113555431 4.343347 0.244669 1.082735 -0.20297492 -0.79130761 -0.15476682 0.55559039
1403636632.163555622 4.329448 0.266892 1.085412 -0.20113820 -0.79075781 -0.15795986 0.55614224
1403636632.213555574 4.315221 0.281927 1.087742 -0.20082150 -0.79092768 -0.15891084 0.55574408
1403636632.263555765 4.308268 0.304660 1.082844 -0.20175799 -0.79026785 -0.15869158 0.55640580
1403636632.313555479 4.292413 0.317978 1.081740 -0.20257360 -0.79000056 -0.15841054 0.55656909
1403636632.363555670 4.281437 0.337354 1.078801 -0.20333471 -0.78967112 -0.15788890 0.55690718
1403636632.413555622 4.268440 0.350392 1.075418 -0.20408360 -0.79013743 -0.15797496 0.55594662
1403636632.463555574 4.257605 0.368101 1.068553 -0.20653615 -0.79137486 -0.15500538 0.55411369
1403636632.513555527 4.240793 0.380080 1.061787 -0.20834736 -0.79329713 -0.15029570 0.55198029
1403636632.563555717 4.229258 0.396727 1.052289 -0.21014478 -0.79621661 -0.14336272 0.54893115
1403636632.613555431 4.179965 0.403285 1.040418 -0.21014901 -0.79964767 -0.13616170 0.54576642
1403636632.663555622 4.163151 0.420057 1.029163 -0.20803867 -0.80255058 -0.12890248 0.54407410
1403636632.713555574 4.177692 0.480131 0.993248 -0.20287898 -0.80476963 -0.11948126 0.54489467
1403636632.763555765 4.164197 0.500512 0.984613 -0.19617398 -0.80717173 -0.11251191 0.54528032
1403636632.813555479 4.126651 0.510797 0.976357 -0.18629458 -0.80886652 -0.10745200 0.54725073
1403636632.863555670 4.100503 0.531431 0.977651 -0.17351158 -0.80990133 -0.10451412 0.55048193
1403636632.913555622 4.067612 0.556787 0.981455 -0.15940322 -0.81017640 -0.10174957 0.55484397
1403636632.963555574 4.051043 0.579175 0.980056 -0.14764856 -0.81080364 -0.09968980 0.55754758
1403636633.013555527 4.033974 0.601964 0.979953 -0.13723254 -0.81116220 -0.09787811 0.56000267
1403636633.063555717 4.013412 0.626602 0.982141 -0.12837272 -0.81231837 -0.09504784 0.56091462
1403636633.113555431 3.981871 0.635526 0.995294 -0.12160708 -0.81308109 -0.09246381 0.56174844
1403636633.163555622 3.962102 0.655937 0.995378 -0.11597541 -0.81392700 -0.09019370 0.56208330
1403636633.213555574 3.940322 0.668385 0.996028 -0.11187383 -0.81447712 -0.08770873 0.56251085
1403636633.263555765 3.914850 0.689689 0.993447 -0.10868901 -0.81588240 -0.08379056 0.56169543
1403636633.313555479 3.943217 0.751056 0.969271 -0.10741707 -0.81612780 -0.07864437 0.56232735
1403636633.363555670 3.925387 0.778815 0.963494 -0.10706342 -0.81717800 -0.07446651 0.56143769
1403636633.413555622 3.912585 0.785695 0.955321 -0.10810957 -0.81799940 -0.07186851 0.56037865
1403636633.463555574 3.899390 0.801098 0.939744 -0.10892978 -0.81894820 -0.06939960 0.55914385
1403636633.513555527 3.881626 0.820112 0.929553 -0.10992242 -0.81968727 -0.06859513 0.55796465
1403636633.563555717 3.866359 0.837751 0.914964 -0.11121550 -0.82055837 -0.06789443 0.55651184
1403636633.613555431 3.847701 0.857372 0.904667 -0.11221601 -0.82143927 -0.06790014 0.55500870
1403636633.663555622 3.828073 0.881753 0.894747 -0.11339822 -0.82214270 -0.06880169 0.55361408
1403636633.713555574 3.807992 0.900766 0.887634 -0.11444621 -0.82176358 -0.06962632 0.55385815
1403636633.763555765 3.786926 0.925975 0.881257 -0.11593048 -0.82119316 -0.06984566 0.55436765
1403636633.813555479 3.764812 0.951982 0.877042 -0.11755110 -0.82090320 -0.07021613 0.55440903
1403636633.863555670 3.742077 0.977875 0.874633 -0.11953930 -0.81995778 -0.06986454 0.55542644
1403636633.913555622 3.699375 0.990981 0.889494 -0.12242954 -0.81891211 -0.06772412 0.55660346
1403636633.963555574 3.676654 1.013618 0.891756 -0.12577676 -0.81720225 -0.06526589 0.55866005
1403636634.013555527 3.647473 1.035024 0.890021 -0.12835254 -0.81585144 -0.06344157 0.56025639
1403636634.063555717 3.621845 1.062846 0.887797 -0.13052883 -0.81535032 -0.06286190 0.56054836
1403636634.113555431 3.595353 1.086295 0.886551 -0.13011147 -0.81558936 -0.06248655 0.56033957
1403636634.163555622 3.424726 1.152408 0.842436 -0.12894343 -0.81685624 -0.06242221 0.55876912
1403636634.213555574 3.371586 1.168253 0.861836 -0.12660237 -0.81852883 -0.06487687 0.55657289
1403636634.263555765 3.328326 1.192662 0.864923 -0.12293565 -0.81880696 -0.06754263 0.55666865
1403636634.313555479 3.284627 1.220282 0.867438 -0.11941507 -0.81755057 -0.07025322 0.55894150
1403636634.363555670 3.249689 1.243279 0.873192 -0.11612694 -0.81536600 -0.07252586 0.56252361
1403636634.413555622 3.215314 1.264486 0.876478 -0.11286877 -0.81303539 -0.07461613 0.56627425
1403636634.463555574 3.176308 1.292902 0.878570 -0.11049055 -0.81163144 -0.07598941 0.56857000
1403636634.513555527 3.144433 1.314732 0.878016 -0.10838761 -0.80983461 -0.07678178 0.57142330
1403636634.563555717 3.102547 1.339724 0.888194 -0.10706530 -0.80889313 -0.07727855 0.57293713
1403636634.613555431 3.064517 1.352886 0.890831 -0.10430996 -0.80855117 -0.07783721 0.57385172
1403636634.663555622 3.030157 1.382752 0.888169 -0.10059187 -0.80867469 -0.07651483 0.57451894
1403636634.713555574 2.993814 1.392480 0.879111 -0.09711035 -0.80940206 -0.07586263 0.57418006
1403636634.763555765 2.956634 1.416283 0.877026 -0.09329863 -0.81089930 -0.07413456 0.57292387
1403636634.813555479 2.918673 1.440274 0.876006 -0.09047296 -0.81261340 -0.07180665 0.57124243
1403636634.863555670 2.884323 1.467184 0.876026 -0.08797885 -0.81411075 -0.06924735 0.56981419
1403636634.913555622 2.856857 1.483493 0.874749 -0.08510474 -0.81513599 -0.06703593 0.56904893
1403636634.963555574 2.825186 1.505486 0.877289 -0.08223794 -0.81703064 -0.06532910 0.56694794
1403636635.013555527 2.791505 1.522132 0.882000 -0.07925773 -0.81742766 -0.06476003 0.56686539
1403636635.063555717 2.782066 1.553482 0.889912 -0.07689889 -0.81825898 -0.06377300 0.56610230
1403636635.113555431 2.763967 1.565916 0.886625 -0.07517844 -0.81912307 -0.06275326 0.56519698
1403636635.163555622 2.760642 1.577419 0.873055 -0.07440518 -0.81864134 -0.06235669 0.56604052
1403636635.213555574 2.732837 1.596666 0.871677 -0.07353438 -0.81952121 -0.06103965 0.56502375
1403636635.263555765 2.694198 1.607217 0.857807 -0.07369469 -0.82023796 -0.05865741 0.56421458
1403636635.313555479 2.672205 1.624333 0.851448 -0.07423515 -0.82082953 -0.05589660 0.56356331
1403636635.363555670 2.644648 1.646154 0.846920 -0.07613426 -0.82163249 -0.05178273 0.56253194
1403636635.413555622 2.614955 1.668570 0.845011 -0.07642507 -0.82224004 -0.04993646 0.56177119
1403636635.463555574 2.582390 1.690453 0.845123 -0.07720662 -0.82183508 -0.04862433 0.56237168
1403636635.513555527 2.549476 1.702996 0.845271 -0.07906009 -0.82178800 -0.04627711 0.56238102
1403636635.563555717 2.517201 1.725125 0.848262 -0.07959662 -0.82168772 -0.04559405 0.56250764
1403636635.613555431 2.493421 1.744643 0.845334 -0.08038042 -0.82119788 -0.04479814 0.56317507
1403636635.663555622 2.468485 1.760328 0.855061 -0.08121229 -0.82039712 -0.04530663 0.56418120
1403636635.713555574 2.444229 1.783572 0.860441 -0.08167703 -0.81944416 -0.04530303 0.56549781
1403636635.763555765 2.414848 1.806066 0.871072 -0.08284121 -0.81757784 -0.04365832 0.56815293
1403636635.813555479 2.380150 1.827665 0.881723 -0.08546748 -0.81478051 -0.04102278 0.57196605
1403636635.863555670 2.347330 1.848021 0.892612 -0.08841920 -0.81332911 -0.03884086 0.57373268
1403636635.913555622 2.315252 1.872654 0.905989 -0.09106627 -0.81380821 -0.03581256 0.57283557
1403636635.963555574 2.283432 1.898947 0.921047 -0.09197687 -0.81577351 -0.03536159 0.56991525
1403636636.013555527 2.251172 1.928061 0.934518 -0.09131976 -0.81888242 -0.03717752 0.56542914
1403636636.063555717 2.222469 1.953512 0.950062 -0.08892366 -0.82152896 -0.04078762 0.56171088
1403636636.113555431 2.185386 1.974842 0.956827 -0.08649230 -0.82348316 -0.04476542 0.55891916
1403636636.163555622 2.150604 2.003440 0.966406 -0.08376843 -0.82270070 -0.04897150 0.56013231
1403636636.213555574 2.113786 2.023751 0.982397 -0.08042701 -0.82018603 -0.05326542 0.56390528
1403636636.263555765 2.090006 2.057003 0.998070 -0.07810985 -0.81673806 -0.05658806 0.56888978
1403636636.313555479 2.052899 2.066073 1.024370 -0.07691444 -0.81403719 -0.05929275 0.57263600
1403636636.363555670 2.021017 2.095631 1.043368 -0.07551206 -0.81002970 -0.06125534 0.57827122
1403636636.413555622 1.980810 2.115249 1.063455 -0.07361930 -0.80497094 -0.06249377 0.58540287
1403636636.463555574 1.948140 2.144363 1.080040 -0.07257921 -0.80105137 -0.06353578 0.59077252
1403636636.513555527 1.915619 2.163595 1.091052 -0.07059422 -0.79981659 -0.06645544 0.59236269
1403636636.563555717 1.882581 2.189859 1.103196 -0.06815486 -0.79938972 -0.06971023 0.59285029
1403636636.613555431 1.858901 2.219560 1.113356 -0.06556097 -0.79906109 -0.07333752 0.59314816
1403636636.663555622 1.831540 2.245168 1.121327 -0.06274097 -0.79963010 -0.07722418 0.59219228
1403636636.713555574 1.805592 2.269333 1.127192 -0.06049767 -0.79984389 -0.08062310 0.59168378
1403636636.763555765 1.780361 2.291339 1.130591 -0.05792245 -0.80051496 -0.08392041 0.59057443
1403636636.813555479 1.754920 2.312752 1.132567 -0.05448067 -0.80093845 -0.08831886 0.58968571
1403636636.863555670 1.731868 2.330604 1.131389 -0.05195488 -0.80211071 -0.09159192 0.58781802
1403636636.913555622 1.709271 2.348368 1.128401 -0.05350242 -0.80387384 -0.08842269 0.58575231
1403636636.963555574 1.684561 2.363858 1.123879 -0.05641084 -0.80493674 -0.08267147 0.58485904
1403636637.013555527 1.664478 2.377754 1.117768 -0.06030940 -0.80631031 -0.07559111 0.58353445
1403636637.063555717 1.643610 2.389181 1.110784 -0.06351274 -0.80693349 -0.06964247 0.58307324
1403636637.113555431 1.624193 2.400527 1.102445 -0.06594756 -0.80833191 -0.06478855 0.58142316
1403636637.163555622 1.604654 2.410611 1.093354 -0.06750875 -0.81032993 -0.06176938 0.57878538
1403636637.213555574 1.585310 2.420152 1.084004 -0.06801736 -0.81286227 -0.06024101 0.57532563
1403636637.263555765 1.567232 2.429302 1.075521 -0.06822315 -0.81459492 -0.05888201 0.57298659
1403636637.313555479 1.550328 2.441541 1.066437 -0.06814771 -0.81604537 -0.05797254 0.57102105
1403636637.363555670 1.525611 2.452870 1.063670 -0.06759238 -0.81719575 -0.05832838 0.56940335
1403636637.413555622 1.503248 2.459978 1.062546 -0.06718531 -0.81801877 -0.05653155 0.56845019
1403636637.463555574 1.491679 2.469569 1.062866 -0.06610004 -0.81884851 -0.05651806 0.56738312
1403636637.513555527 1.472102 2.476281 1.064907 -0.06607148 -0.81894631 -0.05549199 0.56734657
1403636637.563555717 1.449103 2.484820 1.071628 -0.06562653 -0.81996403 -0.05439269 0.56603320
1403636637.613555431 1.428211 2.493391 1.077045 -0.06586339 -0.82007903 -0.05273192 0.56599624
1403636637.663555622 1.407032 2.501558 1.085086 -0.06599944 -0.82053562 -0.05202086 0.56538412
1403636637.713555574 1.384373 2.509957 1.101152 -0.06524206 -0.82004571 -0.05174836 0.56620722
1403636637.763555765 1.358084 2.518722 1.112113 -0.06446711 -0.81946012 -0.05168016 0.56714925
1403636637.813555479 1.334205 2.525877 1.124413 -0.06375552 -0.81816955 -0.05198443 0.56906189
1403636637.863555670 1.312611 2.533353 1.139897 -0.06305988 -0.81716698 -0.05180073 0.57059466
1403636637.913555622 1.285929 2.538227 1.151186 -0.06254679 -0.81592518 -0.05147947 0.57245424
1403636637.963555574 1.273176 2.551910 1.169182 -0.06213425 -0.81440063 -0.05105113 0.57470404
1403636638.013555527 1.250625 2.557783 1.180137 -0.06159416 -0.81335914 -0.05094297 0.57624464
1403636638.063555717 1.226334 2.565537 1.184755 -0.06118788 -0.81232278 -0.05056956 0.57778063
1403636638.113555431 1.200913 2.573663 1.185862 -0.06105663 -0.81106255 -0.05037995 0.57957872
1403636638.163555622 1.176457 2.581291 1.183992 -0.06082501 -0.81013777 -0.04989750 0.58093662
1403636638.213555574 1.155152 2.587330 1.178285 -0.06054119 -0.81000317 -0.04984459 0.58115845
1403636638.263555765 1.132142 2.594904 1.174051 -0.06019395 -0.80955294 -0.05011339 0.58179840
1403636638.313555479 1.111159 2.601516 1.165507 -0.06126653 -0.81070383 -0.04785238 0.58027223
1403636638.363555670 1.092462 2.608336 1.158810 -0.06429839 -0.81381987 -0.04358472 0.57590216
1403636638.413555622 1.072907 2.616228 1.148397 -0.06817599 -0.81930283 -0.03835189 0.56800004
1403636638.463555574 1.054152 2.623771 1.138230 -0.07113602 -0.82459887 -0.03380669 0.56020842
1403636638.513555527 1.052901 2.617344 1.108607 -0.07603592 -0.82875831 -0.03035421 0.55358542
1403636638.563555717 1.033201 2.626472 1.099966 -0.07706691 -0.83121864 -0.02892925 0.54981757
1403636638.613555431 1.010556 2.639472 1.091675 -0.07549711 -0.83244159 -0.03057996 0.54809310
1403636638.663555622 0.986421 2.651945 1.087727 -0.07201736 -0.83179817 -0.03496304 0.54927487
1403636638.713555574 0.961132 2.665603 1.086621 -0.06961815 -0.83050541 -0.03839422 0.55130750
1403636638.763555765 0.936465 2.678518 1.088690 -0.06722040 -0.82810465 -0.04095679 0.55501950
1403636638.813555479 0.914110 2.694131 1.091776 -0.06594914 -0.82516039 -0.04226398 0.55944150
1403636638.863555670 0.888726 2.709103 1.094625 -0.06589695 -0.82268819 -0.04227648 0.56307587
1403636638.913555622 0.858627 2.725050 1.098544 -0.06643056 -0.82080815 -0.04064236 0.56587027
1403636638.963555574 0.834479 2.742499 1.105241 -0.06776807 -0.81907713 -0.03831807 0.56837652
1403636639.013555527 0.807642 2.757609 1.113453 -0.07082799 -0.81857906 -0.03368959 0.56901383
1403636639.063555717 0.787781 2.772933 1.135798 -0.07390092 -0.81770828 -0.02815806 0.57017449
1403636639.113555431 0.758285 2.791578 1.142923 -0.07674288 -0.81722507 -0.02380793 0.57068984
1403636639.163555622 0.736474 2.809839 1.147807 -0.07909843 -0.81730448 -0.01988801 0.57040449
1403636639.213555574 0.706105 2.832297 1.149233 -0.08095135 -0.81725519 -0.01705721 0.57030684
1403636639.263555765 0.680534 2.851998 1.151588 -0.08151507 -0.81785006 -0.01578673 0.56940966
1403636639.313555479 0.640978 2.866004 1.137765 -0.07866995 -0.81849758 -0.02008601 0.56874362
1403636639.363555670 0.613520 2.890601 1.128677 -0.07480002 -0.81911992 -0.02536913 0.56815836
1403636639.413555622 0.584189 2.916664 1.118082 -0.07091773 -0.81988191 -0.03076493 0.56728992
1403636639.463555574 0.556432 2.943010 1.106962 -0.06702630 -0.82038702 -0.03606769 0.56672015
1403636639.513555527 0.527838 2.971159 1.094966 -0.06280675 -0.82006863 -0.04188272 0.56726413
1403636639.563555717 0.489413 2.999205 1.064746 -0.05827955 -0.81927837 -0.04869666 0.56834416
1403636639.613555431 0.439732 3.024924 1.043298 -0.05458777 -0.81852709 -0.05333007 0.56937639
1403636639.663555622 0.412057 3.051961 1.029179 -0.05311291 -0.81666191 -0.05463332 0.57206428
1403636639.713555574 0.382616 3.078491 1.017551 -0.05382037 -0.81420749 -0.05374633 0.57557003
1403636639.763555765 0.354487 3.102327 1.006549 -0.05517753 -0.81187082 -0.05120950 0.57896356
1403636639.813555479 0.324549 3.128095 0.998342 -0.05632010 -0.81068021 -0.04956100 0.58066286
1403636639.863555670 0.286277 3.141059 0.998088 -0.05741457 -0.81019234 -0.04756648 0.58140293
1403636639.913555622 0.257042 3.165130 0.994537 -0.05829902 -0.80977729 -0.04535545 0.58206946
1403636639.963555574 0.230499 3.186164 0.991576 -0.05863572 -0.80944091 -0.04480617 0.58254586
1403636640.013555527 0.202161 3.209319 0.990416 -0.05799380 -0.80916289 -0.04413560 0.58304733
1403636640.063555717 0.175245 3.229672 0.992110 -0.05526193 -0.80924539 -0.04326725 0.58326321
1403636640.113555431 0.146241 3.253921 0.995586 -0.05040343 -0.80948329 -0.04319230 0.58337871
1403636640.163555622 0.110595 3.267376 0.990703 -0.04599364 -0.80971519 -0.04086582 0.58358879
1403636640.213555574 0.086250 3.290485 0.991176 -0.04192110 -0.80966740 -0.03826588 0.58413786
1403636640.263555765 0.063839 3.311883 0.998733 -0.03854215 -0.81070239 -0.03652427 0.58304555
1403636640.313555479 0.039287 3.332744 1.005035 -0.03624455 -0.81118482 -0.03418092 0.58266387
1403636640.363555670 0.019815 3.356336 1.005767 -0.03338859 -0.81115288 -0.03261896 0.58296845
1403636640.413555622 -0.003837 3.379646 1.007398 -0.03095241 -0.81137195 -0.03137443 0.58286632
1403636640.463555574 -0.025613 3.397486 1.010630 -0.02860362 -0.81128618 -0.03065078 0.58314415
1403636640.513555527 -0.046769 3.424968 1.018556 -0.02742454 -0.81222710 -0.02866577 0.58199082
1403636640.563555717 -0.069301 3.448430 1.009629 -0.02568194 -0.81226020 -0.02831606 0.58204125
1403636640.613555431 -0.103887 3.459195 0.989848 -0.02480596 -0.81241205 -0.02823027 0.58187144
1403636640.663555622 -0.124188 3.476059 0.987379 -0.02371516 -0.81221482 -0.02783019 0.58221144
1403636640.713555574 -0.144024 3.494302 0.982632 -0.02334833 -0.81266899 -0.02705181 0.58162889
1403636640.763555765 -0.166099 3.510075 0.977196 -0.02295211 -0.81359994 -0.02634665 0.58037419
1403636640.813555479 -0.206622 3.516537 0.961179 -0.02202576 -0.81473370 -0.02671363 0.57880069
1403636640.863555670 -0.227095 3.531818 0.958229 -0.02134457 -0.81575457 -0.02673966 0.57738539
1403636640.913555622 -0.246867 3.546731 0.957554 -0.02107378 -0.81617548 -0.02645554 0.57681330
1403636640.963555574 -0.267549 3.560665 0.959499 -0.02083457 -0.81641313 -0.02680718 0.57646933
1403636641.013555527 -0.286941 3.573936 0.962061 -0.02072054 -0.81605829 -0.02723275 0.57695572
1403636641.063555717 -0.295471 3.598960 0.972538 -0.02153527 -0.81510547 -0.02662747 0.57829947
1403636641.113555431 -0.312088 3.612765 0.972042 -0.02167503 -0.81473622 -0.02712813 0.57879111
1403636641.163555622 -0.330629 3.625372 0.971048 -0.02175516 -0.81491403 -0.02770253 0.57851051
1403636641.213555574 -0.346353 3.638995 0.967118 -0.02213356 -0.81422097 -0.02782690 0.57946525
1403636641.263555765 -0.363260 3.651222 0.963083 -0.02322488 -0.81365074 -0.02665789 0.58027790
1403636641.313555479 -0.378863 3.664203 0.957222 -0.02579497 -0.81357975 -0.02397584 0.58038588
1403636641.363555670 -0.395264 3.675625 0.950584 -0.02867311 -0.81374722 -0.02047013 0.58015023
1403636641.413555622 -0.408529 3.692051 0.940985 -0.03101802 -0.81355934 -0.01721263 0.58039883
1403636641.463555574 -0.424162 3.704346 0.932746 -0.03160354 -0.81345035 -0.01708229 0.58052386
1403636641.513555527 -0.437740 3.716021 0.924409 -0.03085670 -0.81323954 -0.01861105 0.58081231
1403636641.563555717 -0.450473 3.728864 0.916732 -0.02976317 -0.81350793 -0.02018302 0.58044091
1403636641.613555431 -0.462951 3.743203 0.910623 -0.02884152 -0.81347741 -0.02234971 0.58045083
1403636641.663555622 -0.473812 3.756131 0.902430 -0.02802654 -0.81373992 -0.02375960 0.58006666
1403636641.713555574 -0.467115 3.778361 0.897570 -0.02767066 -0.81311712 -0.02499718 0.58090449
1403636641.763555765 -0.477614 3.790410 0.897569 -0.02758670 -0.81356510 -0.02589662 0.58024147
1403636641.813555479 -0.490008 3.802412 0.901212 -0.02725418 -0.81312444 -0.02616984 0.58086228
1403636641.863555670 -0.502104 3.814026 0.904590 -0.02725534 -0.81255522 -0.02653120 0.58164187
1403636641.913555622 -0.517943 3.821387 0.906571 -0.02849302 -0.81241304 -0.02728548 0.58174625
1403636641.963555574 -0.530095 3.832734 0.911644 -0.03135957 -0.81207102 -0.02834986 0.58202536
1403636642.013555527 -0.535268 3.841601 0.928274 -0.03474431 -0.81100903 -0.03096322 0.58317962
1403636642.063555717 -0.544728 3.854731 0.934827 -0.03914856 -0.81031564 -0.03346394 0.58372606
1403636642.113555431 -0.556059 3.867231 0.938805 -0.04271378 -0.80969296 -0.03680567 0.58413884
1403636642.163555622 -0.565698 3.879334 0.944651 -0.04580216 -0.80913612 -0.03941261 0.58450625
1403636642.213555574 -0.575474 3.889028 0.948821 -0.04859658 -0.80848822 -0.04132892 0.58504452
1403636642.263555765 -0.585325 3.899383 0.951529 -0.05156680 -0.80814529 -0.04283372 0.58515581
1403636642.313555479 -0.593337 3.908412 0.952664 -0.05516920 -0.80755673 -0.04473124 0.58549774
1403636642.363555670 -0.593299 3.920859 0.941391 -0.05931940 -0.80671752 -0.04761188 0.58602146
1403636642.413555622 -0.596829 3.939244 0.934117 -0.06323173 -0.80545675 -0.04977442 0.58716580
1403636642.463555574 -0.602884 3.948295 0.928933 -0.06663026 -0.80536212 -0.05207765 0.58671985
1403636642.513555527 -0.606680 3.958491 0.922490 -0.06964114 -0.80573336 -0.05346124 0.58573523
1403636642.563555717 -0.602987 3.971391 0.914440 -0.07252570 -0.80746585 -0.05537879 0.58281396
1403636642.613555431 -0.603677 3.982496 0.907460 -0.07480264 -0.80953043 -0.05566450 0.57962618
1403636642.663555622 -0.606966 3.991934 0.897103 -0.07691622 -0.81195221 -0.05617011 0.57590140
1403636642.713555574 -0.610727 3.999623 0.888097 -0.07850094 -0.81403229 -0.05672208 0.57268808
1403636642.763555765 -0.611315 4.008948 0.876601 -0.08040866 -0.81585155 -0.05696155 0.56980355
1403636642.813555479 -0.618703 4.014229 0.868668 -0.08311369 -0.81706476 -0.05724822 0.56764420
1403636642.863555670 -0.622961 4.022907 0.863364 -0.08389813 -0.81791456 -0.05676907 0.56635162
1403636642.913555622 -0.628032 4.033517 0.863057 -0.08411747 -0.81894732 -0.05640927 0.56486064
1403636642.963555574 -0.632735 4.042429 0.861624 -0.08476360 -0.81922688 -0.05582555 0.56441647
1403636643.013555527 -0.638301 4.051365 0.862805 -0.08476628 -0.81874100 -0.05555482 0.56514734
1403636643.063555717 -0.644847 4.061295 0.864859 -0.08459898 -0.81648955 -0.05570697 0.56840528
1403636643.113555431 -0.651065 4.071022 0.865966 -0.08454554 -0.81408230 -0.05547441 0.57187818
1403636643.163555622 -0.657755 4.081534 0.866021 -0.08459618 -0.81211135 -0.05505922 0.57470611
1403636643.213555574 -0.664137 4.091382 0.864424 -0.08462979 -0.81064269 -0.05484399 0.57679144
1403636643.263555765 -0.670227 4.102338 0.861121 -0.08438747 -0.81009310 -0.05463227 0.57761859
1403636643.313555479 -0.675993 4.110805 0.857967 -0.08402992 -0.81030119 -0.05473529 0.57736903
1403636643.363555670 -0.681268 4.122087 0.853271 -0.08375111 -0.81149425 -0.05460833 0.57574366
1403636643.413555622 -0.687561 4.133115 0.851677 -0.08407509 -0.81295501 -0.05364085 0.57372309
1403636643.463555574 -0.694186 4.145003 0.850954 -0.08438504 -0.81505096 -0.05237587 0.57081334
1403636643.513555527 -0.701952 4.157020 0.851587 -0.08403099 -0.81737686 -0.05179325 0.56758375
1403636643.563555717 -0.713714 4.175931 0.859795 -0.08357288 -0.81929442 -0.05122569 0.56493200
1403636643.613555431 -0.722121 4.187306 0.863045 -0.08296232 -0.82145909 -0.05154282 0.56184122
1403636643.663555622 -0.732963 4.201774 0.868653 -0.08183905 -0.82342514 -0.05097876 0.55917312
1403636643.713555574 -0.735477 4.202895 0.886397 -0.08118304 -0.82474377 -0.05123069 0.55729924
1403636643.763555765 -0.746277 4.217352 0.895728 -0.08043569 -0.82571355 -0.05139695 0.55595467
1403636643.813555479 -0.755822 4.233447 0.904534 -0.07963293 -0.82751873 -0.05190985 0.55333237
1403636643.863555670 -0.771412 4.246725 0.915082 -0.07955086 -0.82921174 -0.05165352 0.55082798
1403636643.913555622 -0.785530 4.260308 0.922047 -0.07895622 -0.83021809 -0.05163400 0.54939764
1403636643.963555574 -0.799531 4.280059 0.936200 -0.07839231 -0.83143441 -0.05194278 0.54760699
1403636644.013555527 -0.817200 4.295103 0.940596 -0.07794551 -0.83198508 -0.05234541 0.54679546
1403636644.063555717 -0.835002 4.312441 0.942806 -0.07777702 -0.83231502 -0.05225816 0.54632548
1403636644.113555431 -0.853947 4.328959 0.943389 -0.07775900 -0.83291010 -0.05238422 0.54540829
1403636644.163555622 -0.871823 4.348027 0.942577 -0.07738645 -0.83210709 -0.05257666 0.54666702
1403636644.213555574 -0.894354 4.362503 0.944078 -0.07864646 -0.82888713 -0.05096640 0.55151000
1403636644.263555765 -0.915573 4.391287 0.939162 -0.08164936 -0.82446878 -0.04639850 0.55806074
1403636644.313555479 -0.942256 4.410516 0.936794 -0.08506948 -0.81932098 -0.04168630 0.56545430
1403636644.363555670 -0.957926 4.432374 0.936359 -0.08813648 -0.81436716 -0.03742584 0.57239619
1403636644.413555622 -0.981637 4.452606 0.929698 -0.08986265 -0.81073613 -0.03474716 0.57742901
1403636644.463555574 -1.004166 4.475186 0.921838 -0.09138773 -0.80751253 -0.03290761 0.58179797
1403636644.513555527 -1.027006 4.497486 0.911796 -0.09392251 -0.80431110 -0.02885371 0.58602874
1403636644.563555717 -1.051507 4.520804 0.901334 -0.09584986 -0.80253120 -0.02557785 0.58830456
1403636644.613555431 -1.074533 4.544033 0.895503 -0.09691847 -0.80161574 -0.02556292 0.58937725
1403636644.663555622 -1.094737 4.569916 0.880987 -0.09421565 -0.80156944 -0.02947045 0.58969596
1403636644.713555574 -1.108157 4.597288 0.862522 -0.09000766 -0.80154368 -0.03572818 0.59004224
1403636644.763555765 -1.129700 4.621107 0.844707 -0.08438973 -0.80280719 -0.04371056 0.58861565
1403636644.813555479 -1.145730 4.649563 0.826975 -0.07983285 -0.80324278 -0.05139747 0.58803575
1403636644.863555670 -1.160379 4.679220 0.807047 -0.07679767 -0.80483493 -0.05683725 0.58575795
1403636644.913555622 -1.174331 4.707082 0.788134 -0.07651099 -0.80649496 -0.05878024 0.58331538
1403636644.963555574 -1.187080 4.736031 0.772093 -0.07724170 -0.80826261 -0.05888996 0.58075576
1403636645.013555527 -1.199952 4.762331 0.757025 -0.07794465 -0.81263353 -0.05888420 0.57452940
1403636645.063555717 -1.213803 4.788100 0.742827 -0.08037312 -0.81911782 -0.05659391 0.56514005
1403636645.113555431 -1.240581 4.813936 0.733337 -0.08195298 -0.82578000 -0.05469240 0.55531959
1403636645.163555622 -1.252358 4.836081 0.720561 -0.08248822 -0.83166047 -0.05489414 0.54637276
1403636645.213555574 -1.271142 4.853953 0.709494 -0.08429952 -0.83629179 -0.05332172 0.53913488
1403636645.263555765 -1.288895 4.881335 0.704815 -0.08440105 -0.83878750 -0.05359435 0.53520056
1403636645.313555479 -1.309488 4.911070 0.700746 -0.08450596 -0.83828870 -0.05350898 0.53597349
1403636645.363555670 -1.331184 4.939498 0.699097 -0.08402749 -0.83578720 -0.05446884 0.53984468
1403636645.413555622 -1.355959 4.973151 0.695447 -0.08373880 -0.83308482 -0.05564177 0.54393151
1403636645.463555574 -1.381062 5.002648 0.692707 -0.08372908 -0.83082823 -0.05609886 0.54732697
1403636645.513555527 -1.408521 5.035076 0.687777 -0.08338515 -0.82920996 -0.05656132 0.54978049
1403636645.563555717 -1.441078 5.064879 0.679582 -0.08328197 -0.82855778 -0.05730981 0.55070110
1403636645.613555431 -1.473296 5.096238 0.672474 -0.08323168 -0.82747734 -0.05787413 0.55227196
1403636645.663555622 -1.503775 5.127185 0.664724 -0.08248030 -0.82675804 -0.05861702 0.55338250
1403636645.713555574 -1.536088 5.162940 0.646319 -0.08266628 -0.82600290 -0.05914569 0.55442519
1403636645.763555765 -1.569334 5.194383 0.640505 -0.08276434 -0.82552078 -0.05825149 0.55522272
1403636645.813555479 -1.603781 5.225954 0.637100 -0.08326317 -0.82518421 -0.05751443 0.55572507
1403636645.863555670 -1.641291 5.256663 0.637607 -0.08384970 -0.82564635 -0.05706126 0.55499671
1403636645.913555622 -1.680387 5.295545 0.639891 -0.08454352 -0.82573767 -0.05563155 0.55490074
1403636645.963555574 -1.719616 5.327477 0.646508 -0.08644311 -0.82285464 -0.05581885 0.55885784
1403636646.013555527 -1.769014 5.357972 0.653994 -0.08978646 -0.82012666 -0.05630618 0.56228130
1403636646.063555717 -1.821262 5.387551 0.661853 -0.09555758 -0.81766646 -0.05623359 0.56491423
1403636646.113555431 -1.860392 5.421689 0.671184 -0.10314601 -0.81491108 -0.05857120 0.56731848
1403636646.163555622 -1.900999 5.454648 0.679722 -0.11205586 -0.81172234 -0.06223489 0.56980447
1403636646.213555574 -1.940144 5.497635 0.681199 -0.12268885 -0.80830415 -0.06597923 0.57204772
1403636646.263555765 -1.977184 5.533451 0.687823 -0.13451308 -0.80452698 -0.07128209 0.57407442
1403636646.313555479 -2.017620 5.566849 0.690654 -0.14672375 -0.79987665 -0.07722894 0.57680602
1403636646.363555670 -2.052675 5.603805 0.693994 -0.15949673 -0.79505217 -0.08340136 0.57922108
1403636646.413555622 -2.086235 5.639681 0.695448 -0.17049650 -0.79079615 -0.09337659 0.58039057
1403636646.463555574 -2.149584 5.667114 0.670445 -0.17902961 -0.78645606 -0.10345260 0.58200757
1403636646.513555527 -2.181510 5.704946 0.671277 -0.18497921 -0.78227936 -0.11418074 0.58376746
1403636646.563555717 -2.216627 5.748257 0.662396 -0.19043525 -0.77945732 -0.12252955 0.58409521
1403636646.613555431 -2.251877 5.788643 0.663605 -0.19595507 -0.77840518 -0.12860587 0.58236374
1403636646.663555622 -2.279625 5.825627 0.667132 -0.19945314 -0.77880691 -0.13515887 0.57914620
1403636646.713555574 -2.306308 5.861026 0.674198 -0.20366981 -0.77900388 -0.13884016 0.57653706
1403636646.763555765 -2.331267 5.896789 0.682447 -0.20689733 -0.77874915 -0.14177620 0.57501545
1403636646.813555479 -2.355838 5.932698 0.699197 -0.20928117 -0.77801591 -0.14459089 0.57444417
1403636646.863555670 -2.379787 5.967141 0.711772 -0.21137945 -0.77740330 -0.14688485 0.57392306
1403636646.913555622 -2.404465 5.998993 0.724973 -0.21281492 -0.77755372 -0.14734997 0.57306894
1403636646.963555574 -2.432030 6.028849 0.734923 -0.21405355 -0.77830900 -0.14840876 0.57130642
1403636647.013555527 -2.454768 6.058613 0.749470 -0.21464450 -0.77918815 -0.14894358 0.56974501
1403636647.063555717 -2.475606 6.090149 0.758510 -0.21456637 -0.78068444 -0.14918543 0.56765904
1403636647.113555431 -2.499116 6.119751 0.763216 -0.21519350 -0.78301688 -0.14906925 0.56422928
1403636647.163555622 -2.518894 6.150950 0.769025 -0.21551644 -0.78483730 -0.14805739 0.56183813
1403636647.213555574 -2.526060 6.181770 0.781568 -0.21506401 -0.78590792 -0.14801221 0.56052529
1403636647.263555765 -2.547768 6.212384 0.787069 -0.21498762 -0.78587826 -0.14708466 0.56084025
1403636647.313555479 -2.565201 6.239713 0.798022 -0.21504170 -0.78522717 -0.14553935 0.56213313
1403636647.363555670 -2.583313 6.270968 0.800377 -0.21479089 -0.78438783 -0.14435752 0.56370339
1403636647.413555622 -2.592114 6.296357 0.801749 -0.21219905 -0.78355066 -0.14242563 0.56633459
1403636647.463555574 -2.608074 6.326769 0.801382 -0.21192805 -0.78249886 -0.14070989 0.56831573
1403636647.513555527 -2.624257 6.357761 0.802378 -0.21122393 -0.78068673 -0.13928009 0.57141381
1403636647.563555717 -2.638294 6.388012 0.801537 -0.21098579 -0.77821718 -0.13723356 0.57535204
1403636647.613555431 -2.655344 6.418292 0.804044 -0.21156442 -0.77494321 -0.13503270 0.58006007
1403636647.663555622 -2.667002 6.449070 0.805194 -0.21235684 -0.77434185 -0.13544794 0.58047664
1403636647.713555574 -2.679611 6.478322 0.804635 -0.21277591 -0.77490430 -0.13684711 0.57924313
1403636647.763555765 -2.689863 6.510021 0.808201 -0.21302513 -0.77623593 -0.13836799 0.57700293
1403636647.813555479 -2.698207 6.537591 0.813635 -0.21321735 -0.77675172 -0.14095717 0.57560942
1403636647.863555670 -2.709714 6.569426 0.818716 -0.21546588 -0.77735936 -0.14314989 0.57340648
1403636647.913555622 -2.715063 6.596094 0.820785 -0.21855804 -0.77646870 -0.14672194 0.57253944
1403636647.963555574 -2.722771 6.619649 0.824744 -0.22362601 -0.77484010 -0.15053305 0.57179894
1403636648.013555527 -2.719430 6.649418 0.839589 -0.22971154 -0.77328533 -0.15580638 0.57007612
1403636648.063555717 -2.712180 6.687570 0.836276 -0.23757275 -0.77131516 -0.16113970 0.56803707
1403636648.113555431 -2.712293 6.717401 0.829858 -0.24688501 -0.76854688 -0.16758179 0.56595038
1403636648.163555622 -2.710019 6.748047 0.823225 -0.25699194 -0.76528003 -0.17473052 0.56371169
1403636648.213555574 -2.707679 6.777419 0.814467 -0.26690389 -0.76167026 -0.18211914 0.56165233
1403636648.263555765 -2.701933 6.805001 0.807275 -0.27766866 -0.75769472 -0.18957058 0.55934052
1403636648.313555479 -2.697718 6.827620 0.797544 -0.28878061 -0.75346805 -0.19723554 0.55676728
1403636648.363555670 -2.692009 6.855829 0.785958 -0.29911778 -0.74895365 -0.20538412 0.55444959
1403636648.413555622 -2.690497 6.883967 0.774789 -0.31148482 -0.74432612 -0.21371476 0.55071030
1403636648.463555574 -2.686369 6.907148 0.746790 -0.32303243 -0.73919160 -0.22152359 0.54788058
1403636648.513555527 -2.677122 6.932249 0.734213 -0.33387148 -0.73442464 -0.22893997 0.54473551
1403636648.563555717 -2.663206 6.943153 0.724174 -0.34322760 -0.72958584 -0.23581791 0.54248432
1403636648.613555431 -2.645448 6.964869 0.716282 -0.35110057 -0.72577488 -0.24182404 0.53990773
1403636648.663555622 -2.628750 6.985469 0.707379 -0.35788880 -0.72344594 -0.24692954 0.53625310
1403636648.713555574 -2.631952 7.007747 0.712787 -0.36266066 -0.72293977 -0.25219093 0.53125801
1403636648.763555765 -2.610888 7.040120 0.717632 -0.36766540 -0.72304562 -0.25439820 0.52660111
1403636648.813555479 -2.600280 7.062364 0.713325 -0.37274959 -0.72549818 -0.25452292 0.51954617
1403636648.863555670 -2.590065 7.083461 0.712492 -0.37698533 -0.72789396 -0.25393101 0.51339214
1403636648.913555622 -2.578599 7.104652 0.713171 -0.37965190 -0.73080631 -0.25394776 0.50724463
1403636648.963555574 -2.566192 7.125498 0.716576 -0.38155854 -0.73274772 -0.25358038 0.50318073
1403636649.013555527 -2.560013 7.155117 0.721755 -0.38216123 -0.73307788 -0.25456447 0.50174350
1403636649.063555717 -2.549069 7.178224 0.730320 -0.38104892 -0.73128211 -0.25662601 0.50415403
1403636649.113555431 -2.539583 7.203264 0.740737 -0.37860541 -0.72788501 -0.25971273 0.50930408
1403636649.163555622 -2.532831 7.218469 0.748355 -0.37629344 -0.72389205 -0.26249665 0.51524659
1403636649.213555574 -2.522095 7.241976 0.764254 -0.37338851 -0.72084117 -0.26520189 0.52022782
1403636649.263555765 -2.516639 7.268114 0.780587 -0.37100793 -0.71854078 -0.26683242 0.52426398
1403636649.313555479 -2.508466 7.292406 0.797919 -0.36952027 -0.71834598 -0.26697402 0.52550804
1403636649.363555670 -2.504590 7.318226 0.816854 -0.36858460 -0.71991987 -0.26585940 0.52457560
1403636649.413555622 -2.565426 7.334719 0.830206 -0.36957673 -0.72147401 -0.26529107 0.52202389
1403636649.463555574 -2.557293 7.354350 0.850399 -0.36879179 -0.72422371 -0.26328529 0.51978215
1403636649.513555527 -2.540773 7.385936 0.872551 -0.36794439 -0.72466952 -0.26171715 0.52055273
1403636649.563555717 -2.531367 7.403917 0.899426 -0.36649540 -0.72366876 -0.26073462 0.52345211
1403636649.613555431 -2.523080 7.421894 0.929999 -0.36632493 -0.72183957 -0.25990045 0.52650303
1403636649.663555622 -2.513336 7.439180 0.959400 -0.36779634 -0.71861208 -0.26005917 0.52980351
1403636649.713555574 -2.503514 7.457150 0.982290 -0.37057011 -0.71585221 -0.26118473 0.53105173
1403636649.763555765 -2.491425 7.474426 1.004007 -0.37316562 -0.71331950 -0.26435960 0.53107129
1403636649.813555479 -2.478476 7.489737 1.026532 -0.37543870 -0.71140517 -0.26727355 0.53057828
1403636649.863555670 -2.464953 7.505654 1.044922 -0.37745145 -0.70940235 -0.27046660 0.53021367
1403636649.913555622 -2.455965 7.526053 1.055920 -0.37904706 -0.70803014 -0.27303805 0.52959122
1403636649.963555574 -2.439034 7.534916 1.078745 -0.38061792 -0.70689279 -0.27566527 0.52862202
1403636650.013555527 -2.425610 7.550500 1.090292 -0.38210651 -0.70611667 -0.27774195 0.52749718
1403636650.063555717 -2.410732 7.562172 1.098881 -0.38387602 -0.70451729 -0.27955781 0.52739172
1403636650.113555431 -2.395739 7.573565 1.104743 -0.38715442 -0.70254783 -0.28176934 0.52644472
1403636650.163555622 -2.388302 7.608144 1.068649 -0.39175685 -0.69969883 -0.28500602 0.52509017
1403636650.213555574 -2.376059 7.619459 1.069549 -0.39781384 -0.69685085 -0.28990615 0.52162962
1403636650.263555765 -2.355860 7.628824 1.068748 -0.40552121 -0.69276306 -0.29532468 0.51808806
1403636650.313555479 -2.340211 7.641023 1.065768 -0.41488580 -0.68802270 -0.30035693 0.51408194
1403636650.363555670 -2.336516 7.674680 1.007918 -0.42530098 -0.68312907 -0.30592777 0.50878477
1403636650.413555622 -2.319563 7.683969 1.001698 -0.43526904 -0.67836677 -0.31226380 0.50284262
1403636650.463555574 -2.297623 7.691008 0.995240 -0.44576429 -0.67364901 -0.31830236 0.49616007
1403636650.513555527 -2.298375 7.704782 0.984089 -0.45612853 -0.66935737 -0.32352540 0.48912042
1403636650.563555717 -2.276899 7.709902 0.975572 -0.46550741 -0.66535973 -0.32737048 0.48314372
1403636650.613555431 -2.257094 7.719069 0.954587 -0.47275697 -0.66196326 -0.33070631 0.47847553
1403636650.663555622 -2.250085 7.727067 0.942703 -0.47869626 -0.65885495 -0.33388205 0.47463967
1403636650.713555574 -2.229141 7.731176 0.933075 -0.48378973 -0.65631959 -0.33723421 0.47060087
1403636650.763555765 -2.212131 7.734901 0.930494 -0.48787024 -0.65343360 -0.33983493 0.46852895
1403636650.813555479 -2.199373 7.738036 0.925676 -0.49068358 -0.65070161 -0.34269094 0.46731142
1403636650.863555670 -2.179539 7.740914 0.923236 -0.49207595 -0.64786657 -0.34601899 0.46733396
1403636650.913555622 -2.162637 7.744856 0.922921 -0.49205734 -0.64467069 -0.34986922 0.46890383
1403636650.963555574 -2.143375 7.745348 0.924091 -0.49191981 -0.64192157 -0.35248025 0.47086014
1403636651.013555527 -2.126058 7.749414 0.926660 -0.49104567 -0.64024964 -0.35516380 0.47203096
1403636651.063555717 -2.108659 7.751229 0.930747 -0.49049760 -0.63923781 -0.35628885 0.47312300
1403636651.113555431 -2.091606 7.750460 0.935992 -0.48984185 -0.63852835 -0.35686881 0.47432180
1403636651.163555622 -2.072315 7.749614 0.942626 -0.48953268 -0.63902917 -0.35685228 0.47397882
1403636651.213555574 -2.061393 7.743706 0.951488 -0.48956607 -0.64044622 -0.35546084 0.47307641
1403636651.263555765 -2.042326 7.740040 0.960770 -0.48964551 -0.64228082 -0.35403527 0.47157359
1403636651.313555479 -2.030376 7.737780 0.971611 -0.48964464 -0.64453090 -0.35209451 0.46995478
1403636651.363555670 -2.011856 7.733151 0.981578 -0.48994184 -0.64662865 -0.34957494 0.46864245
1403636651.413555622 -1.999712 7.731069 0.991469 -0.48930119 -0.64827301 -0.34824711 0.46802821
1403636651.463555574 -1.981168 7.726009 0.998465 -0.48848562 -0.64963907 -0.34675604 0.46809308
1403636651.513555527 -1.968819 7.722946 1.003644 -0.48704198 -0.65034764 -0.34637527 0.46889469
1403636651.563555717 -1.950394 7.717578 1.007403 -0.48528711 -0.64966128 -0.34628161 0.47172628
1403636651.613555431 -1.935827 7.713771 1.009485 -0.48276219 -0.64868175 -0.34749616 0.47476213
1403636651.663555622 -1.917271 7.707565 1.010667 -0.48109230 -0.64752435 -0.34772764 0.47785762
1403636651.713555574 -1.903185 7.703764 1.012518 -0.48061051 -0.64624688 -0.34721096 0.48044048
1403636651.763555765 -1.883658 7.696234 1.011324 -0.48235468 -0.64369579 -0.34625257 0.48280313
1403636651.813555479 -1.862132 7.687876 1.008685 -0.48596103 -0.63978237 -0.34506183 0.48523471
1403636651.863555670 -1.840817 7.678741 1.003917 -0.49025177 -0.63496629 -0.34576360 0.48674280
1403636651.913555622 -1.851781 7.691235 1.013832 -0.49567862 -0.63031740 -0.34793561 0.48574014
1403636651.963555574 -1.828480 7.680228 1.008505 -0.50205491 -0.62447412 -0.35122514 0.48436954
1403636652.013555527 -1.808725 7.670838 1.001672 -0.50885978 -0.61823595 -0.35675990 0.48121555
1403636652.063555717 -1.782912 7.659067 0.993767 -0.51709148 -0.61262950 -0.36310853 0.47481964
1403636652.113555431 -1.759484 7.644218 0.984361 -0.52542418 -0.60741284 -0.37132699 0.46593491
1403636652.163555622 -1.732551 7.623338 0.981204 -0.53572255 -0.60051942 -0.38036687 0.45573986
1403636652.213555574 -1.721904 7.614824 0.969389 -0.54741459 -0.59344072 -0.38833250 0.44425583
1403636652.263555765 -1.695316 7.588549 0.955115 -0.55989116 -0.58506056 -0.39521635 0.43362433
1403636652.313555479 -1.674113 7.577808 0.944311 -0.57350735 -0.57763656 -0.40026613 0.42096597
1403636652.363555670 -1.646694 7.556203 0.927802 -0.58623510 -0.56962487 -0.40472059 0.40994776
1403636652.413555622 -1.621363 7.535055 0.911166 -0.59672204 -0.56192299 -0.40915237 0.40094851
1403636652.463555574 -1.593216 7.515637 0.896533 -0.60588375 -0.55471090 -0.41239989 0.39386169
1403636652.513555527 -1.599201 7.501192 0.880364 -0.61353653 -0.54924263 -0.41440799 0.38751965
1403636652.563555717 -1.571224 7.485097 0.867831 -0.62107349 -0.54441718 -0.41533920 0.38127548
1403636652.613555431 -1.542925 7.468432 0.859170 -0.62722740 -0.54136030 -0.41556440 0.37526131
1403636652.663555622 -1.513556 7.456102 0.852133 -0.63218175 -0.53978431 -0.41564400 0.36907884
1403636652.713555574 -1.487881 7.444926 0.848919 -0.63461875 -0.53886244 -0.41747924 0.36413925
1403636652.763555765 -1.431386 7.414952 0.850832 -0.63705615 -0.53729204 -0.41737659 0.36231686
1403636652.813555479 -1.405675 7.407517 0.852660 -0.63793649 -0.53626622 -0.41879949 0.36064188
1403636652.863555670 -1.385383 7.387738 0.853044 -0.63831980 -0.53473256 -0.42006662 0.36076717
1403636652.913555622 -1.355867 7.392891 0.863090 -0.63744330 -0.53420751 -0.42170300 0.36118549
1403636652.963555574 -1.327905 7.385753 0.869434 -0.63596689 -0.53386826 -0.42374533 0.36189873
1403636653.013555527 -1.300745 7.383088 0.879040 -0.63443751 -0.53375381 -0.42519566 0.36304899
1403636653.063555717 -1.272612 7.378240 0.881953 -0.63193075 -0.53417000 -0.42754939 0.36404320
1403636653.113555431 -1.244222 7.374976 0.880709 -0.62954561 -0.53364141 -0.42937934 0.36678680
1403636653.163555622 -1.215643 7.373053 0.876592 -0.62642821 -0.53347885 -0.43193165 0.36935494
1403636653.213555574 -1.188609 7.373531 0.873131 -0.62262985 -0.53281898 -0.43506922 0.37302919
1403636653.263555765 -1.160489 7.373449 0.870176 -0.61854472 -0.53209441 -0.43835262 0.37699462
1403636653.313555479 -1.135794 7.378275 0.870866 -0.61472945 -0.53233661 -0.44108069 0.37970154
1403636653.363555670 -1.107812 7.380043 0.872791 -0.61197260 -0.53306869 -0.44200921 0.38204079
1403636653.413555622 -1.081126 7.380220 0.875376 -0.60946774 -0.53457644 -0.44211803 0.38380823
1403636653.463555574 -1.055896 7.377797 0.877901 -0.60830544 -0.53608036 -0.44124778 0.38455524
1403636653.513555527 -1.034544 7.377708 0.885182 -0.60710155 -0.53790293 -0.44011721 0.38520772
1403636653.563555717 -1.010766 7.373985 0.891664 -0.60636206 -0.53928197 -0.43871591 0.38604192
1403636653.613555431 -0.990472 7.376174 0.907148 -0.60496356 -0.53942326 -0.43867491 0.38807984
1403636653.663555622 -0.967644 7.372219 0.916237 -0.60278617 -0.53958104 -0.43960957 0.39018529
1403636653.713555574 -0.946770 7.368927 0.927130 -0.60098407 -0.53944593 -0.44073925 0.39187389
1403636653.763555765 -0.924829 7.363653 0.933513 -0.59940459 -0.53892954 -0.44178074 0.39382594
1403636653.813555479 -0.906828 7.360795 0.940842 -0.59796131 -0.53934226 -0.44255873 0.39458075
1403636653.863555670 -0.851465 7.351107 0.958683 -0.59716906 -0.53854391 -0.44399864 0.39525280
1403636653.913555622 -0.830517 7.343286 0.960153 -0.59687494 -0.53876774 -0.44392685 0.39547260
1403636653.963555574 -0.810131 7.334455 0.959733 -0.59810072 -0.53868622 -0.44201753 0.39587017
1403636654.013555527 -0.794163 7.326864 0.957464 -0.59992264 -0.53859440 -0.43944590 0.39610125
1403636654.063555717 -0.774576 7.316561 0.954035 -0.60130779 -0.53812330 -0.43742469 0.39687768
1403636654.113555431 -0.758853 7.307436 0.949938 -0.60250602 -0.53677580 -0.43724799 0.39707988
1403636654.163555622 -0.738976 7.296203 0.946725 -0.60394449 -0.53399959 -0.43840986 0.39735663
1403636654.213555574 -0.728326 7.288934 0.945845 -0.60588196 -0.53110069 -0.44060095 0.39586603
1403636654.263555765 -0.708959 7.275580 0.945603 -0.60853232 -0.52846349 -0.44327278 0.39233149
1403636654.313555479 -0.696681 7.264059 0.946130 -0.61213826 -0.52526223 -0.44598535 0.38792190
1403636654.363555670 -0.677713 7.249102 0.949951 -0.61690464 -0.52137141 -0.44813818 0.38310924
1403636654.413555622 -0.643670 7.252975 0.967981 -0.62282440 -0.51657978 -0.45062154 0.37706143
1403636654.463555574 -0.624416 7.237537 0.975972 -0.62843657 -0.51126260 -0.45336384 0.37167089
1403636654.513555527 -0.607536 7.223570 0.986316 -0.63385237 -0.50547808 -0.45731967 0.36548845
1403636654.563555717 -0.595229 7.219380 1.002292 -0.63940650 -0.49943796 -0.46125051 0.35912257
1403636654.613555431 -0.579124 7.203384 1.013417 -0.64578662 -0.49363757 -0.46246179 0.35413370
1403636654.663555622 -0.554812 7.199773 1.027122 -0.65277207 -0.48760098 -0.46216785 0.35004971
1403636654.713555574 -0.539136 7.189377 1.035826 -0.65774396 -0.48306468 -0.46308161 0.34579881
1403636654.763555765 -0.522497 7.174480 1.043478 -0.66167070 -0.47954259 -0.46382836 0.34219007
1403636654.813555479 -0.506250 7.157479 1.047718 -0.66475026 -0.47633602 -0.46531166 0.33866820
1403636654.863555670 -0.503686 7.136874 1.051646 -0.66701039 -0.47374073 -0.46691929 0.33563854
1403636654.913555622 -0.493553 7.126989 1.054053 -0.66845315 -0.47117314 -0.46898954 0.33348925
1403636654.963555574 -0.477929 7.113104 1.055192 -0.66766792 -0.46831113 -0.47327528 0.33303864
1403636655.013555527 -0.450797 7.094505 1.054489 -0.66629780 -0.46465548 -0.47754442 0.33480420
1403636655.063555717 -0.435335 7.080174 1.053146 -0.66494567 -0.46168990 -0.48106365 0.33655230
1403636655.113555431 -0.422674 7.067894 1.050525 -0.66419515 -0.45928461 -0.48357015 0.33773120
1403636655.163555622 -0.431629 7.041841 1.045065 -0.66278128 -0.45727164 -0.48677696 0.33863228
1403636655.213555574 -0.421037 7.028402 1.042243 -0.66213612 -0.45547056 -0.48803626 0.34050394
1403636655.263555765 -0.390924 7.023667 1.036674 -0.66297175 -0.45283494 -0.48867836 0.34147098
1403636655.313555479 -0.385729 7.011040 1.032745 -0.66391547 -0.44989009 -0.49045619 0.34098076
1403636655.363555670 -0.373316 6.991688 1.027704 -0.66579932 -0.44581803 -0.49180234 0.34071689
1403636655.413555622 -0.364763 6.982753 1.015664 -0.66813762 -0.44188141 -0.49266009 0.34002791
1403636655.463555574 -0.353717 6.962581 1.012087 -0.67005933 -0.43814294 -0.49475727 0.33803328
1403636655.513555527 -0.349064 6.941570 1.009189 -0.67325899 -0.43411526 -0.49620629 0.33473212
1403636655.563555717 -0.349974 6.933853 0.983526 -0.67848266 -0.43083429 -0.49512450 0.32999215
1403636655.613555431 -0.342173 6.908872 0.982679 -0.68565530 -0.42712657 -0.49264561 0.32363561
1403636655.663555622 -0.341022 6.886359 0.972449 -0.69272587 -0.42283674 -0.48977557 0.31852763
1403636655.713555574 -0.332871 6.860475 0.967740 -0.69903136 -0.41926298 -0.48688663 0.31387118
1403636655.763555765 -0.323685 6.832582 0.959623 -0.70413162 -0.41543011 -0.48610026 0.30874427
1403636655.813555479 -0.313307 6.803975 0.950761 -0.70904735 -0.41014116 -0.48608629 0.30455903
1403636655.863555670 -0.304039 6.776478 0.936120 -0.71440318 -0.40370935 -0.48648546 0.29996458
1403636655.913555622 -0.284275 6.756442 0.921530 -0.71958686 -0.39645850 -0.48758587 0.29542415
1403636655.963555574 -0.272146 6.728700 0.905640 -0.72407536 -0.38854474 -0.49006190 0.29083878
1403636656.013555527 -0.258853 6.707414 0.889504 -0.72760639 -0.38134059 -0.49251137 0.28740364
1403636656.063555717 -0.267346 6.679281 0.875862 -0.73051192 -0.37479624 -0.49579722 0.28295799
1403636656.113555431 -0.249235 6.654592 0.865487 -0.73290092 -0.37116435 -0.49774473 0.27810691
1403636656.163555622 -0.239746 6.621795 0.849817 -0.73485889 -0.36755028 -0.49991662 0.27381120
1403636656.213555574 -0.225767 6.603145 0.846395 -0.73659669 -0.36628368 -0.50120016 0.26843991
1403636656.263555765 -0.211126 6.573762 0.845071 -0.73813131 -0.36454541 -0.50174453 0.26555835
1403636656.313555479 -0.194756 6.556253 0.845260 -0.73961289 -0.36381059 -0.50161613 0.26267068
1403636656.363555670 -0.179571 6.528459 0.848685 -0.74079306 -0.36258243 -0.50133910 0.26156975
1403636656.413555622 -0.152084 6.525214 0.891969 -0.74106713 -0.36457283 -0.50065167 0.25933388
1403636656.463555574 -0.135019 6.500206 0.899506 -0.74134153 -0.36410358 -0.50066773 0.25917782
1403636656.513555527 -0.117214 6.475412 0.908415 -0.74122712 -0.36507209 -0.50064549 0.25818369
1403636656.563555717 -0.093824 6.449939 0.917758 -0.73995343 -0.36604059 -0.50187776 0.25807347
1403636656.613555431 -0.073189 6.431126 0.926419 -0.73825940 -0.36687667 -0.50349194 0.25859316
1403636656.663555622 -0.033935 6.414640 0.935621 -0.73569899 -0.36656031 -0.50614686 0.26114342
1403636656.713555574 -0.012541 6.395003 0.942534 -0.73119769 -0.36526980 -0.51141310 0.26530088
1403636656.763555765 0.008598 6.373169 0.947774 -0.72673784 -0.36428464 -0.51655082 0.26893132
1403636656.813555479 0.029613 6.352744 0.950947 -0.72300986 -0.36467038 -0.52074879 0.27035709
1403636656.863555670 0.051299 6.332303 0.953041 -0.72025247 -0.36581042 -0.52356500 0.27073753
1403636656.913555622 0.069075 6.311853 0.950915 -0.71775764 -0.36622683 -0.52591241 0.27224623
1403636656.963555574 0.088517 6.289081 0.948255 -0.71631377 -0.36648989 -0.52679628 0.27398070
1403636657.013555527 0.106518 6.268240 0.947806 -0.71547621 -0.36611164 -0.52700082 0.27627194
1403636657.063555717 0.124587 6.244153 0.941576 -0.71485004 -0.36560195 -0.52693310 0.27868646
1403636657.113555431 0.142617 6.222641 0.934923 -0.71503253 -0.36471429 -0.52607807 0.28098725
1403636657.163555622 0.171086 6.207862 0.930660 -0.71488549 -0.36412579 -0.52515420 0.28383833
1403636657.213555574 0.214560 6.199056 0.916404 -0.71441060 -0.36432427 -0.52400727 0.28688272
1403636657.263555765 0.230001 6.173944 0.908975 -0.71625507 -0.36478063 -0.52111283 0.28697592
1403636657.313555479 0.291551 6.165587 0.905680 -0.71900567 -0.36442233 -0.51794715 0.28628302
1403636657.363555670 0.309478 6.137323 0.902814 -0.72142298 -0.36460737 -0.51467173 0.28587297
1403636657.413555622 0.324919 6.108413 0.900444 -0.72462348 -0.36473737 -0.51028044 0.28548439
1403636657.463555574 0.340045 6.076888 0.898272 -0.72803007 -0.36540855 -0.50559530 0.28429245
1403636657.513555527 0.351939 6.034434 0.885123 -0.73019620 -0.36622919 -0.50199361 0.28406356
1403636657.563555717 0.370224 6.003825 0.879416 -0.73200219 -0.36699051 -0.49968846 0.28249285
1403636657.613555431 0.384576 5.968410 0.873171 -0.73278106 -0.36729833 -0.49879087 0.28165851
1403636657.663555622 0.386628 5.935032 0.873393 -0.73304695 -0.36714020 -0.49879671 0.28116202
1403636657.713555574 0.406409 5.900816 0.864842 -0.73297763 -0.36640500 -0.49920279 0.28158081
1403636657.763555765 0.427160 5.869422 0.855629 -0.73357718 -0.36452919 -0.49973189 0.28151560
1403636657.813555479 0.448507 5.837824 0.845135 -0.73509874 -0.36235644 -0.49906746 0.28153034
1403636657.863555670 0.437609 5.781420 0.811148 -0.73769756 -0.35876970 -0.49690995 0.28313795
1403636657.913555622 0.449899 5.748178 0.795793 -0.74077424 -0.35624812 -0.49373349 0.28384511
1403636657.963555574 0.472867 5.710927 0.786901 -0.74282890 -0.35484241 -0.49161541 0.28391263
1403636658.013555527 0.496496 5.675633 0.779397 -0.74365087 -0.35455149 -0.49143250 0.28243713
1403636658.063555717 0.483289 5.624132 0.772736 -0.74376695 -0.35568136 -0.49246056 0.27889798
1403636658.113555431 0.509465 5.586548 0.770098 -0.74237986 -0.35796949 -0.49551430 0.27421810
1403636658.163555622 0.519967 5.540619 0.768720 -0.74173447 -0.35985222 -0.49759969 0.26968668
1403636658.213555574 0.547978 5.502583 0.768627 -0.74073300 -0.36134124 -0.49995364 0.26607045
1403636658.263555765 0.575030 5.465865 0.767014 -0.73961532 -0.36367532 -0.50230707 0.26152829
1403636658.313555479 0.602629 5.428677 0.764237 -0.73931742 -0.36488370 -0.50332672 0.25871192
1403636658.363555670 0.636389 5.390425 0.761789 -0.73910144 -0.36583605 -0.50404773 0.25657150
1403636658.413555622 0.665600 5.357411 0.756924 -0.73919579 -0.36682747 -0.50430276 0.25437357
1403636658.463555574 0.693828 5.323337 0.750924 -0.73896048 -0.36821436 -0.50508896 0.25147712
1403636658.513555527 0.726748 5.307765 0.742600 -0.73849166 -0.36947731 -0.50633344 0.24848145
1403636658.563555717 0.755185 5.275867 0.735887 -0.73728268 -0.37167547 -0.50830880 0.24473203
1403636658.613555431 0.783732 5.245554 0.730035 -0.73630289 -0.37321254 -0.50982928 0.24216638
1403636658.663555622 0.829896 5.219577 0.726581 -0.73583116 -0.37424478 -0.51023376 0.24115318
1403636658.713555574 0.858278 5.192629 0.719424 -0.73472296 -0.37468392 -0.51194872 0.24021375
1403636658.763555765 0.881254 5.160376 0.711335 -0.73280775 -0.37557197 -0.51463842 0.23892635
1403636658.813555479 0.882638 5.105712 0.713234 -0.72953454 -0.37605073 -0.51937427 0.23794029
1403636658.863555670 0.907563 5.080757 0.705650 -0.72727069 -0.37592257 -0.52260147 0.23800686
1403636658.913555622 0.936899 5.055072 0.695952 -0.72597694 -0.37396486 -0.52445532 0.24094477
1403636658.963555574 0.959196 5.031071 0.685178 -0.72538350 -0.37095074 -0.52538394 0.24532843
1403636659.013555527 0.983948 5.010011 0.673545 -0.72512642 -0.36839227 -0.52576327 0.24910198
1403636659.063555717 1.004710 4.987314 0.661150 -0.72367660 -0.36583315 -0.52781579 0.25272274
1403636659.113555431 1.025275 4.966392 0.648791 -0.72279374 -0.36447165 -0.52893463 0.25486816
1403636659.163555622 1.044367 4.944035 0.634247 -0.72205535 -0.36306650 -0.52998966 0.25676788
1403636659.213555574 1.062094 4.925242 0.620513 -0.72134433 -0.36245419 -0.53075140 0.25805476
1403636659.263555765 1.078762 4.903009 0.606268 -0.72161862 -0.36221471 -0.53032799 0.25849429
1403636659.313555479 1.095027 4.883284 0.594932 -0.72282944 -0.36302198 -0.52861501 0.25748555
1403636659.363555670 1.110024 4.861294 0.583242 -0.72470009 -0.36391443 -0.52604526 0.25622735
1403636659.413555622 1.124670 4.840268 0.572610 -0.72689028 -0.36566791 -0.52292577 0.25390184
1403636659.463555574 1.144231 4.829924 0.557072 -0.72910943 -0.36824028 -0.51941904 0.25100280
1403636659.513555527 1.158854 4.809236 0.552439 -0.72949396 -0.36908429 -0.51912077 0.24925684
1403636659.563555717 1.172437 4.790227 0.546445 -0.73048738 -0.36832476 -0.51784228 0.25012883
1403636659.613555431 1.194798 4.772370 0.541760 -0.72946806 -0.36817927 -0.51960016 0.24967188
1403636659.663555622 1.207436 4.752856 0.534147 -0.72868277 -0.36742408 -0.52118459 0.24977507
1403636659.713555574 1.231962 4.747254 0.529952 -0.72808729 -0.36657256 -0.52268319 0.24963119
1403636659.763555765 1.243738 4.730452 0.520150 -0.72732105 -0.36554523 -0.52434438 0.24988746
1403636659.813555479 1.255082 4.711686 0.507268 -0.72719953 -0.36513345 -0.52510306 0.24924925
1403636659.863555670 1.262344 4.698083 0.495618 -0.72773065 -0.36404863 -0.52506135 0.24937379
1403636659.913555622 1.273084 4.680470 0.480437 -0.72886801 -0.36403922 -0.52391820 0.24846849
1403636659.963555574 1.281628 4.664965 0.464765 -0.73111733 -0.36482512 -0.52153877 0.24569776
1403636660.013555527 1.295402 4.655315 0.444395 -0.73369752 -0.36571818 -0.51820326 0.24372844
1403636660.063555717 1.302974 4.641336 0.426740 -0.73647499 -0.36616051 -0.51493322 0.24160887
1403636660.113555431 1.313939 4.624989 0.400279 -0.73790057 -0.36817366 -0.51234002 0.23970526
1403636660.163555622 1.319502 4.607290 0.379386 -0.73953712 -0.36891906 -0.51012218 0.23824134
1403636660.213555574 1.329808 4.592545 0.360083 -0.74010091 -0.36906548 -0.50927526 0.23807568
1403636660.263555765 1.336237 4.581195 0.340302 -0.74206857 -0.36971849 -0.50678233 0.23625017
1403636660.313555479 1.341535 4.573333 0.322485 -0.74395962 -0.37089115 -0.50413142 0.23412680
1403636660.363555670 1.348195 4.566021 0.305184 -0.74756284 -0.37279249 -0.49902196 0.23054856
1403636660.413555622 1.355138 4.559474 0.289975 -0.75090444 -0.37411748 -0.49415115 0.22802035
1403636660.463555574 1.387822 4.556237 0.275299 -0.75258501 -0.37567994 -0.49033309 0.22815311
1403636660.513555527 1.396329 4.552331 0.262989 -0.75225663 -0.37633104 -0.49053938 0.22771917
1403636660.563555717 1.405182 4.551482 0.252081 -0.74992771 -0.37570617 -0.49406405 0.22881002
1403636660.613555431 1.414806 4.552647 0.240194 -0.74582203 -0.37468028 -0.49989261 0.23123920
1403636660.663555622 1.425166 4.547660 0.239341 -0.74071614 -0.37390837 -0.50691138 0.23360860
1403636660.713555574 1.434881 4.550508 0.225067 -0.73566168 -0.37333050 -0.51390474 0.23521936
1403636660.763555765 1.444591 4.574811 0.188762 -0.73081709 -0.37261113 -0.52134284 0.23509354
1403636660.813555479 1.453789 4.581794 0.171999 -0.72649102 -0.37392026 -0.52696657 0.23388172
1403636660.863555670 1.461138 4.588525 0.154348 -0.72292073 -0.37555491 -0.53152186 0.23201000
1403636660.913555622 1.467706 4.596259 0.134679 -0.72074565 -0.37606018 -0.53439556 0.23135649
1403636660.963555574 1.472066 4.604792 0.114443 -0.72029941 -0.37499101 -0.53488000 0.23335355
1403636661.013555527 1.475854 4.616080 0.092675 -0.72069214 -0.37308617 -0.53429730 0.23650780
1403636661.063555717 1.477566 4.626173 0.070569 -0.72108717 -0.37082383 -0.53386180 0.23982193
1403636661.113555431 1.478642 4.635889 0.046309 -0.72156543 -0.36878970 -0.53319602 0.24298042
1403636661.163555622 1.477741 4.646720 0.022655 -0.72213567 -0.36694038 -0.53251052 0.24557562
1403636661.213555574 1.476448 4.661064 -0.000662 -0.72190426 -0.36530099 -0.53279858 0.24806268
1403636661.263555765 1.472794 4.671729 -0.021922 -0.72291287 -0.36434976 -0.53148888 0.24933070
1403636661.313555479 1.467715 4.681789 -0.041552 -0.72271093 -0.36353728 -0.53168980 0.25067013
1403636661.363555670 1.461499 4.691549 -0.058838 -0.72269183 -0.36328104 -0.53163191 0.25121886
1403636661.413555622 1.454753 4.701692 -0.074294 -0.72250826 -0.36339776 -0.53178106 0.25126240
1403636661.463555574 1.441262 4.722163 -0.088912 -0.72298847 -0.36283350 -0.53133963 0.25163013
1403636661.513555527 1.432443 4.731867 -0.100571 -0.72382237 -0.36312389 -0.52999393 0.25165185
1403636661.563555717 1.422574 4.740866 -0.110417 -0.72478610 -0.36267355 -0.52836266 0.25295433
1403636661.613555431 1.411794 4.749560 -0.118847 -0.72621756 -0.36230899 -0.52624391 0.25378651
1403636661.663555622 1.399234 4.757785 -0.124859 -0.72611749 -0.36165807 -0.52605460 0.25538869
1403636661.713555574 1.387561 4.766134 -0.129473 -0.72538721 -0.36131262 -0.52686676 0.25627718
1403636661.763555765 1.374663 4.774192 -0.131902 -0.72593980 -0.35833568 -0.52598420 0.26066755
1403636661.813555479 1.361980 4.782725 -0.131306 -0.72658520 -0.35593013 -0.52451213 0.26509380
1403636661.863555670 1.348457 4.789163 -0.130044 -0.72648459 -0.35439379 -0.52418144 0.26806527
1403636661.913555622 1.335209 4.794615 -0.127288 -0.72636329 -0.35350225 -0.52417374 0.26958194
1403636661.963555574 1.321603 4.799133 -0.122155 -0.72609452 -0.35349446 -0.52392098 0.27080475
1403636662.013555527 1.307698 4.801362 -0.116359 -0.72571034 -0.35358263 -0.52438248 0.27082623
1403636662.063555717 1.298251 4.796589 -0.114754 -0.72499859 -0.35408271 -0.52511681 0.27065626
1403636662.113555431 1.283513 4.796857 -0.107236 -0.72457238 -0.35465621 -0.52553623 0.27023232
1403636662.163555622 1.269741 4.797203 -0.099165 -0.72440119 -0.35682918 -0.52594466 0.26701698
1403636662.213555574 1.252558 4.795311 -0.094035 -0.72398092 -0.35963401 -0.52677334 0.26272582
1403636662.263555765 1.237859 4.794097 -0.089085 -0.72332894 -0.36278963 -0.52796221 0.25774955
1403636662.313555479 1.220826 4.791189 -0.087862 -0.72353550 -0.36463869 -0.52814213 0.25416708
1403636662.363555670 1.205136 4.789617 -0.085963 -0.72390531 -0.36662808 -0.52797572 0.25057251
1403636662.413555622 1.185923 4.786570 -0.087759 -0.72554241 -0.36778833 -0.52623481 0.24778393
1403636662.463555574 1.169072 4.785537 -0.089504 -0.72823196 -0.36923657 -0.52283517 0.24492031
1403636662.513555527 1.150031 4.783845 -0.093411 -0.73107164 -0.37009971 -0.51926117 0.24275152
1403636662.563555717 1.132244 4.783960 -0.097306 -0.73376874 -0.36952670 -0.51581292 0.24283840
1403636662.613555431 1.110371 4.781511 -0.105434 -0.73676127 -0.36657632 -0.51198770 0.24631936
1403636662.663555622 1.092431 4.782731 -0.111100 -0.73968808 -0.36128196 -0.50846310 0.25259089
1403636662.713555574 1.072050 4.784340 -0.118846 -0.74123529 -0.35629397 -0.50648487 0.25903267
1403636662.763555765 1.055821 4.786292 -0.125840 -0.74195170 -0.35237970 -0.50559690 0.26402272
1403636662.813555479 1.039241 4.788021 -0.134783 -0.74263220 -0.34902552 -0.50512761 0.26744102
1403636662.863555670 1.025009 4.789429 -0.144395 -0.74402906 -0.34849327 -0.50313346 0.26801102
1403636662.913555622 1.011950 4.790176 -0.155141 -0.74568678 -0.34990887 -0.50123038 0.26510961
1403636662.963555574 1.000016 4.790725 -0.166593 -0.74767059 -0.35054901 -0.49855989 0.26370838
1403636663.013555527 0.986922 4.789954 -0.179628 -0.75046299 -0.34957485 -0.49466710 0.26439968
1403636663.063555717 0.977052 4.790234 -0.189423 -0.75323274 -0.34770399 -0.49075863 0.26626742
1403636663.113555431 0.967571 4.789481 -0.199060 -0.75526402 -0.34601251 -0.48770318 0.26832297
1403636663.163555622 0.962529 4.789503 -0.206137 -0.75703721 -0.34579634 -0.48527280 0.26801093
1403636663.213555574 0.953848 4.786603 -0.213306 -0.75637969 -0.34809852 -0.48692268 0.26386264
1403636663.263555765 0.948393 4.785549 -0.216795 -0.75371354 -0.35444206 -0.49115981 0.25504661
1403636663.313555479 0.946637 4.782225 -0.225789 -0.75195032 -0.35999943 -0.49392567 0.24699911
1403636663.363555670 0.944061 4.780951 -0.233812 -0.75065000 -0.36513342 -0.49591595 0.23931053
1403636663.413555622 0.943763 4.780962 -0.245467 -0.75039731 -0.37010174 -0.49590418 0.23239541
1403636663.463555574 0.945631 4.783678 -0.256964 -0.75085921 -0.37354740 -0.49489772 0.22748415
1403636663.513555527 0.947013 4.786578 -0.269831 -0.75164774 -0.37625937 -0.49377196 0.22280892
1403636663.563555717 0.948455 4.790899 -0.283947 -0.75204788 -0.37820360 -0.49291174 0.22005463
1403636663.613555431 0.951312 4.795457 -0.300101 -0.75262142 -0.37879040 -0.49197740 0.21917359
1403636663.663555622 0.958799 4.804282 -0.316940 -0.75292218 -0.37978106 -0.49130978 0.21792025
1403636663.713555574 0.966409 4.807096 -0.347110 -0.75142817 -0.38277963 -0.49258722 0.21492626
1403636663.763555765 0.961565 4.824216 -0.365797 -0.74894855 -0.38536604 -0.49562655 0.21195142
1403636663.813555479 0.967257 4.841206 -0.377552 -0.74482614 -0.38840532 -0.50071198 0.20895655
1403636663.863555670 0.972850 4.861945 -0.386603 -0.74022911 -0.39135710 -0.50613866 0.20669819
1403636663.913555622 0.977384 4.885302 -0.394281 -0.73664125 -0.39248782 -0.51051551 0.20660805
1403636663.963555574 0.981514 4.911883 -0.399486 -0.73121777 -0.39427620 -0.51700823 0.20632341
1403636664.013555527 0.983530 4.940897 -0.402108 -0.72608287 -0.39489283 -0.52354550 0.20679321
1403636664.063555717 0.987836 4.973487 -0.405212 -0.72323825 -0.39494645 -0.52629021 0.20967198
1403636664.113555431 0.990356 5.011938 -0.402128 -0.72190518 -0.39318765 -0.52754855 0.21435695
1403636664.163555622 0.986968 5.047028 -0.401234 -0.72093979 -0.39039152 -0.52844458 0.22042370
1403636664.213555574 0.982510 5.084670 -0.398371 -0.71962017 -0.38745191 -0.52940703 0.22749951
1403636664.263555765 0.975731 5.121121 -0.397733 -0.71836674 -0.38452149 -0.53060031 0.23357175
1403636664.313555479 0.968702 5.160055 -0.399697 -0.71743426 -0.38247886 -0.53086294 0.23912872
1403636664.363555670 0.960388 5.199098 -0.406102 -0.71663756 -0.38171886 -0.53071854 0.24302088
1403636664.413555622 0.952518 5.238877 -0.416632 -0.71574808 -0.38104316 -0.53070647 0.24670110
1403636664.463555574 0.941918 5.278058 -0.430285 -0.71534641 -0.38121041 -0.52985159 0.24943021
1403636664.513555527 0.934836 5.317327 -0.445038 -0.71427737 -0.38092100 -0.52997125 0.25266085
1403636664.563555717 0.922985 5.354572 -0.461671 -0.71376069 -0.38041663 -0.52923109 0.25640458
1403636664.613555431 0.915438 5.402158 -0.478237 -0.71446468 -0.37803316 -0.52692352 0.26264570
1403636664.663555622 0.903619 5.440660 -0.488817 -0.71392900 -0.37796243 -0.52583607 0.26635730
1403636664.713555574 0.887931 5.478576 -0.499618 -0.71480641 -0.37758456 -0.52300130 0.27009505
1403636664.763555765 0.875383 5.524735 -0.508354 -0.71466382 -0.38111751 -0.52173177 0.26795715
1403636664.813555479 0.857769 5.560526 -0.515415 -0.71394781 -0.38463883 -0.52130294 0.26565908
1403636664.863555670 0.833183 5.593215 -0.530058 -0.71325497 -0.38666074 -0.52028209 0.26658464
1403636664.913555622 0.817689 5.643721 -0.529987 -0.71330022 -0.38707667 -0.51907083 0.26821618
1403636664.963555574 0.796893 5.678432 -0.532958 -0.71442349 -0.38903709 -0.51633907 0.26766245
1403636665.013555527 0.776374 5.714140 -0.533385 -0.71655536 -0.39007147 -0.51227388 0.26826880
1403636665.063555717 0.788522 5.746141 -0.535496 -0.71938274 -0.39157522 -0.50786788 0.26688486
1403636665.113555431 0.760605 5.784480 -0.531671 -0.72126335 -0.39299221 -0.50424723 0.26659152
1403636665.163555622 0.739499 5.818297 -0.526610 -0.72272542 -0.39408130 -0.50165730 0.26590948
1403636665.213555574 0.721129 5.854328 -0.522487 -0.72426241 -0.39240482 -0.49888189 0.26940543
1403636665.263555765 0.700181 5.888160 -0.515848 -0.72416308 -0.38848097 -0.49875309 0.27552809
1403636665.313555479 0.681159 5.923726 -0.508188 -0.72286488 -0.38577793 -0.50024241 0.27999872
1403636665.363555670 0.662370 5.960185 -0.500322 -0.72206486 -0.38470133 -0.50120299 0.28182049
1403636665.413555622 0.645938 5.998886 -0.490911 -0.72112752 -0.38542516 -0.50287789 0.28024342
1403636665.463555574 0.628795 6.032698 -0.484214 -0.72031141 -0.38812997 -0.50441539 0.27581101
1403636665.513555527 0.610744 6.065221 -0.478037 -0.71955399 -0.39131852 -0.50616274 0.27002065
1403636665.563555717 0.592521 6.097211 -0.470930 -0.71824789 -0.39405249 -0.50854002 0.26500879
1403636665.613555431 0.575088 6.131888 -0.462936 -0.71821201 -0.39659939 -0.50896980 0.26044226
1403636665.663555622 0.555663 6.164077 -0.455224 -0.71803490 -0.39715955 -0.50998227 0.25808577
1403636665.713555574 0.536704 6.198684 -0.447545 -0.71716272 -0.39701739 -0.51197487 0.25678114
1403636665.763555765 0.516344 6.231730 -0.439345 -0.71552687 -0.39604827 -0.51504149 0.25670866
1403636665.813555479 0.489779 6.263994 -0.433923 -0.71482257 -0.39365070 -0.51702588 0.25836420
1403636665.863555670 0.467467 6.298084 -0.426020 -0.71539153 -0.38793719 -0.51697739 0.26543187
1403636665.913555622 0.445035 6.332915 -0.417206 -0.71720864 -0.38231625 -0.51505941 0.27232307
1403636665.963555574 0.429254 6.372578 -0.405276 -0.71937014 -0.37751869 -0.51247412 0.27813039
1403636666.013555527 0.412703 6.410103 -0.395919 -0.72155240 -0.37436041 -0.50976787 0.28169689
1403636666.063555717 0.391181 6.443075 -0.391476 -0.72255515 -0.37269156 -0.50857606 0.28348799
1403636666.113555431 0.369501 6.474606 -0.387561 -0.72188668 -0.37308856 -0.50988092 0.28232251
1403636666.163555622 0.349039 6.505581 -0.385655 -0.72028699 -0.37475986 -0.51265526 0.27915281
1403636666.213555574 0.325237 6.537047 -0.383817 -0.71889956 -0.37552563 -0.51458742 0.27814333
1403636666.263555765 0.304737 6.567070 -0.384733 -0.71846585 -0.37557872 -0.51514048 0.27816854
1403636666.313555479 0.270511 6.605513 -0.375497 -0.71852424 -0.37306056 -0.51608226 0.27965663
1403636666.363555670 0.238970 6.632914 -0.378816 -0.71819627 -0.37164030 -0.51599948 0.28252812
1403636666.413555622 0.217724 6.658471 -0.381928 -0.71964367 -0.37039550 -0.51359675 0.28484827
1403636666.463555574 0.186837 6.676632 -0.379325 -0.72060785 -0.37019096 -0.51142851 0.28657259
1403636666.513555527 0.165363 6.699427 -0.379449 -0.72141583 -0.37093106 -0.50956558 0.28690114
1403636666.563555717 0.137642 6.714575 -0.377071 -0.72179901 -0.37319535 -0.50867970 0.28456350
1403636666.613555431 0.115367 6.733557 -0.372264 -0.72257638 -0.37661903 -0.50683133 0.28136006
1403636666.663555622 0.093401 6.751715 -0.365836 -0.72258442 -0.38064753 -0.50625259 0.27692513
1403636666.713555574 0.070341 6.770488 -0.358298 -0.72375495 -0.38460449 -0.50386776 0.27271860
1403636666.763555765 0.048128 6.787832 -0.349989 -0.72512705 -0.38781201 -0.50111723 0.26958141
1403636666.813555479 0.074930 6.812620 -0.320626 -0.72735909 -0.39047349 -0.49608989 0.26902423
1403636666.863555670 0.055598 6.831675 -0.312514 -0.73089431 -0.39076414 -0.49036518 0.26951601
1403636666.913555622 0.037256 6.851020 -0.307436 -0.73630448 -0.38826510 -0.48156669 0.27422517
1403636666.963555574 0.018622 6.870543 -0.302432 -0.74103110 -0.38517407 -0.47409583 0.27883145
1403636667.013555527 0.001847 6.892683 -0.299418 -0.74237134 -0.38328238 -0.47178872 0.28177087
1403636667.063555717 -0.011523 6.914436 -0.297537 -0.74148734 -0.38262681 -0.47282786 0.28324382
1403636667.113555431 -0.025646 6.936393 -0.295898 -0.73605219 -0.38360098 -0.48089718 0.28251614
1403636667.163555622 -0.035301 6.957287 -0.292700 -0.72882443 -0.38574526 -0.49120362 0.28059678
1403636667.213555574 -0.045207 6.977843 -0.292389 -0.72286760 -0.38736237 -0.49953162 0.27907166
1403636667.263555765 -0.053766 6.998586 -0.291513 -0.71740804 -0.38979947 -0.50701856 0.27625036
1403636667.313555479 -0.062615 7.018689 -0.294356 -0.71385431 -0.39191049 -0.51143177 0.27432778
1403636667.363555670 -0.076633 7.040397 -0.300761 -0.71197879 -0.39267290 -0.51373573 0.27380614
1403636667.413555622 -0.086723 7.060751 -0.304475 -0.71191995 -0.39373375 -0.51362997 0.27263158
1403636667.463555574 -0.079475 7.090105 -0.335480 -0.71334347 -0.39576986 -0.51073570 0.27139705
1403636667.513555527 -0.097542 7.109409 -0.344005 -0.71543655 -0.39692882 -0.50752283 0.27021962
1403636667.563555717 -0.129689 7.121036 -0.358414 -0.71943811 -0.39632282 -0.50233752 0.27017410
1403636667.613555431 -0.153450 7.145712 -0.366906 -0.72349965 -0.39565409 -0.49657844 0.27095377
1403636667.663555622 -0.166571 7.166545 -0.370161 -0.72660468 -0.39474832 -0.49186682 0.27255536
1403636667.713555574 -0.179954 7.187312 -0.371315 -0.72837183 -0.39319888 -0.48921162 0.27484741
1403636667.763555765 -0.192198 7.208159 -0.370001 -0.72873038 -0.39212057 -0.48869754 0.27634798
1403636667.813555479 -0.204348 7.230168 -0.367811 -0.72859481 -0.39113760 -0.48912504 0.27734035
1403636667.863555670 -0.215580 7.251098 -0.365002 -0.72880194 -0.39012246 -0.48922327 0.27805178
1403636667.913555622 -0.227822 7.272479 -0.363020 -0.72906466 -0.38905659 -0.48920904 0.27888027
1403636667.963555574 -0.237904 7.292895 -0.361503 -0.72965165 -0.38928591 -0.48867380 0.27796199
1403636668.013555527 -0.251979 7.315652 -0.355234 -0.72947840 -0.38839635 -0.48958904 0.27805058
1403636668.063555717 -0.260323 7.336484 -0.356658 -0.72869932 -0.38909856 -0.49157421 0.27559826
1403636668.113555431 -0.267915 7.359303 -0.360209 -0.72797493 -0.38978600 -0.49351625 0.27305874
1403636668.163555622 -0.274883 7.380848 -0.364937 -0.72748265 -0.39063124 -0.49528735 0.26993827
1403636668.213555574 -0.281444 7.404772 -0.371125 -0.72805524 -0.39163994 -0.49544781 0.26661808
1403636668.263555765 -0.287447 7.427347 -0.378412 -0.72831700 -0.39240526 -0.49617025 0.26341516
1403636668.313555479 -0.290794 7.456004 -0.391194 -0.72896796 -0.39233160 -0.49681004 0.26050224
1403636668.363555670 -0.305228 7.486072 -0.392352 -0.72907572 -0.39154167 -0.49786926 0.25936442
1403636668.413555622 -0.312031 7.510286 -0.403192 -0.72889790 -0.39048220 -0.49930117 0.25870802
1403636668.463555574 -0.331720 7.552974 -0.418286 -0.72808247 -0.38936957 -0.50160883 0.25821666
1403636668.513555527 -0.336438 7.579806 -0.429607 -0.72807928 -0.38842826 -0.50267607 0.25756712
1403636668.563555717 -0.339114 7.589721 -0.454774 -0.72779608 -0.38716075 -0.50370673 0.25826141
1403636668.613555431 -0.341174 7.618092 -0.464894 -0.72803179 -0.38659741 -0.50414819 0.25757864
1403636668.663555622 -0.344477 7.642259 -0.481183 -0.72819702 -0.38599961 -0.50499649 0.25634340
1403636668.713555574 -0.351449 7.667956 -0.496867 -0.72689015 -0.38711718 -0.50751033 0.25338559
1403636668.763555765 -0.358567 7.694794 -0.507449 -0.72443973 -0.38877865 -0.51151111 0.24978914
1403636668.813555479 -0.367171 7.722594 -0.517750 -0.72175300 -0.38968657 -0.51592483 0.24705981
1403636668.863555670 -0.373562 7.751199 -0.525636 -0.71854854 -0.39199318 -0.52027935 0.24359546
1403636668.913555622 -0.383532 7.781040 -0.532300 -0.71519920 -0.39291751 -0.52514717 0.24150854
1403636668.963555574 -0.395404 7.811235 -0.537547 -0.71441136 -0.39081200 -0.52644948 0.24440402
1403636669.013555527 -0.409202 7.841341 -0.540414 -0.71506480 -0.38730485 -0.52577771 0.24946960
1403636669.063555717 -0.408957 7.884986 -0.541858 -0.71580891 -0.38268242 -0.52620513 0.25353487
1403636669.113555431 -0.424837 7.917062 -0.542534 -0.71663028 -0.37908498 -0.52564667 0.25774251
1403636669.163555622 -0.439350 7.954628 -0.541595 -0.71742489 -0.37718998 -0.52498767 0.25964819
1403636669.213555574 -0.458117 7.985035 -0.542064 -0.71752766 -0.37573716 -0.52518010 0.26107758
1403636669.263555765 -0.482586 8.046898 -0.547849 -0.71775812 -0.37486854 -0.52565391 0.26073900
1403636669.313555479 -0.507563 8.086918 -0.555698 -0.71782132 -0.37493068 -0.52605546 0.25966360
1403636669.363555670 -0.532994 8.117021 -0.565052 -0.71854501 -0.37525086 -0.52492329 0.25949065
1403636669.413555622 -0.553443 8.147762 -0.572288 -0.71798098 -0.37458099 -0.52583182 0.26017935
1403636669.463555574 -0.577088 8.177515 -0.580336 -0.71681548 -0.37335129 -0.52738696 0.26200644
1403636669.513555527 -0.601377 8.207560 -0.588888 -0.71516962 -0.37302213 -0.52929216 0.26312869
1403636669.563555717 -0.620315 8.237694 -0.600393 -0.71312558 -0.37209044 -0.53198323 0.26456465
1403636669.613555431 -0.656048 8.273021 -0.605515 -0.70989972 -0.37134656 -0.53613110 0.26590894
1403636669.663555622 -0.680284 8.301981 -0.614461 -0.70695479 -0.37024637 -0.53957919 0.26830366
1403636669.713555574 -0.717881 8.298244 -0.618282 -0.70259430 -0.36985676 -0.54376531 0.27182072
1403636669.763555765 -0.745897 8.323527 -0.622706 -0.70161992 -0.36876200 -0.54458600 0.27417176
1403636669.813555479 -0.775268 8.345234 -0.625803 -0.70398622 -0.36434565 -0.54026478 0.28243516
1403636669.863555670 -0.807309 8.367784 -0.627983 -0.70820954 -0.35759880 -0.53333258 0.29345988
1403636669.913555622 -0.840832 8.385822 -0.628019 -0.71465501 -0.35206598 -0.52312481 0.30275105
1403636669.963555574 -0.873257 8.402975 -0.626997 -0.71958461 -0.34836074 -0.51539019 0.30857047
1403636670.013555527 -0.905185 8.415766 -0.625907 -0.72363584 -0.34683380 -0.50927299 0.31096384
1403636670.063555717 -0.921403 8.434578 -0.613647 -0.72681331 -0.34552185 -0.50410978 0.31341728
1403636670.113555431 -0.949601 8.443653 -0.608401 -0.72880099 -0.34535648 -0.49961403 0.31617057
1403636670.163555622 -0.977112 8.450163 -0.601063 -0.72800455 -0.34405019 -0.49826418 0.32151460
1403636670.213555574 -1.005048 8.456110 -0.594912 -0.72654967 -0.34042375 -0.49674687 0.33087730
1403636670.263555765 -1.029005 8.457302 -0.587871 -0.72445595 -0.33759895 -0.49591305 0.33950078
1403636670.313555479 -1.050450 8.456309 -0.583585 -0.72310999 -0.33555447 -0.49408444 0.34698086
1403636670.363555670 -1.065175 8.454369 -0.584399 -0.72277121 -0.33579626 -0.49060242 0.35235198
1403636670.413555622 -1.083745 8.445661 -0.582383 -0.72213723 -0.33808901 -0.48669953 0.35684341
1403636670.463555574 -1.097529 8.432576 -0.580776 -0.72186017 -0.34094138 -0.48093858 0.36245682
1403636670.513555527 -1.112169 8.411628 -0.577500 -0.72016915 -0.34548503 -0.47620428 0.36773086
1403636670.563555717 -1.121016 8.391058 -0.572755 -0.71766381 -0.35177442 -0.47120199 0.37307117
1403636670.613555431 -1.124807 8.363906 -0.564593 -0.71459871 -0.35857519 -0.46667871 0.37813159
1403636670.663555622 -1.127113 8.338572 -0.563429 -0.71058735 -0.36687451 -0.46279241 0.38248125
1403636670.713555574 -1.125791 8.305139 -0.553264 -0.70570888 -0.37535792 -0.45928761 0.38747426
1403636670.763555765 -1.120330 8.269569 -0.541855 -0.70067510 -0.38367073 -0.45513892 0.39331888
1403636670.813555479 -1.118544 8.227869 -0.531445 -0.69542083 -0.39106950 -0.44995749 0.40123905
1403636670.863555670 -1.106987 8.185750 -0.521404 -0.69033360 -0.39798326 -0.44315474 0.41068567
1403636670.913555622 -1.099144 8.130431 -0.513393 -0.68453954 -0.40403189 -0.43665514 0.42130290
1403636670.963555574 -1.079800 8.069891 -0.503938 -0.67774332 -0.40993416 -0.42939623 0.43386272
1403636671.013555527 -1.061475 8.013303 -0.492768 -0.66915201 -0.41869140 -0.42361204 0.44439389
1403636671.063555717 -1.031868 7.945683 -0.477436 -0.65972501 -0.42957960 -0.41923335 0.45218103
1403636671.113555431 -1.001547 7.882057 -0.458726 -0.64978904 -0.44350257 -0.41591545 0.45617323
1403636671.163555622 -0.964817 7.813978 -0.439330 -0.64045733 -0.45797073 -0.41199493 0.45862555
1403636671.213555574 -0.927507 7.735160 -0.418744 -0.63247127 -0.47178492 -0.40793793 0.45933182
1403636671.263555765 -0.882177 7.659675 -0.396194 -0.62539318 -0.48640372 -0.40460490 0.45671618
1403636671.313555479 -0.849647 7.577319 -0.371722 -0.61934402 -0.50254415 -0.40337502 0.44849855
1403636671.363555670 -0.797577 7.496955 -0.349061 -0.61194358 -0.52108772 -0.40439464 0.43641451
1403636671.413555622 -0.745121 7.415776 -0.326988 -0.60379136 -0.53979867 -0.40539252 0.42392251
1403636671.463555574 -0.693609 7.329839 -0.299114 -0.59654609 -0.55657768 -0.40351566 0.41416078
1403636671.513555527 -0.637397 7.248311 -0.275260 -0.59167285 -0.57033319 -0.39902658 0.40671990
1403636671.563555717 -0.583223 7.168107 -0.257212 -0.58855210 -0.58156357 -0.39260537 0.40156103
1403636671.613555431 -0.517145 7.094932 -0.241301 -0.58671823 -0.59127351 -0.38610988 0.39632879
1403636671.663555622 -0.463530 7.019458 -0.227038 -0.58577102 -0.59886705 -0.37990792 0.39230160
1403636671.713555574 -0.408718 6.946627 -0.213561 -0.58517721 -0.60478244 -0.37455230 0.38925109
1403636671.763555765 -0.355650 6.874055 -0.199416 -0.58512916 -0.60904854 -0.37059736 0.38644706
1403636671.813555479 -0.301718 6.804937 -0.188102 -0.58470522 -0.61362535 -0.36802128 0.38228794
1403636671.863555670 -0.248666 6.740469 -0.176344 -0.58592015 -0.61670579 -0.36451774 0.37881178
1403636671.913555622 -0.187963 6.678149 -0.167865 -0.58798621 -0.61994213 -0.36097393 0.37368676
1403636671.963555574 -0.134369 6.621077 -0.163153 -0.58936395 -0.62378306 -0.35876896 0.36719159
1403636672.013555527 -0.082842 6.566353 -0.146914 -0.59073626 -0.62748263 -0.35733255 0.36001343
1403636672.063555717 -0.034049 6.528742 -0.127659 -0.58920840 -0.63091829 -0.36013378 0.35366543
1403636672.113555431 0.014272 6.456139 -0.110308 -0.58570499 -0.63357821 -0.36618765 0.34847514
1403636672.163555622 0.063555 6.419760 -0.086089 -0.58280334 -0.63472056 -0.37175510 0.34535232
1403636672.213555574 0.102094 6.386614 -0.066086 -0.58072771 -0.63553990 -0.37618616 0.34253223
1403636672.263555765 0.143531 6.355999 -0.042853 -0.57985351 -0.63513850 -0.37938935 0.34122238
1403636672.313555479 0.189191 6.343234 -0.015852 -0.57716582 -0.63552536 -0.38421809 0.33965215
1403636672.363555670 0.226931 6.321087 0.004848 -0.57239162 -0.63562472 -0.39174680 0.33894468
1403636672.413555622 0.261452 6.301947 0.022543 -0.56658603 -0.63555721 -0.40004649 0.33913141
1403636672.463555574 0.292502 6.287062 0.037768 -0.56036951 -0.63275437 -0.40928211 0.34365110
1403636672.513555527 0.313459 6.254222 0.069274 -0.55729820 -0.62486116 -0.41524187 0.35572662
1403636672.563555717 0.338974 6.242164 0.076598 -0.55449147 -0.61648380 -0.41984385 0.36907733
1403636672.613555431 0.366224 6.225117 0.076762 -0.55400343 -0.60808707 -0.42095157 0.38224349
1403636672.663555622 0.387479 6.215935 0.074481 -0.55407593 -0.60108441 -0.42137702 0.39260515
1403636672.713555574 0.408962 6.211999 0.065212 -0.55708240 -0.59710484 -0.41808159 0.39791054
1403636672.763555765 0.428544 6.204332 0.051829 -0.56164142 -0.59658288 -0.41170897 0.39892795
1403636672.813555479 0.446084 6.194780 0.038672 -0.56500402 -0.59823172 -0.40480658 0.39877425
1403636672.863555670 0.462032 6.186978 0.025284 -0.56413479 -0.60135901 -0.40122057 0.39892523
1403636672.913555622 0.477870 6.190317 0.018942 -0.56164057 -0.60494441 -0.39773996 0.40050600
1403636672.963555574 0.491333 6.184654 0.009140 -0.55707625 -0.61007818 -0.39484021 0.40196005
1403636673.013555527 0.504954 6.177813 0.001712 -0.55175821 -0.61558743 -0.39154978 0.40410861
1403636673.063555717 0.508912 6.167993 -0.001908 -0.54629532 -0.62175814 -0.38880391 0.40473417
1403636673.113555431 0.524568 6.175864 -0.012275 -0.54163553 -0.62736442 -0.38488684 0.40608739
1403636673.163555622 0.533014 6.174580 -0.013974 -0.53964728 -0.63403871 -0.37842483 0.40443834
1403636673.213555574 0.539658 6.172825 -0.011569 -0.53855547 -0.64112030 -0.37130482 0.40131721
1403636673.263555765 0.544850 6.173903 -0.009112 -0.53736973 -0.64817799 -0.36530956 0.39704912
1403636673.313555479 0.546900 6.178701 -0.009028 -0.53730204 -0.65313083 -0.35953154 0.39428887
1403636673.363555670 0.549107 6.183749 -0.003877 -0.53632532 -0.65705298 -0.35583713 0.39244932
1403636673.413555622 0.551918 6.187902 -0.000727 -0.53455074 -0.65889457 -0.35411006 0.39334401
1403636673.463555574 0.551373 6.197862 0.003602 -0.53281960 -0.65977239 -0.35329265 0.39495312
1403636673.513555527 0.550652 6.208420 0.005012 -0.53085097 -0.66026774 -0.35349074 0.39659558
1403636673.563555717 0.547508 6.222897 0.007014 -0.52843266 -0.65974359 -0.35466438 0.39963795
1403636673.613555431 0.544317 6.236647 0.007027 -0.52450027 -0.65777242 -0.35860936 0.40451728
1403636673.663555622 0.538300 6.254752 0.007445 -0.52101124 -0.65523873 -0.36216442 0.40993466
1403636673.713555574 0.532374 6.274196 0.006935 -0.51750589 -0.65253404 -0.36577669 0.41544482
1403636673.763555765 0.523547 6.293883 0.007011 -0.51314111 -0.64962948 -0.37082129 0.42090297
1403636673.813555479 0.514448 6.312407 0.005895 -0.51063462 -0.64695283 -0.37309331 0.42603487
1403636673.863555670 0.502972 6.330853 0.006845 -0.50863097 -0.64602904 -0.37519898 0.42797984
1403636673.913555622 0.489881 6.352171 0.009059 -0.50760345 -0.64731623 -0.37605793 0.42649838
1403636673.963555574 0.486132 6.378081 0.001626 -0.50798267 -0.64727949 -0.37608650 0.42607724
1403636674.013555527 0.470038 6.396824 0.001452 -0.50889667 -0.64732270 -0.37479013 0.42606320
1403636674.063555717 0.452892 6.417628 0.002301 -0.50930277 -0.64722886 -0.37440869 0.42605589
1403636674.113555431 0.445715 6.415512 -0.006209 -0.51013783 -0.64645578 -0.37309963 0.42737685
1403636674.163555622 0.425834 6.435505 -0.008107 -0.51027854 -0.64553130 -0.37315073 0.42856002
1403636674.213555574 0.404794 6.456216 -0.013593 -0.51061158 -0.64372570 -0.37302051 0.43098577
1403636674.263555765 0.383406 6.475534 -0.019813 -0.51174903 -0.64091654 -0.37176602 0.43488957
1403636674.313555479 0.362513 6.496877 -0.030107 -0.51481837 -0.63749802 -0.36786371 0.43958458
1403636674.363555670 0.339631 6.515156 -0.040412 -0.51748597 -0.63524076 -0.36281765 0.44389278
1403636674.413555622 0.318568 6.537506 -0.053774 -0.51902114 -0.63375000 -0.35664912 0.44919862
1403636674.463555574 0.295305 6.555920 -0.067009 -0.51828872 -0.63336998 -0.35146070 0.45463683
1403636674.513555527 0.272338 6.577812 -0.081284 -0.51592176 -0.63407878 -0.34669671 0.45996763
1403636674.563555717 0.250277 6.595930 -0.097499 -0.51266284 -0.63626809 -0.34313212 0.46324948
1403636674.613555431 0.241540 6.623887 -0.125575 -0.50909704 -0.63847269 -0.34103041 0.46569420
1403636674.663555622 0.221643 6.642098 -0.143666 -0.50469012 -0.64099104 -0.34024273 0.46760373
1403636674.713555574 0.203152 6.661851 -0.162360 -0.50270042 -0.64347215 -0.33701196 0.46867774
1403636674.763555765 0.185165 6.679452 -0.183515 -0.50231990 -0.64769293 -0.33208426 0.46678543
1403636674.813555479 0.166707 6.700929 -0.200870 -0.50337968 -0.65273984 -0.32596529 0.46291061
1403636674.863555670 0.150513 6.718937 -0.219718 -0.50477970 -0.65756989 -0.32013765 0.45859697
1403636674.913555622 0.137810 6.745885 -0.235788 -0.50605086 -0.66166999 -0.31512892 0.45475171
1403636674.963555574 0.123392 6.766489 -0.250644 -0.50713062 -0.66557378 -0.31126083 0.45049613
1403636675.013555527 0.110875 6.794515 -0.262859 -0.50846114 -0.66836636 -0.30759146 0.44737141
1403636675.063555717 0.097553 6.818674 -0.271714 -0.50858117 -0.67165466 -0.30610224 0.44331325
1403636675.113555431 0.083995 6.849866 -0.281050 -0.50711720 -0.67451372 -0.30790977 0.43938020
1403636675.163555622 0.071362 6.878550 -0.284786 -0.50404490 -0.67868837 -0.31162085 0.43383556
1403636675.213555574 0.058395 6.912426 -0.287313 -0.49923907 -0.68173306 -0.31806492 0.42992452
1403636675.263555765 0.044214 6.947517 -0.287065 -0.49571539 -0.68390435 -0.32339570 0.42656338
1403636675.313555479 0.024547 7.001116 -0.308221 -0.49260195 -0.68527992 -0.32804407 0.42440764
1403636675.363555670 0.007069 7.040203 -0.304465 -0.48813137 -0.68437194 -0.33376118 0.42657507
1403636675.413555622 -0.006394 7.083284 -0.294141 -0.48241295 -0.68233724 -0.33892844 0.43222812
1403636675.463555574 -0.027878 7.124888 -0.290566 -0.47695197 -0.68122816 -0.34127699 0.43814955
1403636675.513555527 -0.048662 7.168661 -0.288161 -0.46986518 -0.68151861 -0.34418132 0.44305566
1403636675.563555717 -0.073963 7.210372 -0.286867 -0.46270472 -0.68207317 -0.34698597 0.44752796
1403636675.613555431 -0.099252 7.252640 -0.287199 -0.45593121 -0.68285443 -0.34909519 0.45162939
1403636675.663555622 -0.126312 7.294475 -0.290125 -0.45026028 -0.68414955 -0.34893118 0.45546910
1403636675.713555574 -0.147134 7.341842 -0.296322 -0.44462317 -0.68505098 -0.34696057 0.46112227
1403636675.763555765 -0.175987 7.381236 -0.300652 -0.43924422 -0.68522819 -0.34302188 0.46889533
1403636675.813555479 -0.204257 7.420990 -0.311868 -0.43706698 -0.68419812 -0.33370285 0.47904884
1403636675.863555670 -0.235079 7.458852 -0.320128 -0.43549464 -0.68316777 -0.32226912 0.48966195
1403636675.913555622 -0.263844 7.496381 -0.329091 -0.43520676 -0.68400958 -0.30774189 0.49801697
1403636675.963555574 -0.295532 7.527845 -0.338040 -0.43346297 -0.68668838 -0.29396339 0.50413733
1403636676.013555527 -0.337875 7.584701 -0.346834 -0.42917779 -0.69221002 -0.28234545 0.50688535
1403636676.063555717 -0.350295 7.602128 -0.347324 -0.42303177 -0.69707938 -0.27425034 0.50981487
1403636676.113555431 -0.376523 7.636632 -0.362442 -0.41438241 -0.70458322 -0.27014956 0.50879162
1403636676.163555622 -0.402205 7.671818 -0.377683 -0.40229964 -0.71303649 -0.26986533 0.50685961
1403636676.213555574 -0.459499 7.693512 -0.409125 -0.39003895 -0.72137979 -0.27087552 0.50409055
1403636676.263555765 -0.482796 7.722917 -0.432711 -0.37555933 -0.73077102 -0.27262753 0.50060278
1403636676.313555479 -0.510234 7.756879 -0.450452 -0.36305555 -0.73944841 -0.27039359 0.49829111
1403636676.363555670 -0.536520 7.789980 -0.466510 -0.34835091 -0.74642048 -0.27054202 0.49831228
1403636676.413555622 -0.566762 7.822343 -0.481392 -0.33536657 -0.75314425 -0.26877435 0.49805958
1403636676.463555574 -0.598496 7.854224 -0.493520 -0.32525727 -0.75848801 -0.26287708 0.49979925
1403636676.513555527 -0.630931 7.884010 -0.505322 -0.31759963 -0.76289050 -0.25421083 0.50249917
1403636676.563555717 -0.664811 7.912103 -0.516049 -0.31204496 -0.76489956 -0.24363052 0.50813461
1403636676.613555431 -0.702004 7.931868 -0.527619 -0.30693405 -0.76662102 -0.23430387 0.51301597
1403636676.663555622 -0.740413 7.961099 -0.532351 -0.30333472 -0.76724708 -0.22617257 0.51784740
1403636676.713555574 -0.779667 7.991605 -0.534565 -0.30099856 -0.76729837 -0.21875932 0.52230014
1403636676.763555765 -0.818984 8.018927 -0.535889 -0.29959695 -0.76659894 -0.21242449 0.52672911
1403636676.813555479 -0.853188 8.042353 -0.535175 -0.29825040 -0.76671308 -0.20567415 0.52999613
1403636676.863555670 -0.853788 8.052424 -0.529798 -0.29673426 -0.76769807 -0.19720962 0.53263198
1403636676.913555622 -0.891909 8.079074 -0.528000 -0.29526203 -0.76746590 -0.19351078 0.53513550
1403636676.963555574 -0.927722 8.105354 -0.527920 -0.29422413 -0.76744583 -0.19055873 0.53679272
1403636677.013555527 -0.963847 8.138163 -0.534716 -0.29214426 -0.76788988 -0.19109103 0.53710435
1403636677.063555717 -1.000940 8.162776 -0.544713 -0.28826398 -0.76906552 -0.19497899 0.53612060
1403636677.113555431 -1.036380 8.189318 -0.555912 -0.28480889 -0.76995628 -0.19929050 0.53510234
1403636677.163555622 -1.070759 8.216045 -0.571215 -0.28205416 -0.77089545 -0.20323214 0.53372497
1403636677.213555574 -1.105775 8.242321 -0.587698 -0.27965177 -0.77050938 -0.20672892 0.53420346
1403636677.263555765 -1.141203 8.266937 -0.605339 -0.27679577 -0.76934553 -0.20958853 0.53625013
1403636677.313555479 -1.176284 8.276865 -0.614296 -0.27267313 -0.76800382 -0.21064688 0.53985868
1403636677.363555670 -1.215339 8.293673 -0.628683 -0.26735736 -0.76611046 -0.21131755 0.54492174
1403636677.413555622 -1.247770 8.305220 -0.631353 -0.26158083 -0.76409971 -0.21060840 0.55079143
1403636677.463555574 -1.283026 8.323724 -0.640489 -0.25581579 -0.76182387 -0.20838671 0.55745641
1403636677.513555527 -1.314182 8.339020 -0.646596 -0.25063918 -0.76061509 -0.20337303 0.56327977
1403636677.563555717 -1.348207 8.354951 -0.651692 -0.24496534 -0.76052788 -0.19780121 0.56785914
1403636677.613555431 -1.380645 8.370104 -0.652341 -0.24007111 -0.76150245 -0.18989740 0.57133078
1403636677.663555622 -1.413847 8.382040 -0.655146 -0.23514489 -0.76395377 -0.18117991 0.57293574
1403636677.713555574 -1.446293 8.395298 -0.645016 -0.22992073 -0.76653438 -0.17079792 0.57479525
1403636677.763555765 -1.475503 8.404041 -0.644306 -0.22417134 -0.77050494 -0.16074601 0.57465647
1403636677.813555479 -1.504693 8.412548 -0.642129 -0.21931227 -0.77570171 -0.14742861 0.57310888
1403636677.863555670 -1.531822 8.420417 -0.640363 -0.21467932 -0.78079939 -0.13286726 0.57149925
1403636677.913555622 -1.556410 8.428830 -0.634980 -0.20852673 -0.78608824 -0.11949882 0.56947513
1403636677.963555574 -1.580196 8.436272 -0.631055 -0.20060996 -0.79060273 -0.10806703 0.56835244
1403636678.013555527 -1.606504 8.446158 -0.627125 -0.19105636 -0.79524449 -0.09944373 0.56674035
1403636678.063555717 -1.628348 8.456126 -0.623933 -0.18094535 -0.79814614 -0.09323969 0.56703428
1403636678.113555431 -1.653489 8.467265 -0.621396 -0.16955351 -0.80053494 -0.09160641 0.56745368
1403636678.163555622 -1.674423 8.487874 -0.617818 -0.15902474 -0.80220101 -0.09091458 0.56825981
1403636678.213555574 -1.695507 8.500998 -0.619431 -0.14896788 -0.80442179 -0.09180128 0.56770299
1403636678.263555765 -1.714639 8.514932 -0.620584 -0.13969302 -0.80592497 -0.09148800 0.56797954
1403636678.313555479 -1.737279 8.528778 -0.621385 -0.13155223 -0.80719895 -0.08882178 0.56853720
1403636678.363555670 -1.765657 8.535782 -0.609589 -0.12523542 -0.80785327 -0.08317372 0.56988710
1403636678.413555622 -1.790767 8.543772 -0.592287 -0.11772099 -0.80955339 -0.07779534 0.56983591
1403636678.463555574 -1.809501 8.560355 -0.591959 -0.11011175 -0.81100001 -0.07274280 0.56996743
1403636678.513555527 -1.829752 8.572640 -0.587006 -0.10217870 -0.81279987 -0.06760862 0.56951291
1403636678.563555717 -1.846207 8.585317 -0.574570 -0.09452255 -0.81354821 -0.06180984 0.57042470
1403636678.613555431 -1.865210 8.597073 -0.565214 -0.08470227 -0.81433299 -0.05541722 0.57150349
1403636678.663555622 -1.885396 8.607436 -0.559708 -0.07251226 -0.81522255 -0.05175835 0.57225452
1403636678.713555574 -1.901648 8.617518 -0.552669 -0.05824670 -0.81616859 -0.04988757 0.57270183
1403636678.763555765 -1.910689 8.620367 -0.551787 -0.04260042 -0.81674935 -0.04848428 0.57337159
1403636678.813555479 -1.926973 8.629590 -0.544985 -0.02654715 -0.81785408 -0.04819197 0.57278921
1403636678.863555670 -1.946448 8.640354 -0.543339 -0.01199389 -0.81880269 -0.04778004 0.57195749
1403636678.913555622 -1.964297 8.646708 -0.543875 0.00197748 -0.81912178 -0.04790839 0.57161209
1403636678.963555574 -1.982361 8.651656 -0.545739 0.01298311 -0.81974262 -0.04455475 0.57084880
1403636679.013555527 -2.000599 8.654495 -0.547958 0.02222626 -0.81913757 -0.03869102 0.57185893
1403636679.063555717 -2.017485 8.654338 -0.551095 0.02993441 -0.81831583 -0.03041223 0.57318255
1403636679.113555431 -2.033915 8.653974 -0.555685 0.03724133 -0.81695362 -0.02106334 0.57511408
1403636679.163555622 -2.040514 8.655714 -0.558893 0.04212290 -0.81506080 -0.00802746 0.57778639
1403636679.213555574 -2.039621 8.659880 -0.558947 0.04659359 -0.81203927 0.00721039 0.58169517
1403636679.263555765 -2.054730 8.654191 -0.565205 0.05213855 -0.80983425 0.02173521 0.58393290
1403636679.313555479 -2.071525 8.646990 -0.568083 0.05846038 -0.80793711 0.03522142 0.58530288
1403636679.363555670 -2.081030 8.642741 -0.568846 0.06708052 -0.80620127 0.04662253 0.58597445
1403636679.413555622 -2.122631 8.632373 -0.571366 0.07521029 -0.80494842 0.05507007 0.58597675
1403636679.463555574 -2.133407 8.626687 -0.569124 0.08494973 -0.80375844 0.06430324 0.58533837
1403636679.513555527 -2.152743 8.620483 -0.568081 0.09435083 -0.80331908 0.07158785 0.58365363
1403636679.563555717 -2.163219 8.614568 -0.563800 0.10284168 -0.80303894 0.07789254 0.58179447
1403636679.613555431 -2.174543 8.599902 -0.560483 0.10998784 -0.80282494 0.08356158 0.57999332
1403636679.663555622 -2.183449 8.594585 -0.553162 0.11592980 -0.80352014 0.08805763 0.57720146
1403636679.713555574 -2.193036 8.590835 -0.544348 0.12133295 -0.80379592 0.09105202 0.57523905
1403636679.763555765 -2.200589 8.587158 -0.533085 0.12642324 -0.80308650 0.09157221 0.57505109
1403636679.813555479 -2.205961 8.583116 -0.517708 0.13004417 -0.80043650 0.09275337 0.57774279
1403636679.863555670 -2.214633 8.574985 -0.503612 0.13306165 -0.79766820 0.09248889 0.58091810
1403636679.913555622 -2.219536 8.571028 -0.484634 0.13716504 -0.79404037 0.09001773 0.58530543
1403636679.963555574 -2.225317 8.566820 -0.465779 0.14006267 -0.79298228 0.08721099 0.58647745
1403636680.013555527 -2.227259 8.562209 -0.446670 0.14457701 -0.79163912 0.08080165 0.58811230
1403636680.063555717 -2.228845 8.557847 -0.425155 0.14898883 -0.79056959 0.07406380 0.58933574
1403636680.113555431 -2.231442 8.546103 -0.404008 0.15339884 -0.78894613 0.06623401 0.59130860
1403636680.163555622 -2.230082 8.538579 -0.383958 0.15511898 -0.78858706 0.06216334 0.59178059
1403636680.213555574 -2.225523 8.528616 -0.367884 0.15397882 -0.78844354 0.06282216 0.59219987
1403636680.263555765 -2.220655 8.517700 -0.350573 0.15305938 -0.78685488 0.06269886 0.59455957
1403636680.313555479 -2.213658 8.505811 -0.335779 0.15414001 -0.78636659 0.05884531 0.59531980
1403636680.363555670 -2.205256 8.492170 -0.322608 0.15673962 -0.78737119 0.05251427 0.59390366
1403636680.413555622 -2.195138 8.477207 -0.310769 0.15837383 -0.78923711 0.04728954 0.59142726
1403636680.463555574 -2.183503 8.459640 -0.300465 0.15892753 -0.79088703 0.04356081 0.58935746
1403636680.513555527 -2.170053 8.439419 -0.292562 0.15918900 -0.79236677 0.04033989 0.58752571
1403636680.563555717 -2.155706 8.416868 -0.285351 0.15700918 -0.79399019 0.04093891 0.58587686
1403636680.613555431 -2.139749 8.393217 -0.278999 0.15366846 -0.79477821 0.04353724 0.58550671
1403636680.663555622 -2.123147 8.365792 -0.274145 0.15153646 -0.79533998 0.04425656 0.58524557
1403636680.713555574 -2.108203 8.331773 -0.277801 0.14820684 -0.79711705 0.04743078 0.58342906
1403636680.763555765 -2.089603 8.299747 -0.275764 0.14193068 -0.79955786 0.05467562 0.58101075
1403636680.813555479 -2.072019 8.267492 -0.273300 0.13552200 -0.80143336 0.06256940 0.57915751
1403636680.863555670 -2.052384 8.233162 -0.272835 0.12794226 -0.80394512 0.07201429 0.57629590
1403636680.913555622 -2.032213 8.198123 -0.273939 0.12082611 -0.80753475 0.08107928 0.57158974
1403636680.963555574 -2.015776 8.163429 -0.276825 0.11672261 -0.81245555 0.08626036 0.56466890
1403636681.013555527 -1.997734 8.128982 -0.280509 0.11551274 -0.81712774 0.08693277 0.55803383
1403636681.063555717 -1.978801 8.095588 -0.286314 0.11545625 -0.82169155 0.08651924 0.55136854
1403636681.113555431 -1.961494 8.063257 -0.291468 0.11674750 -0.82485566 0.08434194 0.54668967
1403636681.163555622 -1.945772 8.030524 -0.297382 0.11813854 -0.82463657 0.08230758 0.54703133
1403636681.213555574 -1.935029 8.000075 -0.304287 0.12112192 -0.82111480 0.07841291 0.55222404
1403636681.263555765 -1.918583 7.976076 -0.318245 0.12399196 -0.81606004 0.07548814 0.55944039
1403636681.313555479 -1.908775 7.947868 -0.323923 0.12500738 -0.81200244 0.07465484 0.56520071
1403636681.363555670 -1.895178 7.915924 -0.323728 0.12525384 -0.80806526 0.07469382 0.57075639
1403636681.413555622 -1.883135 7.888143 -0.318986 0.12484813 -0.80524626 0.07677788 0.57454031
1403636681.463555574 -1.876967 7.853633 -0.315865 0.12372014 -0.80358942 0.07906421 0.57678958
1403636681.513555527 -1.864294 7.820230 -0.313640 0.12343109 -0.80242142 0.08070166 0.57824897
1403636681.563555717 -1.851069 7.786277 -0.311246 0.12431548 -0.80214789 0.08127410 0.57835884
1403636681.613555431 -1.848941 7.747841 -0.302021 0.12628199 -0.80226302 0.07927328 0.57805073
1403636681.663555622 -1.836106 7.714572 -0.301234 0.12761067 -0.80192559 0.07870088 0.57830531
1403636681.713555574 -1.804932 7.694335 -0.299687 0.12962993 -0.80171255 0.07828841 0.57820757
1403636681.763555765 -1.791561 7.659729 -0.299476 0.13063938 -0.80131210 0.07806979 0.57856493
1403636681.813555479 -1.778633 7.623044 -0.301447 0.13176506 -0.80097078 0.07802066 0.57878887
1403636681.863555670 -1.762172 7.588484 -0.300709 0.13205010 -0.80050712 0.07894012 0.57924052
1403636681.913555622 -1.747070 7.553389 -0.300220 0.13247483 -0.79982772 0.07985119 0.57995674
1403636681.963555574 -1.731135 7.517499 -0.297986 0.13237999 -0.79967637 0.08155019 0.57995069
1403636682.013555527 -1.715587 7.481323 -0.293716 0.13203861 -0.79975198 0.08338087 0.57966387
1403636682.063555717 -1.699144 7.444725 -0.287277 0.13155980 -0.80004817 0.08523968 0.57909338
1403636682.113555431 -1.681511 7.408224 -0.278953 0.13149488 -0.79977664 0.08644116 0.57930506
1403636682.163555622 -1.663640 7.371965 -0.268752 0.13111975 -0.80014101 0.08778181 0.57868499
1403636682.213555574 -1.628746 7.336574 -0.251486 0.13089311 -0.80170307 0.08863361 0.57644017
1403636682.263555765 -1.606553 7.301553 -0.245971 0.13000828 -0.80411603 0.08990031 0.57307347
1403636682.313555479 -1.585490 7.264980 -0.240080 0.12990930 -0.80763984 0.08947597 0.56818616
1403636682.363555670 -1.554477 7.194786 -0.263226 0.12861246 -0.81067863 0.08833512 0.56431897
1403636682.413555622 -1.537588 7.159871 -0.261470 0.12805265 -0.81268202 0.08816039 0.56158544
1403636682.463555574 -1.518171 7.124217 -0.259028 0.12752312 -0.81158030 0.08791478 0.56333495
1403636682.513555527 -1.500545 7.090293 -0.257187 0.12765127 -0.80921081 0.08608331 0.56698561
1403636682.563555717 -1.481887 7.055178 -0.256492 0.12780478 -0.80670377 0.08420835 0.57079237
1403636682.613555431 -1.463247 7.020508 -0.256950 0.12822267 -0.80427668 0.08256194 0.57435311
1403636682.663555622 -1.445433 6.983516 -0.259229 0.12763759 -0.80253427 0.08126669 0.57709888
1403636682.713555574 -1.458039 6.928010 -0.252437 0.12765132 -0.80172857 0.08166126 0.57815905
1403636682.763555765 -1.441808 6.892960 -0.252496 0.12583867 -0.80060666 0.08244383 0.57999708
1403636682.813555479 -1.429479 6.862924 -0.247619 0.12438004 -0.79940047 0.08255543 0.58195627
1403636682.863555670 -1.412407 6.826283 -0.244498 0.12499803 -0.79845067 0.08052143 0.58341093
1403636682.913555622 -1.395228 6.792345 -0.240703 0.12546652 -0.79842374 0.07735003 0.58377621
1403636682.963555574 -1.376674 6.755501 -0.234579 0.12663020 -0.79821153 0.07483868 0.58414237
1403636683.013555527 -1.357599 6.723526 -0.228980 0.12826539 -0.79830626 0.07200320 0.58401254
1403636683.063555717 -1.337858 6.686114 -0.222514 0.12802041 -0.79761260 0.07179794 0.58503844
1403636683.113555431 -1.297384 6.658579 -0.228713 0.12814378 -0.79768532 0.07276674 0.58479254
1403636683.163555622 -1.275183 6.620890 -0.226440 0.12723841 -0.79826123 0.07467159 0.58396365
1403636683.213555574 -1.252725 6.587414 -0.224237 0.12660729 -0.79934690 0.07685526 0.58233015
1403636683.263555765 -1.229071 6.559017 -0.221625 0.12610964 -0.79964019 0.07848383 0.58181803
1403636683.313555479 -1.205986 6.523290 -0.223329 0.12585479 -0.79995933 0.08054427 0.58115253
1403636683.363555670 -1.181328 6.485589 -0.225619 0.12559867 -0.80034077 0.08213192 0.58046013
1403636683.413555622 -1.157398 6.451704 -0.230676 0.12588447 -0.80028625 0.08349363 0.58027910
1403636683.463555574 -1.132328 6.414274 -0.235227 0.12601381 -0.80073979 0.08511204 0.57938955
1403636683.513555527 -1.107814 6.378159 -0.239979 0.12668021 -0.80062479 0.08525931 0.57938150
1403636683.563555717 -1.084464 6.341824 -0.244612 0.12684288 -0.80055630 0.08616636 0.57930635
1403636683.613555431 -1.077275 6.329951 -0.245913 0.12729230 -0.80165468 0.08722112 0.57752828
1403636683.663555622 -1.066588 6.302151 -0.257978 0.12719726 -0.80312933 0.08845757 0.57530809
1403636683.713555574 -1.043581 6.266581 -0.266315 0.12767122 -0.80466321 0.08872278 0.57301435
1403636683.763555765 -1.020781 6.232554 -0.273134 0.12706300 -0.80617782 0.09030381 0.57076926
1403636683.813555479 -0.998235 6.197829 -0.282153 0.12836446 -0.80801883 0.08977897 0.56795059
1403636683.863555670 -0.974033 6.163233 -0.284959 0.12767704 -0.80928305 0.09232599 0.56589348
1403636683.913555622 -0.949539 6.127656 -0.289986 0.12943374 -0.80934262 0.09091613 0.56563742
1403636683.963555574 -0.927431 6.093256 -0.289261 0.12945613 -0.80921567 0.09205525 0.56562969
1403636684.013555527 -0.904981 6.059713 -0.287379 0.12964606 -0.80797978 0.09318190 0.56716639
1403636684.063555717 -0.882469 6.026474 -0.283083 0.13003613 -0.80649936 0.09366781 0.56910080
1403636684.113555431 -0.857570 5.990427 -0.273983 0.13093406 -0.80537580 0.09382586 0.57045841
1403636684.163555622 -0.827908 5.956102 -0.263625 0.13158364 -0.80432329 0.09483620 0.57162565
1403636684.213555574 -0.806779 5.923222 -0.255086 0.13173459 -0.80322646 0.09609658 0.57292119
1403636684.263555765 -0.784586 5.890548 -0.242443 0.13206056 -0.80216469 0.09755298 0.57408644
1403636684.313555479 -0.759825 5.858578 -0.231810 0.13303728 -0.80072553 0.09762199 0.57585558
1403636684.363555670 -0.736719 5.826789 -0.220632 0.13348603 -0.79955018 0.09837109 0.57725568
1403636684.413555622 -0.718549 5.782503 -0.216555 0.13390687 -0.79878352 0.09832524 0.57822658
1403636684.463555574 -0.694991 5.751438 -0.209765 0.13351761 -0.79845280 0.09988787 0.57850548
1403636684.513555527 -0.671118 5.721152 -0.205098 0.13228085 -0.79817931 0.10295360 0.57862953
1403636684.563555717 -0.648518 5.689184 -0.202826 0.13155089 -0.79745488 0.10432005 0.57954932
1403636684.613555431 -0.623508 5.659195 -0.200182 0.13059823 -0.79720131 0.10635266 0.57974416
1403636684.663555622 -0.598471 5.629835 -0.200072 0.13062050 -0.79684190 0.10711776 0.58009228
1403636684.713555574 -0.570917 5.600234 -0.201688 0.13037487 -0.79620949 0.10771563 0.58090462
1403636684.763555765 -0.549111 5.573290 -0.203597 0.13062631 -0.79610121 0.10737577 0.58105944
1403636684.813555479 -0.513279 5.543221 -0.213738 0.13072822 -0.79574515 0.10724412 0.58154835
1403636684.863555670 -0.484680 5.517532 -0.218515 0.13151540 -0.79594630 0.10625878 0.58127641
1403636684.913555622 -0.456359 5.493289 -0.224303 0.13350460 -0.79537904 0.10308121 0.58217090
1403636684.963555574 -0.426560 5.470212 -0.230720 0.13686744 -0.79569599 0.09805948 0.58182431
1403636685.013555527 -0.396733 5.446865 -0.236998 0.13870102 -0.79614587 0.09442294 0.58137603
1403636685.063555717 -0.369670 5.417786 -0.245293 0.13976718 -0.79685170 0.09157464 0.58060880
1403636685.113555431 -0.342655 5.399447 -0.247149 0.13992842 -0.79790487 0.09035758 0.57931283
1403636685.163555622 -0.311130 5.373309 -0.246525 0.13886502 -0.79955050 0.09030693 0.57730422
1403636685.213555574 -0.282287 5.351656 -0.244217 0.13937593 -0.80113790 0.08725694 0.57544648
1403636685.263555765 -0.254004 5.328887 -0.241366 0.14000713 -0.80249062 0.08391744 0.57390302
1403636685.313555479 -0.227367 5.308712 -0.238091 0.14024411 -0.80341226 0.08128631 0.57293356
1403636685.363555670 -0.196365 5.283453 -0.231918 0.14014445 -0.80382157 0.07933305 0.57265756
1403636685.413555622 -0.167006 5.260502 -0.226162 0.13877052 -0.80396825 0.07917979 0.57280743
1403636685.463555574 -0.135485 5.234696 -0.221566 0.13685657 -0.80442361 0.08021546 0.57248443
1403636685.513555527 -0.106100 5.210532 -0.218391 0.13492709 -0.80470171 0.08123317 0.57240808
1403636685.563555717 -0.073834 5.182153 -0.215950 0.13361174 -0.80536216 0.08180668 0.57170566
1403636685.613555431 -0.046518 5.153828 -0.215315 0.13185230 -0.80534853 0.08332176 0.57191450
1403636685.663555622 -0.016024 5.125770 -0.216549 0.13187185 -0.80492545 0.08216270 0.57267280
1403636685.713555574 0.008630 5.098376 -0.223599 0.13217779 -0.80451291 0.08120836 0.57331773
1403636685.763555765 0.039747 5.070338 -0.227929 0.13266874 -0.80413423 0.08042087 0.57384635
1403636685.813555479 0.066219 5.052723 -0.238722 0.13441283 -0.80321315 0.07817032 0.57504020
1403636685.863555670 0.096968 5.024472 -0.245093 0.13548763 -0.80237875 0.07644806 0.57618324
1403636685.913555622 0.126536 4.997240 -0.252124 0.13473289 -0.80272899 0.07762946 0.57571424
1403636685.963555574 0.157618 4.968292 -0.260103 0.13310397 -0.80347927 0.08045617 0.57465746
1403636686.013555527 0.180625 4.936948 -0.269522 0.13170953 -0.80490088 0.08298444 0.57262619
1403636686.063555717 0.211368 4.908586 -0.267461 0.13039972 -0.80649389 0.08592187 0.57024640
1403636686.113555431 0.234032 4.881431 -0.270677 0.12863625 -0.80781122 0.08797974 0.56846576
1403636686.163555622 0.263041 4.852030 -0.272298 0.12817559 -0.80765427 0.08834831 0.56873559
1403636686.213555574 0.289777 4.823251 -0.272861 0.12730149 -0.80836349 0.08905196 0.56781383
1403636686.263555765 0.318589 4.793956 -0.271953 0.12633566 -0.80909154 0.09006665 0.56683170
1403636686.313555479 0.338940 4.771328 -0.267527 0.12568635 -0.80994687 0.09082303 0.56563256
1403636686.363555670 0.364612 4.744866 -0.264385 0.12523517 -0.81038602 0.09149209 0.56499544
1403636686.413555622 0.391289 4.716560 -0.260778 0.12513571 -0.81109847 0.09088844 0.56409185
1403636686.463555574 0.416453 4.689736 -0.257056 0.12493602 -0.81194069 0.09138920 0.56284219
1403636686.513555527 0.441587 4.664540 -0.257789 0.12452694 -0.81270547 0.09226921 0.56168431
1403636686.563555717 0.465848 4.638190 -0.256794 0.12497341 -0.81274127 0.09160305 0.56164237
1403636686.613555431 0.491159 4.611090 -0.258515 0.12629777 -0.81295629 0.09074237 0.56117445
1403636686.663555622 0.514476 4.585131 -0.260937 0.12660144 -0.81273340 0.09023668 0.56151031
1403636686.713555574 0.561923 4.548425 -0.271510 0.12368957 -0.81265621 0.08987457 0.56232850
1403636686.763555765 0.584304 4.523805 -0.275025 0.12371629 -0.81162211 0.09054142 0.56370744
1403636686.813555479 0.613089 4.495599 -0.276826 0.12376393 -0.81043755 0.09040371 0.56542076
1403636686.863555670 0.634992 4.469972 -0.277466 0.12345163 -0.80960045 0.09170919 0.56647704
1403636686.913555622 0.649799 4.452788 -0.276435 0.12291094 -0.80889814 0.09286997 0.56740802
1403636686.963555574 0.670685 4.429030 -0.273509 0.12280959 -0.80825678 0.09362960 0.56821851
1403636687.013555527 0.694657 4.407132 -0.276380 0.12258507 -0.80751624 0.09478311 0.56912791
1403636687.063555717 0.715401 4.385715 -0.267654 0.12189274 -0.80740386 0.09568336 0.56928539
1403636687.113555431 0.723459 4.352693 -0.266137 0.12187553 -0.80773576 0.09518036 0.56890244
1403636687.163555622 0.737776 4.323750 -0.256741 0.12203741 -0.80755182 0.09498902 0.56916080
1403636687.213555574 0.756846 4.302251 -0.252537 0.12201541 -0.80668867 0.09489992 0.57040304
1403636687.263555765 0.776078 4.280508 -0.247272 0.12261977 -0.80637562 0.09479616 0.57073325
1403636687.313555479 0.792084 4.261935 -0.243473 0.12285335 -0.80585501 0.09494333 0.57139349
1403636687.363555670 0.810728 4.241439 -0.241018 0.12342887 -0.80485489 0.09416361 0.57280636
1403636687.413555622 0.830003 4.221795 -0.240586 0.12425438 -0.80404639 0.09379985 0.57382213
1403636687.463555574 0.848523 4.201927 -0.241046 0.12454334 -0.80344199 0.09369190 0.57462313
1403636687.513555527 0.868915 4.183279 -0.243801 0.12460306 -0.80292916 0.09388839 0.57529454
1403636687.563555717 0.887873 4.164055 -0.248031 0.12400843 -0.80308918 0.09535380 0.57495855
1403636687.613555431 0.905340 4.142934 -0.253193 0.12378390 -0.80236765 0.09645647 0.57582970
1403636687.663555622 0.922503 4.129314 -0.261827 0.12352346 -0.80232165 0.09758747 0.57575916
1403636687.713555574 0.943951 4.109015 -0.272945 0.12300119 -0.80147780 0.09898011 0.57680757
1403636687.763555765 0.965403 4.097490 -0.286422 0.12404776 -0.80155358 0.10035183 0.57624086
1403636687.813555479 0.985331 4.080280 -0.298662 0.12453678 -0.80157117 0.09985579 0.57619707
1403636687.863555670 1.000471 4.049596 -0.304522 0.12425052 -0.80198148 0.09914450 0.57581063
1403636687.913555622 1.021008 4.033355 -0.319130 0.12507590 -0.80212644 0.09807651 0.57561288
1403636687.963555574 1.041774 4.018060 -0.334637 0.12691340 -0.80212550 0.09581815 0.57559236
1403636688.013555527 1.061871 4.002002 -0.350645 0.12794149 -0.80189599 0.09415310 0.57595919
1403636688.063555717 1.068232 3.998951 -0.370854 0.13081354 -0.80161479 0.09160651 0.57611612
1403636688.113555431 1.069140 3.988972 -0.395319 0.13238871 -0.80189572 0.08936218 0.57571771
1403636688.163555622 1.069332 3.987983 -0.413160 0.13311421 -0.80203587 0.08951839 0.57533079
1403636688.213555574 1.090582 3.971761 -0.426543 0.13298598 -0.80217779 0.08948934 0.57516709
1403636688.263555765 1.109873 3.955084 -0.437516 0.13231686 -0.80184803 0.09078701 0.57557772
1403636688.313555479 1.119021 3.930902 -0.453257 0.13058638 -0.80245056 0.09256170 0.57485010
1403636688.363555670 1.139774 3.914363 -0.461871 0.12925438 -0.80274120 0.09466831 0.57440211
1403636688.413555622 1.162228 3.898755 -0.471756 0.12938267 -0.80353527 0.09489308 0.57322465
1403636688.463555574 1.182950 3.882745 -0.482423 0.13015630 -0.80338086 0.09333172 0.57352221
1403636688.513555527 1.202871 3.867371 -0.495956 0.13194305 -0.80356523 0.09080144 0.57326176
1403636688.563555717 1.223818 3.849226 -0.507553 0.13448370 -0.80351095 0.08664298 0.57339104
1403636688.613555431 1.247081 3.832407 -0.521388 0.13754649 -0.80356532 0.08263456 0.57317996
1403636688.663555622 1.268433 3.815651 -0.535484 0.13955151 -0.80336747 0.08036704 0.57329505
1403636688.713555574 1.288779 3.799773 -0.550756 0.14077934 -0.80311902 0.07955985 0.57345554
1403636688.763555765 1.316514 3.777493 -0.566343 0.14210975 -0.80307012 0.07829859 0.57336946
1403636688.813555479 1.338048 3.759254 -0.580028 0.14188890 -0.80314111 0.08046214 0.57302508
1403636688.863555670 1.359704 3.739276 -0.593092 0.14396888 -0.80363709 0.08158924 0.57164989
1403636688.913555622 1.381808 3.722006 -0.607057 0.14564309 -0.80406994 0.08564718 0.57002122
1403636688.963555574 1.402278 3.698758 -0.615970 0.14707624 -0.80484776 0.08932833 0.56798690
1403636689.013555527 1.426863 3.678901 -0.623308 0.14834309 -0.80529885 0.09329484 0.56637811
1403636689.063555717 1.447416 3.655665 -0.628059 0.14950090 -0.80576932 0.09759068 0.56467809
1403636689.113555431 1.467709 3.632172 -0.631712 0.15052742 -0.80646147 0.10190292 0.56265192
1403636689.163555622 1.487073 3.608276 -0.633136 0.15178747 -0.80724110 0.10563131 0.56050370
1403636689.213555574 1.506632 3.583892 -0.633014 0.15381549 -0.80772043 0.10780529 0.55884391
1403636689.263555765 1.518651 3.553944 -0.634544 0.15514329 -0.80805267 0.11037141 0.55749403
1403636689.313555479 1.537034 3.530076 -0.634449 0.15669106 -0.80861659 0.11223456 0.55586917
1403636689.363555670 1.552939 3.506361 -0.627972 0.15813165 -0.80822882 0.11350570 0.55576705
1403636689.413555622 1.567987 3.480178 -0.621031 0.15994569 -0.80778847 0.11419603 0.55574673
1403636689.463555574 1.582728 3.456291 -0.610929 0.16039528 -0.80742996 0.11564573 0.55583836
1403636689.513555527 1.597413 3.432270 -0.599131 0.16129458 -0.80772224 0.11640849 0.55499360
1403636689.563555717 1.611413 3.409136 -0.585627 0.16147098 -0.80862408 0.11770828 0.55335250
1403636689.613555431 1.622404 3.384245 -0.571080 0.16127424 -0.81021509 0.11846881 0.55091493
1403636689.663555622 1.635383 3.361831 -0.556462 0.16009948 -0.81207187 0.12070181 0.54803148
1403636689.713555574 1.650325 3.340616 -0.543412 0.15781910 -0.81444677 0.12349245 0.54453577
1403636689.763555765 1.660400 3.317989 -0.532049 0.15457691 -0.81746840 0.12686786 0.54014437
1403636689.813555479 1.660116 3.293343 -0.521026 0.15214976 -0.81920296 0.12962769 0.53754406
1403636689.863555670 1.657710 3.264601 -0.517795 0.14928013 -0.81931266 0.13220383 0.53755404
1403636689.913555622 1.657945 3.243785 -0.509278 0.14436880 -0.81898439 0.13764672 0.53802937
1403636689.963555574 1.659905 3.225046 -0.501412 0.14136081 -0.81787256 0.14015889 0.53986765
1403636690.013555527 1.658290 3.207256 -0.495606 0.14030990 -0.81727598 0.13996351 0.54109456
1403636690.063555717 1.656808 3.191737 -0.490085 0.14063108 -0.81700669 0.13804708 0.54190956
1403636690.113555431 1.652331 3.177557 -0.485834 0.14348198 -0.81769657 0.13315501 0.54134554
1403636690.163555622 1.647482 3.164576 -0.481972 0.14655726 -0.81789239 0.12728345 0.54163819
1403636690.213555574 1.652231 3.161416 -0.477954 0.14914454 -0.81793810 0.12288873 0.54187778
1403636690.263555765 1.644192 3.149643 -0.471241 0.15006130 -0.81763320 0.12075166 0.54256483
1403636690.313555479 1.633674 3.139791 -0.463839 0.15151612 -0.81714770 0.11842636 0.54340381
1403636690.363555670 1.622113 3.128605 -0.454637 0.15210759 -0.81690531 0.11644201 0.54403149
1403636690.413555622 1.601407 3.117389 -0.442749 0.15240072 -0.81672158 0.11582375 0.54435718
1403636690.463555574 1.587776 3.108195 -0.436385 0.15165537 -0.81607715 0.11705218 0.54526830
1403636690.513555527 1.566844 3.099779 -0.426676 0.14887889 -0.81542282 0.12074551 0.54620622
1403636690.563555717 1.549172 3.089697 -0.419360 0.14663082 -0.81479050 0.12384575 0.54706314
1403636690.613555431 1.530646 3.080036 -0.414554 0.14243364 -0.81532951 0.12927825 0.54611133
1403636690.663555622 1.508649 3.070625 -0.409503 0.13907109 -0.81466230 0.13400885 0.54683287
1403636690.713555574 1.484173 3.060851 -0.407491 0.13407204 -0.81271398 0.14139546 0.54911566
1403636690.763555765 1.464708 3.053692 -0.410467 0.12752516 -0.81130355 0.15008373 0.55045323
1403636690.813555479 1.442287 3.051511 -0.413789 0.12302710 -0.80945183 0.15680236 0.55232697
1403636690.863555670 1.420930 3.049383 -0.423329 0.11945573 -0.80649299 0.16184583 0.55597241
1403636690.913555622 1.400582 3.048982 -0.435326 0.11657081 -0.80232422 0.16598333 0.56137031
1403636690.963555574 1.378813 3.052893 -0.445287 0.11344252 -0.79720494 0.17041046 0.56793957
1403636691.013555527 1.356777 3.059720 -0.456237 0.11134621 -0.79111174 0.17363404 0.57584325
1403636691.063555717 1.335278 3.072143 -0.461803 0.11044399 -0.78551308 0.17556691 0.58305024
1403636691.113555431 1.314486 3.082895 -0.465942 0.11096630 -0.78207201 0.17500751 0.58772631
1403636691.163555622 1.294056 3.103835 -0.465782 0.11374595 -0.77754193 0.17193150 0.59407909
1403636691.213555574 1.275477 3.127032 -0.464170 0.11964033 -0.77407373 0.16476972 0.59945558
1403636691.263555765 1.259544 3.147432 -0.458459 0.12694460 -0.77133887 0.15479675 0.60411868
1403636691.313555479 1.247925 3.178807 -0.453534 0.13425643 -0.77026156 0.14568988 0.60617391
1403636691.363555670 1.238331 3.210955 -0.446550 0.14038707 -0.77090111 0.13852327 0.60565192
1403636691.413555622 1.231143 3.247171 -0.438343 0.14493735 -0.77520581 0.13514460 0.59982086
1403636691.463555574 1.224770 3.281481 -0.428234 0.14822442 -0.78062972 0.13266651 0.59249166
1403636691.513555527 1.219820 3.318145 -0.416576 0.14993842 -0.78549899 0.13288474 0.58553518
1403636691.563555717 1.215363 3.353644 -0.401074 0.15151818 -0.78835879 0.13295845 0.58125271
1403636691.613555431 1.211566 3.391592 -0.384491 0.15414663 -0.79090329 0.13159332 0.57740281
1403636691.663555622 1.207406 3.428424 -0.365081 0.15843026 -0.79239547 0.12660041 0.57531002
1403636691.713555574 1.203920 3.465519 -0.345885 0.16322122 -0.79373990 0.12086880 0.57334679
1403636691.763555765 1.203869 3.496351 -0.328625 0.16683860 -0.79379775 0.11660847 0.57310773
1403636691.813555479 1.201502 3.534384 -0.314178 0.16794314 -0.79428941 0.11581170 0.57226487
1403636691.863555670 1.201256 3.570549 -0.300465 0.16736156 -0.79497505 0.11704178 0.57123200
1403636691.913555622 1.199855 3.607730 -0.289397 0.16577967 -0.79478853 0.11946158 0.57145185
1403636691.963555574 1.199601 3.643714 -0.278154 0.16366193 -0.79233246 0.12276339 0.57476360
1403636692.013555527 1.200381 3.683755 -0.271021 0.16172354 -0.78995787 0.12522996 0.57803938
1403636692.063555717 1.201647 3.720781 -0.262563 0.16041475 -0.78979132 0.12695815 0.57825462
1403636692.113555431 1.192717 3.761021 -0.266698 0.16187134 -0.79026236 0.12502918 0.57762512
1403636692.163555622 1.193282 3.797078 -0.256589 0.16483615 -0.79022651 0.11990799 0.57792143
1403636692.213555574 1.195842 3.832757 -0.244018 0.16636525 -0.79087978 0.11718636 0.57714741
1403636692.263555765 1.200137 3.869586 -0.226300 0.16673390 -0.79170348 0.11586806 0.57617705
1403636692.313555479 1.203822 3.904038 -0.209669 0.16583806 -0.79248799 0.11640152 0.57524882
1403636692.363555670 1.208672 3.938266 -0.191640 0.16397965 -0.79326083 0.11837991 0.57431187
1403636692.413555622 1.212660 3.973200 -0.174059 0.16371033 -0.79436391 0.11767506 0.57300740
1403636692.463555574 1.217647 4.006785 -0.152998 0.16504232 -0.79487768 0.11477200 0.57250144
1403636692.513555527 1.221068 4.040258 -0.132294 0.16693210 -0.79485517 0.11051632 0.57282203
1403636692.563555717 1.223655 4.069376 -0.106160 0.16653068 -0.79497767 0.10989341 0.57288872
1403636692.613555431 1.228975 4.102726 -0.080605 0.16519489 -0.79551784 0.11087879 0.57233548
1403636692.663555622 1.231848 4.130957 -0.053334 0.16402143 -0.79592797 0.11080290 0.57211744
1403636692.713555574 1.238898 4.158540 -0.023172 0.16556867 -0.79727419 0.10758077 0.57040973
1403636692.763555765 1.242563 4.185442 0.003676 0.16976981 -0.79896362 0.09987495 0.56820801
1403636692.813555479 1.252367 4.213748 0.032750 0.17476160 -0.80048630 0.09125842 0.56599644
1403636692.863555670 1.259033 4.240910 0.055137 0.17846038 -0.80139662 0.08513039 0.56450702
1403636692.913555622 1.262138 4.265537 0.076207 0.18113989 -0.80228108 0.08058439 0.56306267
1403636692.963555574 1.268489 4.288129 0.096061 0.18099453 -0.80319560 0.08062435 0.56179847
1403636693.013555527 1.274318 4.309082 0.115161 0.17875789 -0.80431224 0.08387582 0.56043936
1403636693.063555717 1.280224 4.327132 0.133073 0.17648763 -0.80396235 0.08730006 0.56113755
1403636693.113555431 1.285341 4.343599 0.149572 0.17435656 -0.80298268 0.09097496 0.56262080
1403636693.163555622 1.290373 4.358876 0.164097 0.17229028 -0.80255596 0.09474287 0.56324398
1403636693.213555574 1.295190 4.374299 0.177420 0.17136120 -0.80375463 0.09661649 0.56149719
1403636693.263555765 1.300189 4.387151 0.187959 0.17004909 -0.80599542 0.09918945 0.55822588
1403636693.313555479 1.304141 4.400332 0.197935 0.16830841 -0.80878698 0.10226240 0.55414646
1403636693.363555670 1.308592 4.411254 0.206230 0.16710556 -0.81129545 0.10479177 0.55035817
1403636693.413555622 1.310872 4.422055 0.214512 0.16587724 -0.81346749 0.10737004 0.54701651
1403636693.463555574 1.313067 4.431691 0.220377 0.16545882 -0.81616214 0.10900211 0.54279028
1403636693.513555527 1.309565 4.440883 0.227955 0.16410566 -0.81985481 0.11039438 0.53732718
1403636693.563555717 1.308605 4.449756 0.231887 0.16422230 -0.82348211 0.11058825 0.53167517
1403636693.613555431 1.300010 4.457927 0.231087 0.16466968 -0.82595679 0.11030829 0.52774175
1403636693.663555622 1.292275 4.465087 0.235666 0.16473019 -0.82740525 0.11026596 0.52545783
1403636693.713555574 1.285818 4.473789 0.239492 0.16471012 -0.82652268 0.11103913 0.52668885
1403636693.763555765 1.275656 4.480257 0.242064 0.16499397 -0.82321414 0.11163148 0.53163321
1403636693.813555479 1.265927 4.487667 0.244340 0.16513469 -0.82001086 0.11178365 0.53648591
1403636693.863555670 1.252460 4.493284 0.245466 0.16490780 -0.81592330 0.11285028 0.54253055
1403636693.913555622 1.239499 4.500363 0.247087 0.16367481 -0.81104935 0.11518292 0.54967481
1403636693.963555574 1.231805 4.508390 0.250880 0.16394829 -0.80628257 0.11571458 0.55645262
1403636694.013555527 1.214086 4.512751 0.258737 0.16274418 -0.80171977 0.11772810 0.56293857
1403636694.063555717 1.197510 4.514383 0.259683 0.16248715 -0.79824660 0.11827964 0.56781178
1403636694.113555431 1.162759 4.555950 0.278341 0.16343610 -0.79641863 0.11954189 0.56983835
1403636694.163555622 1.154039 4.559964 0.279997 0.16356933 -0.79439551 0.11970436 0.57258337
1403636694.213555574 1.136020 4.559061 0.276207 0.16339120 -0.79352556 0.11980715 0.57381770
1403636694.263555765 1.139312 4.568566 0.285345 0.16444857 -0.79348803 0.11921706 0.57369043
1403636694.313555479 1.126948 4.574035 0.289483 0.16471590 -0.79453250 0.11928057 0.57215288
1403636694.363555670 1.114981 4.578430 0.293811 0.16410882 -0.79623900 0.11996808 0.56980647
1403636694.413555622 1.103001 4.582913 0.298641 0.16488053 -0.79810082 0.11958102 0.56705368
1403636694.463555574 1.091335 4.587401 0.302532 0.16476170 -0.79938656 0.11899956 0.56539705
1403636694.513555527 1.079558 4.591675 0.305577 0.16541971 -0.80028448 0.11773007 0.56419917
1403636694.563555717 1.067786 4.595839 0.307117 0.16550492 -0.80091926 0.11755533 0.56330916
1403636694.613555431 1.056021 4.600503 0.308092 0.16535299 -0.80144173 0.11703005 0.56271975
1403636694.663555622 1.042323 4.602425 0.303815 0.16546937 -0.80161008 0.11607164 0.56264424
1403636694.713555574 1.029966 4.605867 0.301589 0.16549361 -0.80081617 0.11563008 0.56385726
1403636694.763555765 1.018251 4.609422 0.297577 0.16347791 -0.79978624 0.11730861 0.56555781
1403636694.813555479 1.007706 4.612451 0.294334 0.16246739 -0.79877200 0.11733272 0.56727478
1403636694.863555670 0.996912 4.615852 0.287863 0.15852678 -0.79948445 0.12253946 0.56628434
1403636694.913555622 0.984435 4.622039 0.281112 0.15513116 -0.79999016 0.12626771 0.56569120
1403636694.963555574 0.974137 4.628357 0.275585 0.15192844 -0.80070987 0.12983023 0.56473495
1403636695.013555527 0.963268 4.635643 0.268316 0.15039197 -0.80136471 0.13119449 0.56390146
1403636695.063555717 0.952101 4.641904 0.261219 0.15120904 -0.80205472 0.12880420 0.56325263
1403636695.113555431 0.942796 4.648880 0.256579 0.15240147 -0.80183056 0.12560641 0.56397214
1403636695.163555622 0.931485 4.655716 0.252396 0.15284536 -0.80208961 0.12325895 0.56400159
1403636695.213555574 0.919986 4.662837 0.250731 0.15390109 -0.80176855 0.11993903 0.56488607
1403636695.263555765 0.909000 4.671052 0.250159 0.15496734 -0.80109899 0.11691533 0.56617695
1403636695.313555479 0.893448 4.680871 0.236574 0.15528050 -0.80074721 0.11489663 0.56700145
1403636695.363555670 0.882388 4.689554 0.239248 0.15553855 -0.80041178 0.11276201 0.56783225
1403636695.413555622 0.865149 4.684595 0.245024 0.15571237 -0.80040024 0.11156116 0.56803804
1403636695.463555574 0.853840 4.690568 0.250197 0.15574718 -0.80006707 0.11011681 0.56877920
1403636695.513555527 0.841602 4.695629 0.256816 0.15676834 -0.79969370 0.10741700 0.56953952
1403636695.563555717 0.831921 4.702263 0.260004 0.15699618 -0.79904521 0.10612844 0.57062746
1403636695.613555431 0.818755 4.712362 0.262893 0.15769158 -0.79867963 0.10409468 0.57132172
1403636695.663555622 0.853250 4.718729 0.272101 0.15847715 -0.79748167 0.10104274 0.57332219
1403636695.713555574 0.859065 4.724314 0.281383 0.15782903 -0.79726670 0.10058573 0.57388005
1403636695.763555765 0.855009 4.729625 0.280113 0.15550535 -0.79807587 0.10269889 0.57301478
1403636695.813555479 0.848622 4.738097 0.278948 0.15536161 -0.79842545 0.10299441 0.57251351
1403636695.863555670 0.867928 4.739916 0.273449 0.15412339 -0.79809648 0.10333489 0.57324505
1403636695.913555622 0.863799 4.748165 0.270564 0.15392374 -0.79895614 0.10319965 0.57212447
1403636695.963555574 0.863562 4.752765 0.264802 0.15293895 -0.80037197 0.10405110 0.57025237
1403636696.013555527 0.858027 4.761934 0.260457 0.15189815 -0.80208691 0.10521487 0.56790261
1403636696.063555717 0.857986 4.766415 0.252934 0.15185155 -0.80431990 0.10424005 0.56492887
1403636696.113555431 0.808488 4.783125 0.276960 0.15356816 -0.80768078 0.10223754 0.56001435
1403636696.163555622 0.804744 4.787450 0.270168 0.15531517 -0.80842855 0.09888510 0.55905474
1403636696.213555574 0.800642 4.792123 0.263217 0.15621564 -0.80924929 0.09662803 0.55801011
1403636696.263555765 0.796396 4.796245 0.255526 0.15689091 -0.80744642 0.09516319 0.56067770
1403636696.313555479 0.790852 4.799608 0.246976 0.15601421 -0.80546582 0.09650820 0.56353397
1403636696.363555670 0.786567 4.801246 0.239324 0.15447037 -0.80082266 0.09777020 0.57031829
1403636696.413555622 0.750857 4.786218 0.249332 0.15413429 -0.79616762 0.10148390 0.57624713
1403636696.463555574 0.746533 4.786041 0.243617 0.15110835 -0.79370727 0.10517170 0.57977060
1403636696.513555527 0.742048 4.784639 0.239781 0.15046167 -0.79284774 0.10545642 0.58106169
1403636696.563555717 0.740349 4.784327 0.237009 0.14935899 -0.79373753 0.10610737 0.58001194
1403636696.613555431 0.737453 4.785039 0.236130 0.14912396 -0.79428169 0.10628553 0.57929443
1403636696.663555622 0.738609 4.785052 0.235976 0.14782288 -0.79555345 0.10734622 0.57768495
1403636696.713555574 0.736750 4.786462 0.237478 0.14773003 -0.79593624 0.10758449 0.57713683
1403636696.763555765 0.739395 4.789105 0.237119 0.14756701 -0.79709981 0.10761722 0.57556442
1403636696.813555479 0.739078 4.790686 0.236594 0.14808649 -0.79747150 0.10641277 0.57513992
1403636696.863555670 0.742986 4.791945 0.234222 0.14865301 -0.79805324 0.10565149 0.57432662
1403636696.913555622 0.742857 4.793646 0.231783 0.14987196 -0.79811822 0.10384728 0.57424859
1403636696.963555574 0.747268 4.794705 0.227424 0.15380032 -0.79741784 0.09813029 0.57518754
1403636697.013555527 0.749739 4.794671 0.222905 0.15788907 -0.79705023 0.09196426 0.57560798
1403636697.063555717 0.754906 4.794289 0.218493 0.16155575 -0.79622509 0.08647092 0.57658315
1403636697.113555431 0.758062 4.792929 0.214991 0.16582565 -0.79581651 0.07968903 0.57691212
1403636697.163555622 0.764916 4.789894 0.213654 0.16871512 -0.79540597 0.07503102 0.57726501
1403636697.213555574 0.769722 4.785553 0.219204 0.17031182 -0.79451026 0.07229734 0.57837740
1403636697.263555765 0.778210 4.778011 0.222435 0.17050071 -0.79424558 0.07107522 0.57883658
1403636697.313555479 0.785255 4.767266 0.227245 0.16871283 -0.79622537 0.07368995 0.57630802
1403636697.363555670 0.795252 4.755144 0.233635 0.16457973 -0.79831368 0.07870646 0.57394606
1403636697.413555622 0.803234 4.740872 0.243057 0.16094619 -0.80064363 0.08421708 0.57094096
1403636697.463555574 0.812316 4.726395 0.254777 0.15783152 -0.80290630 0.08886528 0.56792045
1403636697.513555527 0.822352 4.708701 0.266757 0.15503396 -0.80484868 0.09177997 0.56547282
1403636697.563555717 0.832515 4.691910 0.281166 0.15233777 -0.80601527 0.09189701 0.56452416
1403636697.613555431 0.843569 4.675590 0.294780 0.14935143 -0.80657642 0.08926042 0.56494355
1403636697.663555622 0.853249 4.658545 0.308028 0.14452103 -0.80719761 0.08484823 0.56599158
1403636697.713555574 0.865672 4.644262 0.320590 0.13716082 -0.80853219 0.08019945 0.56659568
1403636697.763555765 0.875901 4.626992 0.330257 0.12884643 -0.81067031 0.07323837 0.56643481
1403636697.813555479 0.883174 4.608548 0.337571 0.11972183 -0.81189230 0.06665876 0.56749818
1403636697.863555670 0.893062 4.590010 0.344368 0.11079941 -0.81290400 0.06107227 0.56848988
1403636697.913555622 0.900105 4.573225 0.350529 0.10212901 -0.81405177 0.05616341 0.56897720
1403636697.963555574 0.908677 4.554536 0.354846 0.09399900 -0.81481252 0.05238565 0.56964944
1403636698.013555527 0.908930 4.540520 0.361655 0.08758035 -0.81595779 0.04919820 0.56931722
1403636698.063555717 0.917681 4.519675 0.363434 0.08238450 -0.81592390 0.04596375 0.57041065
1403636698.113555431 0.926676 4.498578 0.363356 0.07732974 -0.81667552 0.04398228 0.57019888
1403636698.163555622 0.934947 4.476650 0.362347 0.07314523 -0.81695745 0.04255767 0.57045521
1403636698.213555574 0.943363 4.455115 0.359971 0.06921324 -0.81685163 0.04055045 0.57124303
1403636698.263555765 0.951371 4.433167 0.356484 0.06421065 -0.81732988 0.03789994 0.57132517
1403636698.313555479 0.959089 4.411302 0.351982 0.05916048 -0.81786837 0.03323303 0.57139035
1403636698.363555670 0.967102 4.388786 0.347022 0.05280293 -0.81789917 0.02828617 0.57223483
1403636698.413555622 0.974309 4.364303 0.339944 0.04572932 -0.81872467 0.02238189 0.57192464
1403636698.463555574 0.979982 4.345709 0.331066 0.03719210 -0.81981011 0.01683511 0.57117835
1403636698.513555527 1.003524 4.354312 0.337648 0.02987762 -0.82037514 0.01016169 0.57095420
1403636698.563555717 1.009967 4.332066 0.328472 0.02020577 -0.82078508 0.00353524 0.57086870
1403636698.613555431 1.019442 4.305760 0.319117 0.00977491 -0.82095967 -0.00355332 0.57089144
1403636698.663555622 1.027218 4.279652 0.309325 -0.00161801 -0.82131906 -0.01000876 0.57037901
1403636698.713555574 1.038259 4.255944 0.299194 -0.01297974 -0.82124177 -0.01697294 0.57018015
1403636698.763555765 1.022551 4.233676 0.262430 -0.02485263 -0.82080350 -0.02460159 0.57013921
1403636698.813555479 1.026771 4.210821 0.242990 -0.03723599 -0.82044528 -0.03205383 0.56961002
1403636698.863555670 1.031773 4.186006 0.229454 -0.05091889 -0.81971923 -0.03855680 0.56919331
1403636698.913555622 1.036024 4.161787 0.216597 -0.06305078 -0.81876589 -0.04685015 0.56872848
1403636698.963555574 1.052111 4.140009 0.203761 -0.07625419 -0.81773751 -0.05344622 0.56800895
1403636699.013555527 1.055500 4.115316 0.194957 -0.08852216 -0.81639306 -0.06046277 0.56745964
1403636699.063555717 1.057574 4.090619 0.185761 -0.10151554 -0.81481153 -0.06695181 0.56682821
1403636699.113555431 1.055513 4.054172 0.172689 -0.11475786 -0.81262542 -0.07371247 0.56660130
1403636699.163555622 1.059117 4.029489 0.169026 -0.12972551 -0.81014171 -0.07797688 0.56635793
1403636699.213555574 1.062940 4.006450 0.165608 -0.14374141 -0.80819079 -0.08414586 0.56487656
1403636699.263555765 1.067017 3.983644 0.163889 -0.15848855 -0.80567951 -0.09030386 0.56356643
1403636699.313555479 1.074795 3.964646 0.161370 -0.17396435 -0.80360078 -0.09517207 0.56116350
1403636699.363555670 1.074954 3.936437 0.163406 -0.18797216 -0.80114098 -0.10206716 0.55894712
1403636699.413555622 1.079863 3.917173 0.167143 -0.20174014 -0.79842908 -0.10737808 0.55702950
1403636699.463555574 1.082921 3.899035 0.169879 -0.21435030 -0.79600611 -0.11329833 0.55460950
1403636699.513555527 1.089068 3.883124 0.172781 -0.22627166 -0.79310149 -0.12054218 0.55250407
1403636699.563555717 1.092645 3.867725 0.174252 -0.23826437 -0.78983856 -0.12645966 0.55081130
1403636699.613555431 1.088561 3.848938 0.183875 -0.24982457 -0.78677606 -0.13248686 0.54865140
1403636699.663555622 1.092571 3.837453 0.183636 -0.26178268 -0.78297279 -0.13848454 0.54703334
1403636699.713555574 1.097647 3.827540 0.181477 -0.27232183 -0.77889083 -0.14631581 0.54567534
1403636699.763555765 1.103966 3.818526 0.178647 -0.27915693 -0.77607687 -0.15589828 0.54357320
1403636699.813555479 1.109128 3.810295 0.174763 -0.28433495 -0.77317536 -0.16541490 0.54220974
1403636699.863555670 1.114296 3.803003 0.170578 -0.28814761 -0.77018419 -0.17335574 0.54197330
1403636699.913555622 1.125758 3.783642 0.167538 -0.29130526 -0.76737323 -0.17944640 0.54229011
1403636699.963555574 1.131889 3.776198 0.162328 -0.29462611 -0.76483223 -0.18246200 0.54307893
1403636700.013555527 1.138194 3.769198 0.155921 -0.29759371 -0.76336263 -0.18447129 0.54284973
1403636700.063555717 1.145156 3.762320 0.148587 -0.29943329 -0.76240800 -0.18566931 0.54277127
1403636700.113555431 1.161569 3.755294 0.141276 -0.30117850 -0.76121832 -0.18600284 0.54336096
1403636700.163555622 1.170302 3.749563 0.132316 -0.30190822 -0.76058211 -0.18724132 0.54342153
1403636700.213555574 1.175187 3.742244 0.124885 -0.30220345 -0.76042180 -0.18736054 0.54344070
1403636700.263555765 1.191870 3.737341 0.112024 -0.30362680 -0.76019822 -0.18745102 0.54292867
1403636700.313555479 1.196881 3.744523 0.100556 -0.30658771 -0.76042816 -0.18751979 0.54091525
1403636700.363555670 1.207442 3.744852 0.086077 -0.31083572 -0.75979572 -0.18694208 0.53957786
1403636700.413555622 1.223837 3.746484 0.072578 -0.31564362 -0.75850974 -0.18798348 0.53823256
1403636700.463555574 1.240614 3.760366 0.051478 -0.31872955 -0.75618257 -0.19185394 0.53832282
1403636700.513555527 1.251938 3.763259 0.033131 -0.32092464 -0.75364049 -0.19589965 0.53912587
1403636700.563555717 1.265109 3.765052 0.014808 -0.32260841 -0.75124430 -0.20134926 0.53945741
1403636700.613555431 1.281647 3.766252 -0.000151 -0.32479989 -0.74803969 -0.20755809 0.54024188
1403636700.663555622 1.297821 3.769827 -0.019329 -0.32782388 -0.74548437 -0.21474551 0.53913721
1403636700.713555574 1.311705 3.778793 -0.039660 -0.33201780 -0.74276912 -0.21970374 0.53832005
1403636700.763555765 1.327253 3.781530 -0.057278 -0.33483650 -0.74058662 -0.22478709 0.53748184
1403636700.813555479 1.338534 3.794844 -0.072639 -0.33794618 -0.73966527 -0.22801293 0.53544167
1403636700.863555670 1.359633 3.787391 -0.089110 -0.34085879 -0.73983138 -0.22996720 0.53252222
1403636700.913555622 1.375683 3.789798 -0.101929 -0.34351689 -0.74041779 -0.23101217 0.52953850
1403636700.963555574 1.391585 3.791638 -0.112387 -0.34553222 -0.74180102 -0.23158614 0.52602909
1403636701.013555527 1.407031 3.794482 -0.120941 -0.34730585 -0.74308805 -0.23112657 0.52323924
1403636701.063555717 1.422725 3.793615 -0.130918 -0.34836138 -0.74552234 -0.23034646 0.51940476
1403636701.113555431 1.437859 3.795451 -0.136190 -0.34974108 -0.74820447 -0.22853163 0.51540716
1403636701.163555622 1.438690 3.793097 -0.145752 -0.34897789 -0.74962906 -0.22903696 0.51362708
1403636701.213555574 1.451854 3.798606 -0.145085 -0.34863883 -0.75149237 -0.22794013 0.51161849
1403636701.263555765 1.464701 3.802736 -0.142056 -0.34770918 -0.75221826 -0.22730035 0.51146903
1403636701.313555479 1.477694 3.809335 -0.138087 -0.34686715 -0.75350110 -0.22655025 0.51048433
1403636701.363555670 1.489416 3.814798 -0.131246 -0.34594882 -0.75338686 -0.22609751 0.51147587
1403636701.413555622 1.499484 3.823164 -0.123768 -0.34375662 -0.75322827 -0.22660536 0.51296060
1403636701.463555574 1.509528 3.830127 -0.116927 -0.34140981 -0.75240205 -0.22692694 0.51559156
1403636701.513555527 1.518942 3.839900 -0.109474 -0.33878161 -0.75061807 -0.22817296 0.51936175
1403636701.563555717 1.528147 3.847742 -0.102541 -0.33617050 -0.74920538 -0.22877723 0.52282088
1403636701.613555431 1.536108 3.859583 -0.094698 -0.33393453 -0.74852591 -0.22884714 0.52519109
1403636701.663555622 1.544571 3.867933 -0.088541 -0.33123751 -0.74816006 -0.22975746 0.52701967
1403636701.713555574 1.553059 3.878796 -0.082722 -0.33099680 -0.74717636 -0.22986970 0.52851540
1403636701.763555765 1.561767 3.887327 -0.078049 -0.33240904 -0.74635773 -0.23026420 0.52861400
1403636701.813555479 1.564091 3.932748 -0.069672 -0.33646980 -0.74524399 -0.23056632 0.52748332
1403636701.863555670 1.573590 3.943308 -0.068119 -0.34057499 -0.74368051 -0.23391640 0.52557691
1403636701.913555622 1.591382 4.011221 -0.079775 -0.34667478 -0.74193355 -0.23456883 0.52376394
1403636701.963555574 1.628152 4.069746 -0.087327 -0.35124591 -0.73923182 -0.23714809 0.52337693
1403636702.013555527 1.639449 4.079602 -0.091396 -0.35901187 -0.73585634 -0.24148681 0.52087430
1403636702.063555717 1.651132 4.092117 -0.095908 -0.36741770 -0.73167179 -0.24616321 0.51871408
1403636702.113555431 1.670129 4.105623 -0.111166 -0.37599514 -0.72665463 -0.25153345 0.51704123
1403636702.163555622 1.683322 4.120658 -0.118233 -0.38438246 -0.72151455 -0.25766195 0.51505067
1403636702.213555574 1.693918 4.132610 -0.127757 -0.39284528 -0.71727425 -0.26297964 0.51189055
1403636702.263555765 1.707725 4.142310 -0.136466 -0.39998767 -0.71425430 -0.26772497 0.50810825
1403636702.313555479 1.724082 4.166414 -0.145188 -0.40611547 -0.71272771 -0.27114043 0.50355963
1403636702.363555670 1.725019 4.179113 -0.161646 -0.41047616 -0.71164420 -0.27482239 0.49954430
1403636702.413555622 1.737403 4.192729 -0.174396 -0.41347347 -0.71104546 -0.27924255 0.49545701
1403636702.463555574 1.749317 4.206644 -0.188163 -0.41690988 -0.71062724 -0.28198748 0.49160771
1403636702.513555527 1.758393 4.219841 -0.204258 -0.41874634 -0.71028184 -0.28521436 0.48867574
1403636702.563555717 1.769103 4.234079 -0.220803 -0.42042180 -0.70999860 -0.28723020 0.48646306
1403636702.613555431 1.773261 4.250212 -0.239187 -0.42206774 -0.71038191 -0.28865351 0.48362745
1403636702.663555622 1.782170 4.265775 -0.257585 -0.42323919 -0.71121627 -0.28945157 0.48089270
1403636702.713555574 1.786136 4.290567 -0.276202 -0.42335657 -0.71182886 -0.29071169 0.47911960
1403636702.763555765 1.788817 4.305024 -0.301102 -0.42434639 -0.71182979 -0.29030137 0.47849097
1403636702.813555479 1.794657 4.321965 -0.323205 -0.42421947 -0.71330108 -0.29067870 0.47617780
1403636702.863555670 1.795272 4.339277 -0.347516 -0.42433689 -0.71407733 -0.29049796 0.47501863
1403636702.913555622 1.797539 4.362263 -0.370352 -0.42519143 -0.71430442 -0.28963345 0.47444063
1403636702.963555574 1.796050 4.383062 -0.390757 -0.42476868 -0.71432702 -0.28944618 0.47489935
1403636703.013555527 1.795622 4.385575 -0.417581 -0.42478807 -0.71272499 -0.28873394 0.47771424
1403636703.063555717 1.796152 4.405361 -0.434016 -0.42449427 -0.71133703 -0.28857526 0.48013391
1403636703.113555431 1.794902 4.425726 -0.448756 -0.42539807 -0.70847798 -0.28663978 0.48469895
1403636703.163555622 1.793887 4.446409 -0.460214 -0.42600169 -0.70396641 -0.28486705 0.49173633
1403636703.213555574 1.792653 4.467406 -0.470054 -0.42725919 -0.70082084 -0.28188263 0.49683187
1403636703.263555765 1.791348 4.489235 -0.478237 -0.42936534 -0.69706236 -0.27846962 0.50219931
1403636703.313555479 1.792680 4.510772 -0.485266 -0.43074220 -0.69392305 -0.27567395 0.50688838
1403636703.363555670 1.799901 4.526661 -0.496264 -0.43002289 -0.69276457 -0.27605563 0.50887214
1403636703.413555622 1.804298 4.546896 -0.501470 -0.42769069 -0.69326569 -0.27936129 0.50835089
1403636703.463555574 1.807847 4.568150 -0.503228 -0.42474333 -0.69585648 -0.28339367 0.50503950
1403636703.513555527 1.813565 4.587811 -0.502581 -0.42144215 -0.69915200 -0.28765638 0.50082612
1403636703.563555717 1.818056 4.608579 -0.500863 -0.41907064 -0.70144050 -0.29089923 0.49773352
1403636703.613555431 1.831611 4.653903 -0.520899 -0.41853319 -0.70374440 -0.29057207 0.49511783
1403636703.663555622 1.836571 4.675543 -0.518232 -0.41805049 -0.70529270 -0.29041699 0.49341054
1403636703.713555574 1.842192 4.697212 -0.516398 -0.41796659 -0.70614628 -0.29000455 0.49250252
1403636703.763555765 1.846908 4.718599 -0.515036 -0.41759304 -0.70558247 -0.28938244 0.49399113
1403636703.813555479 1.851873 4.740357 -0.515748 -0.41763637 -0.70452739 -0.28838056 0.49604201
1403636703.863555670 1.847904 4.761194 -0.515237 -0.41786032 -0.70303896 -0.28698493 0.49876711
1403636703.913555622 1.852162 4.782668 -0.518088 -0.41786736 -0.70179931 -0.28537824 0.50142182
1403636703.963555574 1.854733 4.802813 -0.521621 -0.41763973 -0.70141370 -0.28473104 0.50251778
1403636704.013555527 1.861166 4.822235 -0.525238 -0.41798052 -0.70063289 -0.28261984 0.50451151
1403636704.063555717 1.866154 4.842288 -0.530854 -0.41797155 -0.70037451 -0.28114627 0.50569962
1403636704.113555431 1.871689 4.862205 -0.536396 -0.41790786 -0.70161769 -0.27989597 0.50472159
1403636704.163555622 1.881077 4.881767 -0.544294 -0.41782885 -0.70347816 -0.27919851 0.50257906
1403636704.213555574 1.885203 4.878032 -0.546422 -0.41692654 -0.70634567 -0.27887368 0.49947725
1403636704.263555765 1.891502 4.897013 -0.555889 -0.41654055 -0.70882704 -0.27865676 0.49639561
1403636704.313555479 1.897023 4.916978 -0.562262 -0.41569739 -0.71083691 -0.27915874 0.49394024
1403636704.363555670 1.903360 4.928644 -0.566362 -0.41455125 -0.71267458 -0.27991985 0.49182017
1403636704.413555622 1.907833 4.949176 -0.570333 -0.41466193 -0.71374943 -0.27894052 0.49072336
1403636704.463555574 1.912772 4.971699 -0.573197 -0.41391993 -0.71559365 -0.27950920 0.48833454
1403636704.513555527 1.917786 4.989354 -0.573353 -0.41346363 -0.71726676 -0.27995856 0.48600352
1403636704.563555717 1.921195 5.010260 -0.571333 -0.41389120 -0.71861784 -0.27916310 0.48409755
1403636704.613555431 1.922805 5.032924 -0.568285 -0.41370201 -0.71996833 -0.27887649 0.48241492
1403636704.663555622 1.924414 5.055519 -0.566920 -0.41389819 -0.72109313 -0.27859462 0.48072657
1403636704.713555574 1.923677 5.081260 -0.567418 -0.41367436 -0.72400466 -0.27805546 0.47683954
1403636704.763555765 1.923729 5.105862 -0.569227 -0.41332039 -0.72589111 -0.27745921 0.47462063
1403636704.813555479 1.923072 5.132573 -0.573139 -0.41427097 -0.72779696 -0.27542722 0.47204977
1403636704.863555670 1.921557 5.159128 -0.578377 -0.41490154 -0.72972622 -0.27341963 0.46967868
1403636704.913555622 1.918633 5.188055 -0.584897 -0.41530293 -0.73139838 -0.27141815 0.46788040
1403636704.963555574 1.919005 5.244026 -0.594112 -0.41671569 -0.73285083 -0.27040659 0.46492792
1403636705.013555527 1.913330 5.274887 -0.603621 -0.41626848 -0.73424899 -0.26999789 0.46335743
1403636705.063555717 1.907060 5.309265 -0.612677 -0.41488599 -0.73497809 -0.27114990 0.46276836
1403636705.113555431 1.884875 5.345931 -0.623570 -0.41315724 -0.73288992 -0.27340483 0.46628666
1403636705.163555622 1.875955 5.374770 -0.635941 -0.40982893 -0.72897493 -0.27759750 0.47283763
1403636705.213555574 1.861434 5.419584 -0.645389 -0.40583930 -0.72516805 -0.28161178 0.47970884
1403636705.263555765 1.837742 5.450512 -0.654542 -0.40237862 -0.72234096 -0.28506011 0.48482545
1403636705.313555479 1.831870 5.486201 -0.661930 -0.40122412 -0.72015736 -0.28664771 0.48808367
1403636705.363555670 1.815108 5.525648 -0.672718 -0.40028305 -0.71902258 -0.28726943 0.49015945
1403636705.413555622 1.799706 5.563924 -0.676108 -0.40090826 -0.71994902 -0.28633312 0.48883465
1403636705.463555574 1.783335 5.602113 -0.679169 -0.40228511 -0.72087825 -0.28484983 0.48719792
1403636705.513555527 1.766656 5.641007 -0.683137 -0.40341318 -0.72273062 -0.28319920 0.48447546
1403636705.563555717 1.749217 5.679660 -0.688811 -0.40404917 -0.72461238 -0.28215474 0.48173632
1403636705.613555431 1.720241 5.723121 -0.698293 -0.40501107 -0.72497486 -0.28124530 0.48091430
1403636705.663555622 1.700473 5.762143 -0.706594 -0.40556026 -0.72559621 -0.28107043 0.47961487
1403636705.713555574 1.679301 5.802494 -0.715214 -0.40531551 -0.72434379 -0.28167969 0.48135429
1403636705.763555765 1.657647 5.843307 -0.724936 -0.40534428 -0.72252119 -0.28208477 0.48382572
1403636705.813555479 1.634537 5.884484 -0.734468 -0.40560655 -0.72031088 -0.28144778 0.48726042
1403636705.863555670 1.614255 5.923912 -0.743276 -0.40589757 -0.71752303 -0.28134566 0.49117459
1403636705.913555622 1.582454 5.951441 -0.739779 -0.40674029 -0.71415990 -0.28003966 0.49610055
1403636705.963555574 1.558698 5.992989 -0.743840 -0.40814920 -0.71104313 -0.27755043 0.50079701
1403636706.013555527 1.538059 6.033371 -0.746421 -0.41043473 -0.70767942 -0.27281951 0.50626345
1403636706.063555717 1.516408 6.074518 -0.746266 -0.41311339 -0.70492019 -0.26783422 0.51057779
1403636706.113555431 1.496409 6.116880 -0.745367 -0.41468192 -0.70210228 -0.26473527 0.51478785
1403636706.163555622 1.480876 6.157208 -0.742881 -0.41211578 -0.70215829 -0.26715802 0.51552004
1403636706.213555574 1.464315 6.197603 -0.745516 -0.40826077 -0.70388737 -0.27191536 0.51373900
1403636706.263555765 1.454003 6.232950 -0.759221 -0.40482783 -0.70618119 -0.27561501 0.51133054
1403636706.313555479 1.437470 6.272209 -0.764958 -0.40062920 -0.70944484 -0.28045753 0.50747200
1403636706.363555670 1.421297 6.311571 -0.772450 -0.39805032 -0.71244140 -0.28310839 0.50381825
1403636706.413555622 1.391604 6.351469 -0.793512 -0.39576392 -0.71544101 -0.28549204 0.50000937
1403636706.463555574 1.374306 6.390038 -0.803103 -0.39441287 -0.71793385 -0.28664987 0.49683129
1403636706.513555527 1.358857 6.428735 -0.811340 -0.39349219 -0.71941517 -0.28767053 0.49482460
1403636706.563555717 1.340921 6.466080 -0.818225 -0.39340617 -0.72066420 -0.28813134 0.49280324
1403636706.613555431 1.321927 6.503070 -0.822911 -0.39344655 -0.72123355 -0.28776608 0.49215106
1403636706.663555622 1.303692 6.540303 -0.826463 -0.39377917 -0.72198276 -0.28794505 0.49067964
1403636706.713555574 1.288619 6.579740 -0.829003 -0.39446733 -0.72316126 -0.28712447 0.48886895
1403636706.763555765 1.275063 6.615414 -0.822765 -0.39683992 -0.72346117 -0.28486938 0.48782317
1403636706.813555479 1.258280 6.650945 -0.825081 -0.39791882 -0.72470474 -0.28462219 0.48523589
1403636706.863555670 1.233126 6.694578 -0.827992 -0.40151234 -0.72401332 -0.28500193 0.48308017
1403636706.913555622 1.215767 6.715628 -0.820513 -0.40264075 -0.72315104 -0.28496372 0.48345495
1403636706.963555574 1.195326 6.748175 -0.815230 -0.40335023 -0.72233173 -0.28616423 0.48337925
1403636707.013555527 1.170231 6.788160 -0.810272 -0.40353955 -0.72045459 -0.28752644 0.48521084
1403636707.063555717 1.145417 6.827506 -0.805109 -0.40328850 -0.71874365 -0.28977520 0.48661719
1403636707.113555431 1.127998 6.893859 -0.813297 -0.40519029 -0.71627919 -0.29092205 0.48798495
1403636707.163555622 1.102704 6.932886 -0.808951 -0.40634450 -0.71552243 -0.29175595 0.48763743
1403636707.213555574 1.076215 6.973825 -0.804108 -0.40747552 -0.71503468 -0.29277584 0.48679710
1403636707.263555765 1.049733 7.012911 -0.798279 -0.40859449 -0.71468698 -0.29378044 0.48576344
1403636707.313555479 1.018136 7.047460 -0.796016 -0.40924920 -0.71501723 -0.29470116 0.48416596
1403636707.363555670 0.989910 7.085673 -0.786914 -0.41027745 -0.71483465 -0.29520052 0.48326027
1403636707.413555622 0.958412 7.123979 -0.774095 -0.41152330 -0.71471621 -0.29522449 0.48236066
1403636707.463555574 0.927859 7.162798 -0.760425 -0.41173071 -0.71512052 -0.29578676 0.48123867
1403636707.513555527 0.893675 7.203401 -0.749923 -0.41299928 -0.71482496 -0.29471582 0.48124781
1403636707.563555717 0.861239 7.241889 -0.733427 -0.41417746 -0.71431550 -0.29381799 0.48154064
1403636707.613555431 0.828302 7.278891 -0.716958 -0.41609871 -0.71423685 -0.29140425 0.48146771
1403636707.663555622 0.794699 7.316864 -0.703471 -0.42015073 -0.71291508 -0.28571768 0.48331238
1403636707.713555574 0.763521 7.357874 -0.694289 -0.42251821 -0.71208935 -0.28230439 0.48447017
1403636707.763555765 0.730351 7.397844 -0.686486 -0.42442676 -0.71158356 -0.27908061 0.48541196
1403636707.813555479 0.695226 7.441119 -0.681504 -0.42501082 -0.71062199 -0.27821424 0.48680493
1403636707.863555670 0.662281 7.481660 -0.678314 -0.42460081 -0.70989837 -0.27768241 0.48851912
1403636707.913555622 0.628606 7.524463 -0.678097 -0.42374035 -0.70903887 -0.27761539 0.49054836
1403636707.963555574 0.596110 7.567339 -0.680897 -0.42203921 -0.70893760 -0.27835247 0.49174210
1403636708.013555527 0.561178 7.611663 -0.688448 -0.41991208 -0.70931058 -0.27942807 0.49241475
1403636708.063555717 0.528781 7.655640 -0.695479 -0.41737459 -0.70972983 -0.28102767 0.49305726
1403636708.113555431 0.496937 7.698025 -0.704491 -0.41439383 -0.70991626 -0.28291309 0.49422347
1403636708.163555622 0.464618 7.742267 -0.713805 -0.41199793 -0.71011997 -0.28440709 0.49507569
1403636708.213555574 0.431390 7.786200 -0.723535 -0.41123591 -0.70943543 -0.28362760 0.49713358
1403636708.263555765 0.406338 7.825353 -0.733705 -0.41197307 -0.70771707 -0.28116933 0.50035842
1403636708.313555479 0.374148 7.867691 -0.749095 -0.41407742 -0.70466122 -0.27722262 0.50511393
1403636708.363555670 0.342324 7.910753 -0.760189 -0.41743379 -0.70133803 -0.27151213 0.51005408
1403636708.413555622 0.309496 7.954145 -0.775353 -0.41977794 -0.69877188 -0.26732703 0.51384881
1403636708.463555574 0.281977 7.997481 -0.776114 -0.42154119 -0.69652039 -0.26464124 0.51684368
1403636708.513555527 0.254072 8.040916 -0.785279 -0.42208214 -0.69531040 -0.26400358 0.51835531
1403636708.563555717 0.228554 8.086569 -0.790717 -0.42091341 -0.69476162 -0.26537934 0.51933804
1403636708.613555431 0.205945 8.129290 -0.796123 -0.41848773 -0.69537458 -0.26996629 0.51811235
1403636708.663555622 0.184017 8.174630 -0.800397 -0.41505285 -0.69757227 -0.27580781 0.51483407
1403636708.713555574 0.154519 8.211519 -0.817756 -0.41093276 -0.69866685 -0.28355437 0.51244104
1403636708.763555765 0.134877 8.255159 -0.825287 -0.40702778 -0.70046207 -0.29035438 0.50928932
1403636708.813555479 0.113520 8.297127 -0.834907 -0.40308954 -0.70124270 -0.29722304 0.50738148
1403636708.863555670 0.093404 8.338979 -0.844536 -0.40256739 -0.70161838 -0.30014579 0.50555282
1403636708.913555622 0.074962 8.377705 -0.853190 -0.40177371 -0.70054158 -0.30387746 0.50544818
1403636708.963555574 0.053483 8.417798 -0.861177 -0.40176191 -0.69965650 -0.30706011 0.50475958
1403636709.013555527 0.032318 8.451067 -0.867365 -0.40194312 -0.69755765 -0.30889093 0.50640048
1403636709.063555717 0.011281 8.486593 -0.871897 -0.40120078 -0.69634112 -0.31282667 0.50624743
1403636709.113555431 -0.009302 8.518804 -0.875475 -0.40234323 -0.69501769 -0.31381288 0.50654892
1403636709.163555622 -0.031241 8.550959 -0.877060 -0.40336328 -0.69510566 -0.31524063 0.50472719
1403636709.213555574 -0.051954 8.577616 -0.877510 -0.40592164 -0.69580242 -0.31408710 0.50243001
1403636709.263555765 -0.074625 8.605168 -0.876577 -0.40706676 -0.69763923 -0.31427294 0.49882730
1403636709.313555479 -0.098387 8.630981 -0.876277 -0.40893776 -0.69908066 -0.31280529 0.49619451
1403636709.363555670 -0.122275 8.656659 -0.874683 -0.41040470 -0.70048338 -0.31142636 0.49386703
1403636709.413555622 -0.145681 8.676974 -0.873544 -0.41011970 -0.70167111 -0.31268397 0.49161796
1403636709.463555574 -0.170212 8.700481 -0.874441 -0.41092998 -0.70172811 -0.31178626 0.49143010
1403636709.513555527 -0.195709 8.725078 -0.872988 -0.41051447 -0.70292097 -0.31233619 0.48972042
1403636709.563555717 -0.222009 8.746810 -0.878373 -0.41088494 -0.70348721 -0.31159420 0.48906887
1403636709.613555431 -0.246919 8.764819 -0.884511 -0.41114683 -0.70434017 -0.31118713 0.48787886
1403636709.663555622 -0.269468 8.777027 -0.895824 -0.41104134 -0.70494686 -0.31070917 0.48739589
1403636709.713555574 -0.299232 8.797095 -0.902604 -0.41051520 -0.70565572 -0.31064185 0.48685616
1403636709.763555765 -0.328367 8.815329 -0.911449 -0.41055609 -0.70595768 -0.30903980 0.48740317
1403636709.813555479 -0.355274 8.832145 -0.918296 -0.40919170 -0.70643553 -0.30957084 0.48752117
1403636709.863555670 -0.385882 8.848572 -0.925608 -0.40924894 -0.70626816 -0.30830252 0.48851832
1403636709.913555622 -0.418396 8.866817 -0.930953 -0.40799361 -0.70669908 -0.30871049 0.48868748
1403636709.963555574 -0.450593 8.881799 -0.934778 -0.40693081 -0.70677749 -0.30873101 0.48944669
1403636710.013555527 -0.479318 8.892019 -0.920910 -0.40667754 -0.70709067 -0.30743638 0.49001941
1403636710.063555717 -0.494517 8.911516 -0.933119 -0.40571511 -0.70714464 -0.30683609 0.49111436
1403636710.113555431 -0.528187 8.926278 -0.933683 -0.40459863 -0.70719359 -0.30664172 0.49208538
1403636710.163555622 -0.549878 8.947513 -0.928199 -0.40305746 -0.70783179 -0.30604478 0.49280365
1403636710.213555574 -0.586695 8.951004 -0.927716 -0.40171744 -0.70796946 -0.30609092 0.49367063
1403636710.263555765 -0.621127 8.960983 -0.934561 -0.40152070 -0.70777870 -0.30404391 0.49536627
1403636710.313555479 -0.658640 8.983007 -0.939024 -0.40383622 -0.70572304 -0.29859638 0.49971141
1403636710.363555670 -0.701640 8.985673 -0.930217 -0.40606481 -0.70448591 -0.29157125 0.50378287
1403636710.413555622 -0.738026 8.996215 -0.941379 -0.40714335 -0.70401535 -0.28430865 0.50770589
1403636710.463555574 -0.773210 9.004060 -0.953403 -0.40694298 -0.70455362 -0.27682955 0.51124066
1403636710.513555527 -0.809967 9.010068 -0.967868 -0.40506039 -0.70558545 -0.26958333 0.51516995
1403636710.563555717 -0.843916 9.017681 -0.981505 -0.40234205 -0.70715093 -0.26362475 0.51822817
1403636710.613555431 -0.878013 9.026461 -0.995850 -0.39866839 -0.70877527 -0.25903330 0.52115533
1403636710.663555622 -0.909973 9.034296 -1.010948 -0.39351510 -0.71127557 -0.25453306 0.52387580
1403636710.713555574 -0.939258 9.035528 -1.029140 -0.38675509 -0.71404128 -0.25193611 0.52639695
1403636710.763555765 -0.969550 9.039725 -1.044749 -0.37935531 -0.71727286 -0.24859808 0.52896899
1403636710.813555479 -0.998831 9.051757 -1.057306 -0.36898775 -0.72195610 -0.24863910 0.52991134
1403636710.863555670 -1.026265 9.058848 -1.068180 -0.35853789 -0.72745918 -0.24740659 0.53013556
1403636710.913555622 -1.052775 9.070049 -1.077346 -0.34848784 -0.73280312 -0.24561151 0.53031199
1403636710.963555574 -1.077483 9.079389 -1.085221 -0.33894693 -0.73704568 -0.24455598 0.53110357
1403636711.013555527 -1.103093 9.088554 -1.091504 -0.32917635 -0.74249463 -0.24511491 0.52939904
1403636711.063555717 -1.128778 9.094257 -1.095731 -0.32294764 -0.74517334 -0.24314286 0.53038012
1403636711.113555431 -1.154821 9.103341 -1.098070 -0.31637223 -0.74791945 -0.24339989 0.53035989
1403636711.163555622 -1.183358 9.107816 -1.095560 -0.31167138 -0.74917060 -0.24327727 0.53143253
1403636711.213555574 -1.209366 9.111048 -1.097135 -0.30822057 -0.75026715 -0.24288013 0.53207944
1403636711.263555765 -1.239403 9.112810 -1.101114 -0.30587609 -0.75091962 -0.24226736 0.53279082
1403636711.313555479 -1.261635 9.123551 -1.099477 -0.30557439 -0.75028159 -0.23932620 0.53518669
1403636711.363555670 -1.303189 9.116771 -1.101494 -0.30579785 -0.74949363 -0.23724775 0.53708517
1403636711.413555622 -1.334954 9.127591 -1.099914 -0.30582798 -0.74659457 -0.23583569 0.54170778
1403636711.463555574 -1.368814 9.123140 -1.103289 -0.30533055 -0.74236302 -0.23615535 0.54763222
1403636711.513555527 -1.396283 9.121097 -1.101123 -0.30477050 -0.73832297 -0.23752945 0.55278738
1403636711.563555717 -1.419831 9.118809 -1.099155 -0.30326328 -0.73548499 -0.24109177 0.55584888
1403636711.613555431 -1.450513 9.120931 -1.102412 -0.30241559 -0.73413990 -0.24404715 0.55679835
1403636711.663555622 -1.476405 9.114427 -1.099395 -0.30206120 -0.73341177 -0.24642954 0.55690096
1403636711.713555574 -1.502993 9.106829 -1.097739 -0.30203132 -0.73415690 -0.24880677 0.55487468
1403636711.763555765 -1.527709 9.096404 -1.094237 -0.30325974 -0.73425393 -0.24911216 0.55393846
1403636711.813555479 -1.552369 9.083212 -1.092579 -0.30591727 -0.73485843 -0.24733135 0.55247164
1403636711.863555670 -1.576020 9.069053 -1.089012 -0.30980605 -0.73592450 -0.24336985 0.55064187
1403636711.913555622 -1.599750 9.052658 -1.087890 -0.31462199 -0.73680596 -0.23810808 0.54903053
1403636711.963555574 -1.622127 9.035767 -1.082668 -0.31945578 -0.73757836 -0.23261979 0.54755292
1403636712.013555527 -1.643545 9.017905 -1.076374 -0.32429175 -0.73754170 -0.22698390 0.54712468
1403636712.063555717 -1.664110 8.999759 -1.068682 -0.32837849 -0.73719668 -0.22199634 0.54719855
1403636712.113555431 -1.684972 8.983509 -1.063046 -0.33061188 -0.73639573 -0.21929641 0.54802025
1403636712.163555622 -1.702966 8.965897 -1.053358 -0.33088049 -0.73586679 -0.21832183 0.54895696
1403636712.213555574 -1.717637 8.944364 -1.035700 -0.32563468 -0.73789019 -0.22064541 0.54844847
1403636712.263555765 -1.762796 8.920135 -1.027160 -0.31855643 -0.74070449 -0.22342333 0.54768667
1403636712.313555479 -1.777928 8.901199 -1.013750 -0.30995589 -0.74329184 -0.22512316 0.54841968
1403636712.363555670 -1.792209 8.881091 -1.000229 -0.30118831 -0.74651358 -0.22576585 0.54866460
1403636712.413555622 -1.807191 8.860927 -0.983471 -0.29386190 -0.74859490 -0.22552304 0.54990019
1403636712.463555574 -1.809813 8.845260 -0.969490 -0.28674536 -0.75032563 -0.22452985 0.55170181
1403636712.513555527 -1.820414 8.825046 -0.951549 -0.28073532 -0.75184540 -0.22307177 0.55331290
1403636712.563555717 -1.822167 8.794937 -0.954614 -0.27538191 -0.75272940 -0.22082648 0.55569679
1403636712.613555431 -1.834368 8.768379 -0.937808 -0.27120040 -0.75250152 -0.21779786 0.55924583
1403636712.663555622 -1.846726 8.741089 -0.922597 -0.26826271 -0.75134421 -0.21409405 0.56363174
1403636712.713555574 -1.841369 8.709563 -0.910933 -0.26501949 -0.75048300 -0.21056642 0.56762815
1403636712.763555765 -1.849399 8.674438 -0.897495 -0.26246340 -0.75033605 -0.20800463 0.56994986
1403636712.813555479 -1.856522 8.643077 -0.886975 -0.26124738 -0.75126709 -0.20523743 0.57028516
1403636712.863555670 -1.863732 8.610568 -0.882250 -0.26007707 -0.75330574 -0.20310797 0.56889150
1403636712.913555622 -1.869427 8.577008 -0.874331 -0.25966040 -0.75505607 -0.20142700 0.56735701
1403636712.963555574 -1.867147 8.540286 -0.869441 -0.25927812 -0.75715083 -0.20059803 0.56502912
1403636713.013555527 -1.858173 8.500879 -0.864371 -0.25799343 -0.75840824 -0.20176888 0.56351189
1403636713.063555717 -1.858148 8.463948 -0.857188 -0.25836628 -0.75804660 -0.20043929 0.56430161
1403636713.113555431 -1.855663 8.426774 -0.848662 -0.25859681 -0.75788645 -0.19812196 0.56522872
1403636713.163555622 -1.854994 8.387584 -0.839252 -0.25881018 -0.75878660 -0.19644927 0.56450674
1403636713.213555574 -1.852704 8.348526 -0.826638 -0.25962170 -0.75951091 -0.19485018 0.56371372
1403636713.263555765 -1.850501 8.308088 -0.812976 -0.26028180 -0.76095441 -0.19349534 0.56192644
1403636713.313555479 -1.847411 8.265903 -0.796057 -0.26025297 -0.76173713 -0.19365167 0.56082436
1403636713.363555670 -1.844645 8.224974 -0.778369 -0.26093508 -0.76288624 -0.19299460 0.55916952
1403636713.413555622 -1.837017 8.186578 -0.756386 -0.26252919 -0.76269442 -0.19098240 0.55937587
1403636713.463555574 -1.833778 8.145933 -0.735787 -0.26381251 -0.76282519 -0.18981429 0.55899125
1403636713.513555527 -1.827935 8.105751 -0.711436 -0.26555632 -0.76284707 -0.18788397 0.55878779
1403636713.563555717 -1.823090 8.064279 -0.690511 -0.26749008 -0.76228466 -0.18600822 0.55926031
1403636713.613555431 -1.813874 8.025837 -0.670856 -0.27059393 -0.76273649 -0.18299398 0.55814441
1403636713.663555622 -1.807104 7.984929 -0.652804 -0.27315108 -0.76293233 -0.18067169 0.55738720
1403636713.713555574 -1.797933 7.946288 -0.636049 -0.27582270 -0.76287897 -0.17824523 0.55692563
1403636713.763555765 -1.789910 7.906375 -0.621273 -0.27849822 -0.76264729 -0.17635150 0.55651415
1403636713.813555479 -1.778607 7.870731 -0.604885 -0.28028971 -0.76261482 -0.17482724 0.55614005
1403636713.863555670 -1.768380 7.833018 -0.592216 -0.28121607 -0.76240802 -0.17540292 0.55577455
1403636713.913555622 -1.755768 7.796766 -0.580578 -0.28097897 -0.76276692 -0.17751753 0.55472964
1403636713.963555574 -1.741559 7.761121 -0.569788 -0.28057214 -0.76321220 -0.17978717 0.55359099
1403636714.013555527 -1.722778 7.730387 -0.556494 -0.28073777 -0.76369393 -0.18136616 0.55232618
1403636714.063555717 -1.707533 7.695963 -0.548233 -0.27874057 -0.76384375 -0.18648694 0.55142456
1403636714.113555431 -1.691117 7.664294 -0.539900 -0.27921685 -0.76381948 -0.18775630 0.55078609
1403636714.163555622 -1.675400 7.630486 -0.534351 -0.27939967 -0.76380383 -0.18971813 0.55004234
1403636714.213555574 -1.660789 7.600641 -0.527359 -0.28009760 -0.76263450 -0.19051391 0.55103394
1403636714.263555765 -1.645274 7.567323 -0.523162 -0.28205121 -0.76129877 -0.18932134 0.55229407
1403636714.313555479 -1.628168 7.537722 -0.519651 -0.28414827 -0.76045517 -0.18810173 0.55279782
1403636714.363555670 -1.611402 7.505361 -0.517443 -0.28554915 -0.76058428 -0.18785191 0.55198269
1403636714.413555622 -1.593181 7.473706 -0.519258 -0.28663385 -0.76257368 -0.18770216 0.54871698
1403636714.463555574 -1.560523 7.446319 -0.522605 -0.28707725 -0.76524788 -0.18567128 0.54544340
1403636714.513555527 -1.546533 7.392932 -0.519261 -0.28628127 -0.76791195 -0.18359205 0.54281510
1403636714.563555717 -1.527317 7.364209 -0.521989 -0.28447689 -0.77101668 -0.17925321 0.54080908
1403636714.613555431 -1.482697 7.315218 -0.505692 -0.28245975 -0.77436657 -0.17552951 0.53829573
1403636714.663555622 -1.466902 7.288454 -0.508864 -0.27644100 -0.77783478 -0.17190943 0.53758775
1403636714.713555574 -1.447835 7.265731 -0.511274 -0.26906320 -0.78149528 -0.16692235 0.53759376
1403636714.763555765 -1.428037 7.238607 -0.507344 -0.25974058 -0.78538689 -0.16218869 0.53795640
1403636714.813555479 -1.413234 7.216211 -0.503656 -0.24846463 -0.78903263 -0.15829677 0.53910571
1403636714.863555670 -1.396313 7.193557 -0.499700 -0.23629768 -0.79221583 -0.15422326 0.54108472
1403636714.913555622 -1.386157 7.170512 -0.485201 -0.22448165 -0.79599483 -0.14900284 0.54203171
1403636714.963555574 -1.376935 7.153655 -0.481016 -0.21303055 -0.79954602 -0.14226932 0.54323437
1403636715.013555527 -1.364873 7.133304 -0.472126 -0.20282804 -0.80254735 -0.13695128 0.54407986
1403636715.063555717 -1.353098 7.112042 -0.460403 -0.19363220 -0.80526237 -0.13194044 0.54465660
1403636715.113555431 -1.342282 7.092685 -0.446111 -0.18514262 -0.80798394 -0.12877687 0.54433509
1403636715.163555622 -1.331467 7.072552 -0.431062 -0.17919865 -0.80960604 -0.12432802 0.54494811
1403636715.213555574 -1.322640 7.054985 -0.415145 -0.17391439 -0.81093277 -0.12193977 0.54522703
1403636715.263555765 -1.313727 7.036270 -0.401189 -0.17026983 -0.81104502 -0.11884513 0.54689121
1403636715.313555479 -1.305933 7.019020 -0.389305 -0.16818143 -0.81030942 -0.11566121 0.54930514
1403636715.363555670 -1.298854 7.001648 -0.378946 -0.16621717 -0.80978885 -0.11371617 0.55107396
1403636715.413555622 -1.293152 6.986989 -0.369105 -0.16678620 -0.80756201 -0.10989683 0.55493122
1403636715.463555574 -1.287406 6.971130 -0.362695 -0.16756822 -0.80537807 -0.10688367 0.55844689
1403636715.513555527 -1.274918 6.959393 -0.362885 -0.17043393 -0.80264886 -0.10152504 0.56249422
1403636715.563555717 -1.268620 6.945027 -0.360896 -0.17460206 -0.80027492 -0.09511052 0.56571031
1403636715.613555431 -1.263506 6.928337 -0.367061 -0.17588585 -0.79958637 -0.09283821 0.56666293
1403636715.663555622 -1.256441 6.916435 -0.367708 -0.17529662 -0.79720852 -0.09465522 0.56988600
1403636715.713555574 -1.252979 6.909828 -0.363230 -0.17263366 -0.79415156 -0.09988900 0.57405845
1403636715.763555765 -1.244573 6.900549 -0.364530 -0.16989170 -0.79161763 -0.10548076 0.57736657
1403636715.813555479 -1.236539 6.894551 -0.363806 -0.16781136 -0.78923291 -0.11057120 0.58027990
1403636715.863555670 -1.228437 6.887233 -0.362621 -0.16634418 -0.78673186 -0.11399411 0.58342775
1403636715.913555622 -1.227241 6.880182 -0.363542 -0.16494946 -0.78477789 -0.11885513 0.58548169
1403636715.963555574 -1.216321 6.870485 -0.358365 -0.16517840 -0.78307026 -0.12087021 0.58728823
1403636716.013555527 -1.203359 6.860501 -0.353033 -0.16563853 -0.78214345 -0.12201889 0.58815550
1403636716.063555717 -1.190177 6.849653 -0.346358 -0.16678010 -0.78230414 -0.12287086 0.58744139
1403636716.113555431 -1.174652 6.838257 -0.338282 -0.16915512 -0.78267847 -0.12167205 0.58651246
1403636716.163555622 -1.158920 6.826097 -0.329223 -0.17177017 -0.78525698 -0.12057247 0.58251932
1403636716.213555574 -1.145840 6.812225 -0.319620 -0.17530627 -0.78848600 -0.11855296 0.57749696
1403636716.263555765 -1.128099 6.799340 -0.309296 -0.17743771 -0.79045230 -0.11894287 0.57406761
1403636716.313555479 -1.109510 6.785457 -0.301476 -0.17953914 -0.79220942 -0.11894914 0.57098251
1403636716.363555670 -1.090768 6.772742 -0.294043 -0.18151594 -0.79330084 -0.11920830 0.56878390
1403636716.413555622 -1.073929 6.766521 -0.286867 -0.18296139 -0.79339678 -0.11973084 0.56807676
1403636716.463555574 -1.054586 6.754089 -0.283339 -0.18388846 -0.79382252 -0.12069420 0.56697773
1403636716.513555527 -1.034398 6.742773 -0.281374 -0.18480811 -0.79327219 -0.12171576 0.56723052
1403636716.563555717 -1.013352 6.732640 -0.282086 -0.18330640 -0.79315830 -0.12346139 0.56749975
1403636716.613555431 -0.992095 6.721740 -0.283240 -0.18132344 -0.79366534 -0.12349015 0.56742165
1403636716.663555622 -0.973031 6.709676 -0.284982 -0.17818793 -0.79407074 -0.12206498 0.56815566
1403636716.713555574 -0.951968 6.699019 -0.287547 -0.17409720 -0.79487730 -0.11979294 0.56877930
1403636716.763555765 -0.932634 6.687162 -0.293116 -0.16975120 -0.79547093 -0.11640672 0.56996492
1403636716.813555479 -0.913948 6.679824 -0.304375 -0.16406520 -0.79681493 -0.11199980 0.57063528
1403636716.863555670 -0.890950 6.669237 -0.315857 -0.15781959 -0.79830254 -0.10676852 0.57131997
1403636716.913555622 -0.872866 6.656689 -0.319262 -0.15002337 -0.79992387 -0.10070584 0.57225268
1403636716.963555574 -0.854002 6.631530 -0.324953 -0.14079880 -0.80232572 -0.09455696 0.57228325
1403636717.013555527 -0.829304 6.616649 -0.324041 -0.13134906 -0.80366244 -0.08822276 0.57366440
1403636717.063555717 -0.806130 6.612866 -0.330232 -0.12029872 -0.80549827 -0.08108458 0.57456597
1403636717.113555431 -0.775397 6.601554 -0.338519 -0.11024458 -0.80681969 -0.07477202 0.57558429
1403636717.163555622 -0.757743 6.588932 -0.336243 -0.10163023 -0.80810243 -0.07049638 0.57590973
1403636717.213555574 -0.736379 6.586498 -0.324424 -0.09367347 -0.80917766 -0.06650331 0.57622401
1403636717.263555765 -0.709196 6.583687 -0.323181 -0.08621555 -0.81006680 -0.06481587 0.57633112
1403636717.313555479 -0.689201 6.572056 -0.318977 -0.07860712 -0.81126336 -0.06593108 0.57560905
1403636717.363555670 -0.667646 6.559545 -0.313352 -0.07091410 -0.81171957 -0.06900647 0.57560459
1403636717.413555622 -0.646305 6.546058 -0.308296 -0.06487472 -0.81207506 -0.07144796 0.57551764
1403636717.463555574 -0.625010 6.531655 -0.304431 -0.06059980 -0.81216982 -0.07269076 0.57569427
1403636717.513555527 -0.603346 6.515740 -0.302633 -0.05892460 -0.81245379 -0.07206933 0.57554560
1403636717.563555717 -0.583278 6.498888 -0.301992 -0.05920328 -0.81216699 -0.06943833 0.57624481
1403636717.613555431 -0.561166 6.483288 -0.303282 -0.06066546 -0.81228370 -0.06598752 0.57633370
1403636717.663555622 -0.540803 6.464690 -0.306806 -0.06157067 -0.81180608 -0.06454386 0.57707367
1403636717.713555574 -0.521104 6.445435 -0.310876 -0.06246715 -0.81129340 -0.06336965 0.57782796
1403636717.763555765 -0.503672 6.425552 -0.314970 -0.06005876 -0.81196134 -0.06542810 0.57691498
1403636717.813555479 -0.480283 6.401132 -0.319624 -0.05775469 -0.81235686 -0.06511097 0.57662924
1403636717.863555670 -0.463922 6.376294 -0.321987 -0.05336560 -0.81298983 -0.06456118 0.57622175
1403636717.913555622 -0.446538 6.352864 -0.324987 -0.04829457 -0.81362922 -0.06277405 0.57596402
1403636717.963555574 -0.421338 6.327034 -0.325645 -0.04219879 -0.81385209 -0.06043574 0.57637797
1403636718.013555527 -0.399469 6.300154 -0.325041 -0.03551166 -0.81411761 -0.05613471 0.57688849
1403636718.063555717 -0.388384 6.272207 -0.322504 -0.02915971 -0.81468929 -0.05048328 0.57695971
1403636718.113555431 -0.370359 6.243111 -0.317808 -0.02326955 -0.81477848 -0.04151642 0.57781567
1403636718.163555622 -0.352493 6.211289 -0.313876 -0.01751278 -0.81530163 -0.03231553 0.57786872
1403636718.213555574 -0.330198 6.180537 -0.310965 -0.01225021 -0.81550201 -0.02390538 0.57813056
1403636718.263555765 -0.311900 6.147816 -0.310461 -0.00761353 -0.81599508 -0.01675269 0.57776588
1403636718.313555479 -0.290887 6.109744 -0.321010 -0.00367050 -0.81629593 -0.01014064 0.57753324
1403636718.363555670 -0.274210 6.087168 -0.328460 0.00130318 -0.81620796 -0.00386321 0.57774384
1403636718.413555622 -0.231265 6.055895 -0.327867 0.00656449 -0.81642922 0.00343080 0.57739802
1403636718.463555574 -0.211393 6.021707 -0.333681 0.01125635 -0.81651337 0.01108180 0.57711039
1403636718.513555527 -0.191470 5.987478 -0.340798 0.01710636 -0.81617184 0.01769266 0.57728491
1403636718.563555717 -0.200737 5.953494 -0.348999 0.02059573 -0.81620685 0.02459759 0.57686841
1403636718.613555431 -0.194052 5.922627 -0.358965 0.02369480 -0.81649304 0.03139004 0.57601418
1403636718.663555622 -0.178648 5.890585 -0.369351 0.02504035 -0.81664590 0.03946203 0.57524360
1403636718.713555574 -0.160189 5.862509 -0.381053 0.02723389 -0.81714554 0.04594415 0.57395175
1403636718.763555765 -0.154537 5.827811 -0.398418 0.02993261 -0.81668084 0.04932050 0.57419851
1403636718.813555479 -0.145611 5.802769 -0.410599 0.03472325 -0.81694794 0.04856710 0.57361276
1403636718.863555670 -0.130188 5.775604 -0.422135 0.04060843 -0.81664942 0.04554925 0.57389890
1403636718.913555622 -0.121282 5.752313 -0.431347 0.04511012 -0.81632035 0.04257938 0.57425879
1403636718.963555574 -0.105635 5.726730 -0.439817 0.04953757 -0.81553925 0.03944386 0.57522687
1403636719.013555527 -0.091712 5.705758 -0.446570 0.05253358 -0.81497507 0.03762747 0.57588196
1403636719.063555717 -0.077291 5.680878 -0.449916 0.05435427 -0.81365961 0.03683488 0.57762171
1403636719.113555431 -0.061728 5.656232 -0.450826 0.05570073 -0.81213162 0.03616967 0.57968217
1403636719.163555622 -0.055348 5.626872 -0.459842 0.05567144 -0.81003688 0.03632330 0.58259897
1403636719.213555574 -0.041619 5.601815 -0.458735 0.05511316 -0.80811208 0.03677569 0.58529049
1403636719.263555765 -0.027657 5.577040 -0.457851 0.05449086 -0.80616142 0.03691318 0.58802374
1403636719.313555479 -0.013758 5.552315 -0.460087 0.05221469 -0.80479237 0.03906124 0.58996363
1403636719.363555670 0.001912 5.527482 -0.462066 0.05125318 -0.80340376 0.03922662 0.59192633
1403636719.413555622 0.018803 5.503504 -0.468502 0.05002372 -0.80254309 0.03977409 0.59316122
1403636719.463555574 0.036314 5.479355 -0.474034 0.04846391 -0.80214911 0.04046208 0.59377678
1403636719.513555527 0.054300 5.455772 -0.481586 0.04707219 -0.80231284 0.04076229 0.59364699
1403636719.563555717 0.073482 5.432556 -0.489972 0.04601819 -0.80407161 0.04040246 0.59137029
1403636719.613555431 0.090399 5.408871 -0.500107 0.04400953 -0.80587822 0.04139833 0.58899035
1403636719.663555622 0.110296 5.386326 -0.505918 0.04326536 -0.80803690 0.04011109 0.58617026
1403636719.713555574 0.130041 5.363712 -0.511245 0.04185186 -0.81016961 0.03934939 0.58337402
1403636719.763555765 0.151102 5.341874 -0.512676 0.04023790 -0.81163107 0.03863615 0.58150079
1403636719.813555479 0.170778 5.319512 -0.511090 0.03864165 -0.81298374 0.03784959 0.57976863
1403636719.863555670 0.187975 5.299219 -0.511017 0.03704661 -0.81342472 0.03708178 0.57930364
1403636719.913555622 0.207504 5.278139 -0.509582 0.03544133 -0.81384666 0.03669200 0.57883609
1403636719.963555574 0.228226 5.258038 -0.506000 0.03415765 -0.81489617 0.03626813 0.57746178
1403636720.013555527 0.246505 5.240517 -0.504441 0.03346763 -0.81525003 0.03496387 0.57708303
1403636720.063555717 0.266487 5.221603 -0.503328 0.03268539 -0.81556507 0.03499293 0.57668083
1403636720.113555431 0.267310 5.196780 -0.517269 0.03262012 -0.81598718 0.03402622 0.57614500
1403636720.163555622 0.284370 5.178533 -0.523308 0.03248103 -0.81680230 0.03361246 0.57502104
1403636720.213555574 0.300553 5.161690 -0.527095 0.03170418 -0.81681785 0.03436504 0.57499781
1403636720.263555765 0.316317 5.144272 -0.535875 0.03165663 -0.81670171 0.03446725 0.57515927
1403636720.313555479 0.332736 5.128413 -0.545253 0.03126503 -0.81668181 0.03507429 0.57517224
1403636720.363555670 0.349778 5.112181 -0.552768 0.03165004 -0.81667594 0.03513326 0.57515592
1403636720.413555622 0.373627 5.106135 -0.567475 0.03189398 -0.81641582 0.03615143 0.57544857
1403636720.463555574 0.390715 5.091382 -0.575824 0.03181516 -0.81678911 0.03725415 0.57485256
1403636720.513555527 0.404938 5.078614 -0.574563 0.03198213 -0.81711150 0.03806912 0.57433151
1403636720.563555717 0.421584 5.065153 -0.579613 0.03216565 -0.81700561 0.03921040 0.57439512
1403636720.613555431 0.436679 5.052340 -0.583245 0.03340552 -0.81746010 0.03835384 0.57373516
1403636720.663555622 0.452691 5.039904 -0.584650 0.03372854 -0.81734900 0.03959242 0.57379041
1403636720.713555574 0.469066 5.028976 -0.585083 0.03355018 -0.81649607 0.03940031 0.57502710
1403636720.763555765 0.484779 5.018698 -0.583530 0.03179727 -0.81681500 0.03914258 0.57469126
1403636720.813555479 0.499309 5.008504 -0.579906 0.02933917 -0.81715103 0.03678570 0.57449998
1403636720.863555670 0.513835 4.999286 -0.576970 0.02633795 -0.81734745 0.03278650 0.57460813
1403636720.913555622 0.527805 4.991428 -0.575346 0.02121417 -0.81761540 0.02906864 0.57463904
1403636720.963555574 0.541879 4.983583 -0.575207 0.01574891 -0.81708705 0.02514446 0.57575036
1403636721.013555527 0.554811 4.975640 -0.579340 0.00941545 -0.81648767 0.02264661 0.57684172
1403636721.063555717 0.568678 4.968601 -0.582461 0.00318859 -0.81535347 0.01941917 0.57862894
1403636721.113555431 0.586252 4.959876 -0.586055 -0.00372650 -0.81477613 0.01551346 0.57955613
1403636721.163555622 0.592764 4.947238 -0.596375 -0.01051333 -0.81354449 0.01004021 0.58132093
1403636721.213555574 0.608224 4.942670 -0.601630 -0.01800347 -0.81272318 0.00553838 0.58234546
1403636721.263555765 0.622714 4.937646 -0.604932 -0.02478649 -0.81094809 0.00150710 0.58459093
1403636721.313555479 0.636598 4.933537 -0.606635 -0.03023808 -0.81083978 -0.00267361 0.58448042
1403636721.363555670 0.651692 4.929508 -0.606339 -0.03520154 -0.81055299 -0.00687451 0.58456603
1403636721.413555622 0.667655 4.937067 -0.606481 -0.03870695 -0.80991570 -0.01044082 0.58517460
1403636721.463555574 0.683651 4.933896 -0.603174 -0.04225861 -0.80989477 -0.01334100 0.58489887
1403636721.513555527 0.701219 4.931848 -0.599499 -0.04582022 -0.81031197 -0.01754721 0.58394102
1403636721.563555717 0.718348 4.929467 -0.596742 -0.05006339 -0.81054773 -0.02139629 0.58313655
1403636721.613555431 0.737292 4.931449 -0.597561 -0.05362920 -0.81102266 -0.02601801 0.58197012
1403636721.663555622 0.754291 4.931917 -0.596064 -0.05685401 -0.81161161 -0.02930827 0.58068515
1403636721.713555574 0.771375 4.930824 -0.597198 -0.05889289 -0.81105302 -0.03274653 0.58107856
1403636721.763555765 0.789255 4.929013 -0.600434 -0.06019294 -0.81137019 -0.03611172 0.58030265
1403636721.813555479 0.808439 4.926973 -0.603269 -0.06169910 -0.81111928 -0.03746378 0.58040951
1403636721.863555670 0.829943 4.922746 -0.609042 -0.06344305 -0.81054318 -0.03802253 0.58098969
1403636721.913555622 0.846121 4.922366 -0.615248 -0.06345523 -0.81056843 -0.03864689 0.58091193
1403636721.963555574 0.864448 4.920112 -0.622476 -0.06173458 -0.81057965 -0.04131183 0.58089827
1403636722.013555527 0.880623 4.917045 -0.626939 -0.05957284 -0.81079137 -0.04430711 0.58060771
1403636722.063555717 0.898633 4.914067 -0.631453 -0.05742026 -0.81097009 -0.04639881 0.58041155
1403636722.113555431 0.915274 4.911444 -0.632850 -0.05642445 -0.81120033 -0.04638131 0.58018883
1403636722.163555622 0.933442 4.907329 -0.633864 -0.05684028 -0.81150733 -0.04447625 0.57986800
1403636722.213555574 0.949016 4.903355 -0.630423 -0.05683901 -0.81171811 -0.04288853 0.57969268
1403636722.263555765 0.966480 4.897406 -0.628021 -0.05714068 -0.81206283 -0.04085700 0.57932686
1403636722.313555479 0.982568 4.892091 -0.624584 -0.05735283 -0.81188747 -0.03878167 0.57969421
1403636722.363555670 1.000574 4.886650 -0.623936 -0.05772721 -0.81215479 -0.03800680 0.57933379
1403636722.413555622 1.016128 4.881056 -0.622154 -0.05864394 -0.81230271 -0.03918454 0.57895575
1403636722.463555574 1.036230 4.876877 -0.622770 -0.06054017 -0.81188776 -0.04063165 0.57924280
1403636722.513555527 1.051378 4.867549 -0.614446 -0.06286836 -0.81161468 -0.04188901 0.57928791
1403636722.563555717 1.069711 4.862071 -0.618158 -0.06481531 -0.81163188 -0.04318654 0.57895388
1403636722.613555431 1.086234 4.856014 -0.621247 -0.06536760 -0.81168261 -0.04568708 0.57862864
1403636722.663555622 1.104454 4.850221 -0.626267 -0.06644617 -0.81188294 -0.04719447 0.57810352
1403636722.713555574 1.120811 4.843499 -0.630367 -0.06702264 -0.81153054 -0.04883468 0.57839548
1403636722.763555765 1.130277 4.839935 -0.643282 -0.06725460 -0.81198153 -0.05084874 0.57756145
1403636722.813555479 1.144624 4.831844 -0.646022 -0.06729084 -0.81248149 -0.05214669 0.57673780
1403636722.863555670 1.162383 4.824394 -0.648556 -0.06727561 -0.81243467 -0.05338840 0.57669192
1403636722.913555622 1.176931 4.815788 -0.649022 -0.06829038 -0.81254454 -0.05268175 0.57648281
1403636722.963555574 1.194565 4.807190 -0.649190 -0.06908270 -0.81279894 -0.05170418 0.57611817
1403636723.013555527 1.206064 4.792236 -0.642217 -0.07026404 -0.81245772 -0.05012298 0.57659614
1403636723.063555717 1.223129 4.782718 -0.639750 -0.07149611 -0.81192475 -0.04827752 0.57735240
1403636723.113555431 1.240159 4.773213 -0.637463 -0.07206408 -0.81171285 -0.04737644 0.57765430
1403636723.163555622 1.256692 4.763806 -0.635853 -0.07234086 -0.81169368 -0.04736358 0.57764770
1403636723.213555574 1.264245 4.756398 -0.627685 -0.07281529 -0.81187031 -0.04712677 0.57735917
1403636723.263555765 1.279172 4.743576 -0.626751 -0.07229366 -0.81243975 -0.04830652 0.57652559
1403636723.313555479 1.296088 4.733326 -0.614494 -0.07129408 -0.81232247 -0.05052884 0.57662483
1403636723.363555670 1.312361 4.724148 -0.616956 -0.07226173 -0.81224694 -0.05241221 0.57644263
1403636723.413555622 1.325488 4.715910 -0.616417 -0.07374691 -0.81168399 -0.05660360 0.57665113
1403636723.463555574 1.342148 4.711840 -0.614311 -0.07587475 -0.81029277 -0.06181739 0.57779517
1403636723.513555527 1.357024 4.714966 -0.596790 -0.07890136 -0.80749748 -0.06431600 0.58102138
1403636723.563555717 1.368944 4.704772 -0.593225 -0.08458240 -0.80312390 -0.06610088 0.58606185
1403636723.613555431 1.384403 4.694363 -0.593088 -0.08977484 -0.79886553 -0.06776272 0.59089979
1403636723.663555622 1.400089 4.683824 -0.591539 -0.09429875 -0.79774902 -0.06950940 0.59150037
1403636723.713555574 1.442650 4.657350 -0.583662 -0.09728935 -0.79919334 -0.07149740 0.58882333
1403636723.763555765 1.461351 4.644115 -0.579961 -0.10123814 -0.80143364 -0.07312536 0.58489969
1403636723.813555479 1.474397 4.632653 -0.573179 -0.10557282 -0.80380896 -0.07324829 0.58084441
1403636723.863555670 1.497896 4.618769 -0.568866 -0.10860164 -0.80528901 -0.07393954 0.57814206
1403636723.913555622 1.514139 4.605431 -0.566224 -0.11168369 -0.80698724 -0.07407531 0.57516189
1403636723.963555574 1.533591 4.593234 -0.564415 -0.11455429 -0.80922346 -0.07421716 0.57142499
1403636724.013555527 1.551907 4.582818 -0.562820 -0.11754893 -0.81123405 -0.07579061 0.56774761
1403636724.063555717 1.568998 4.570960 -0.564452 -0.12178424 -0.81253062 -0.07801538 0.56469124
1403636724.113555431 1.585156 4.559855 -0.566743 -0.12698975 -0.81382332 -0.08141575 0.56119220
1403636724.163555622 1.622657 4.562416 -0.583130 -0.13152618 -0.81260202 -0.08588967 0.56125021
1403636724.213555574 1.638069 4.555146 -0.586141 -0.13860792 -0.81228023 -0.08941942 0.55945763
1403636724.263555765 1.656469 4.544949 -0.592413 -0.14574067 -0.81102004 -0.09491956 0.55856641
1403636724.313555479 1.669343 4.533143 -0.596173 -0.15257591 -0.80904463 -0.10146576 0.55845509
1403636724.363555670 1.686021 4.523398 -0.602629 -0.16000279 -0.80624690 -0.10770804 0.55925309
1403636724.413555622 1.703926 4.511334 -0.607845 -0.16711726 -0.80294792 -0.11429405 0.56060978
1403636724.463555574 1.718204 4.500715 -0.610972 -0.17357354 -0.80045162 -0.11923766 0.56118786
1403636724.513555527 1.733153 4.490754 -0.611788 -0.17803852 -0.79770293 -0.12468832 0.56251680
1403636724.563555717 1.749250 4.479615 -0.612473 -0.18226144 -0.79534893 -0.12847102 0.56364532
1403636724.613555431 1.765322 4.470607 -0.603965 -0.18622126 -0.79395404 -0.13149122 0.56362105
1403636724.663555622 1.772423 4.451127 -0.593770 -0.18913941 -0.79292088 -0.13417164 0.56347203
1403636724.713555574 1.784151 4.439673 -0.586876 -0.19163517 -0.79247749 -0.13562205 0.56290501
1403636724.763555765 1.797577 4.427453 -0.579008 -0.19352187 -0.79230199 -0.13663764 0.56226061
1403636724.813555479 1.807812 4.415181 -0.568293 -0.19478312 -0.79259102 -0.13701448 0.56132526
1403636724.863555670 1.818011 4.403784 -0.554857 -0.19587357 -0.79302829 -0.13639109 0.56047939
1403636724.913555622 1.826353 4.391549 -0.540645 -0.19695385 -0.79337886 -0.13458249 0.56004171
1403636724.963555574 1.839066 4.377805 -0.527573 -0.19811752 -0.79356483 -0.13216418 0.55994369
1403636725.013555527 1.849060 4.365223 -0.510339 -0.19917569 -0.79349834 -0.12910398 0.56037629
1403636725.063555717 1.860155 4.352015 -0.491710 -0.19986230 -0.79315143 -0.12673647 0.56116284
1403636725.113555431 1.869771 4.340611 -0.470548 -0.20029097 -0.79337171 -0.12470362 0.56115405
1403636725.163555622 1.880484 4.328582 -0.450065 -0.20083086 -0.79386011 -0.12260196 0.56073331
1403636725.213555574 1.886276 4.316172 -0.429588 -0.19976180 -0.79401007 -0.12276866 0.56086638
1403636725.263555765 1.896950 4.305047 -0.410790 -0.19936087 -0.79432582 -0.12201771 0.56072580
1403636725.313555479 1.905576 4.296941 -0.392206 -0.19801320 -0.79500770 -0.12372275 0.55986267
1403636725.363555670 1.916393 4.287391 -0.376280 -0.19720103 -0.79528023 -0.12438561 0.55961534
1403636725.413555622 1.925381 4.279992 -0.360305 -0.19592625 -0.79536928 -0.12597371 0.55958131
1403636725.463555574 1.936020 4.271314 -0.347634 -0.19546023 -0.79550480 -0.12659752 0.55941084
1403636725.513555527 1.943838 4.264515 -0.333450 -0.19444642 -0.79577533 -0.12787839 0.55908795
1403636725.563555717 1.954552 4.256577 -0.324066 -0.19430590 -0.79634406 -0.12869885 0.55813794
1403636725.613555431 1.959483 4.248491 -0.312906 -0.19342554 -0.79642821 -0.12999746 0.55802270
1403636725.663555622 1.969298 4.240956 -0.306403 -0.19334603 -0.79546777 -0.13043839 0.55931580
1403636725.713555574 1.975079 4.233968 -0.299992 -0.19378526 -0.79528153 -0.13017600 0.55948975
1403636725.763555765 1.984184 4.226637 -0.296893 -0.19361991 -0.79558967 -0.13011549 0.55912285
1403636725.813555479 1.989533 4.221970 -0.293405 -0.19348601 -0.79547178 -0.13019176 0.55931915
1403636725.863555670 1.998163 4.215192 -0.293289 -0.19377411 -0.79624268 -0.12915753 0.55836146
1403636725.913555622 2.004233 4.209418 -0.294141 -0.19465247 -0.79606503 -0.12725255 0.55874652
1403636725.963555574 2.012105 4.203225 -0.296320 -0.19467467 -0.79637964 -0.12632051 0.55850191
1403636726.013555527 2.016840 4.197675 -0.298182 -0.19459521 -0.79589270 -0.12564824 0.55937468
1403636726.063555717 2.024002 4.192252 -0.302292 -0.19362162 -0.79593158 -0.12603612 0.55956991
1403636726.113555431 2.027962 4.187835 -0.305311 -0.19247247 -0.79591425 -0.12689773 0.55979623
1403636726.163555622 2.034510 4.183036 -0.311412 -0.19140956 -0.79503116 -0.12742257 0.56129433
1403636726.213555574 2.025483 4.186000 -0.306271 -0.19066459 -0.79487379 -0.12743122 0.56176859
1403636726.263555765 2.031231 4.181726 -0.313720 -0.18960176 -0.79500810 -0.12779474 0.56185568
1403636726.313555479 2.035957 4.178144 -0.318214 -0.18897443 -0.79493395 -0.12748955 0.56224113
1403636726.363555670 2.040781 4.174108 -0.322993 -0.18789355 -0.79439139 -0.12794753 0.56326527
1403636726.413555622 2.045174 4.168606 -0.324828 -0.18694810 -0.79424102 -0.12759876 0.56387070
1403636726.463555574 2.048224 4.164758 -0.324804 -0.18662855 -0.79385588 -0.12659908 0.56474357
1403636726.513555527 2.053662 4.158165 -0.322402 -0.18761141 -0.79332274 -0.12410119 0.56572068
1403636726.563555717 2.055803 4.154433 -0.318909 -0.19089433 -0.79182206 -0.11797876 0.56803010
1403636726.613555431 2.062218 4.149366 -0.315074 -0.19528093 -0.79021481 -0.11051496 0.57027393
1403636726.663555622 2.057811 4.170776 -0.298442 -0.19871767 -0.78784248 -0.10427763 0.57353439
1403636726.713555574 2.067249 4.171443 -0.287344 -0.19894904 -0.78768678 -0.10369566 0.57377350
1403636726.763555765 2.071776 4.172165 -0.277082 -0.19657147 -0.78767234 -0.10673891 0.57405466
1403636726.813555479 2.078985 4.168899 -0.264970 -0.19272696 -0.78836298 -0.11143941 0.57351668
1403636726.863555670 2.084576 4.170717 -0.250795 -0.18762525 -0.78923566 -0.11523475 0.57325806
1403636726.913555622 2.095091 4.165546 -0.228163 -0.18329328 -0.79017466 -0.11784502 0.57283517
1403636726.963555574 2.102097 4.166981 -0.211713 -0.17988722 -0.79099251 -0.11898432 0.57255058
1403636727.013555527 2.110731 4.165879 -0.193827 -0.17784699 -0.79116244 -0.11936450 0.57287395
1403636727.063555717 2.117835 4.167442 -0.175761 -0.17543451 -0.79155559 -0.12060864 0.57281414
1403636727.113555431 2.120661 4.160910 -0.155521 -0.17314140 -0.79218025 -0.12170414 0.57241647
1403636727.163555622 2.128666 4.161752 -0.139969 -0.17089067 -0.79320844 -0.12352631 0.57127751
1403636727.213555574 2.138375 4.155035 -0.125548 -0.16856366 -0.79397370 -0.12550528 0.57047391
1403636727.263555765 2.146296 4.154265 -0.113394 -0.16669594 -0.79474152 -0.12731112 0.56955269
1403636727.313555479 2.156343 4.147313 -0.102198 -0.16481912 -0.79537065 -0.12967433 0.56868688
1403636727.363555670 2.164166 4.144775 -0.092636 -0.16422275 -0.79657363 -0.13002429 0.56709348
1403636727.413555622 2.175134 4.138298 -0.083379 -0.16355719 -0.79669415 -0.13087701 0.56692035
1403636727.463555574 2.182589 4.134216 -0.075021 -0.16296479 -0.79675412 -0.13160793 0.56683746
1403636727.513555527 2.194100 4.123100 -0.066252 -0.16387583 -0.79551456 -0.13025263 0.56862602
1403636727.563555717 2.201234 4.116911 -0.056882 -0.16585566 -0.79428067 -0.12737358 0.57042623
1403636727.613555431 2.220874 4.094029 -0.034575 -0.16644503 -0.79310519 -0.12677278 0.57202174
1403636727.663555622 2.228549 4.085769 -0.022638 -0.16763221 -0.79280859 -0.12500223 0.57247569
1403636727.713555574 2.231200 4.070132 0.004505 -0.16757814 -0.79391643 -0.12556471 0.57083077
1403636727.763555765 2.237357 4.060990 0.020786 -0.16690161 -0.79437523 -0.12637733 0.57021102
1403636727.813555479 2.247340 4.050564 0.037116 -0.16580582 -0.79486475 -0.12749665 0.56959904
1403636727.863555670 2.253923 4.039869 0.056444 -0.16310490 -0.79575544 -0.13203668 0.56809892
1403636727.913555622 2.261846 4.025189 0.073822 -0.16054740 -0.79618284 -0.13588887 0.56731969
1403636727.963555574 2.268251 4.012441 0.091432 -0.15994181 -0.79627990 -0.13688934 0.56711397
1403636728.013555527 2.277125 3.996923 0.105736 -0.16094523 -0.79630008 -0.13578843 0.56706642
1403636728.063555717 2.283118 3.982189 0.119913 -0.16211753 -0.79615195 -0.13428082 0.56729943
1403636728.113555431 2.295767 3.967876 0.131640 -0.16421361 -0.79468975 -0.13156259 0.56937982
1403636728.163555622 2.263486 3.960396 0.104294 -0.16623114 -0.79346886 -0.13122870 0.57057287
1403636728.213555574 2.270526 3.942231 0.112975 -0.16721563 -0.79258411 -0.12988334 0.57182137
1403636728.263555765 2.284213 3.923264 0.124000 -0.16795090 -0.79194004 -0.12904691 0.57268696
1403636728.313555479 2.296298 3.902473 0.129172 -0.16913628 -0.79175781 -0.12783321 0.57286225
1403636728.363555670 2.307044 3.881790 0.135019 -0.16923174 -0.79198621 -0.12808495 0.57246197
1403636728.413555622 2.315272 3.860944 0.140172 -0.17171980 -0.79165698 -0.12436210 0.57299704
1403636728.463555574 2.334353 3.840394 0.141221 -0.17599171 -0.79054093 -0.11916448 0.57434466
1403636728.513555527 2.344157 3.822617 0.142215 -0.18030106 -0.78986189 -0.11310448 0.57516702
1403636728.563555717 2.383165 3.819366 0.147573 -0.18136289 -0.78987021 -0.10907023 0.57560077
1403636728.613555431 2.396797 3.801705 0.146558 -0.18114510 -0.78953421 -0.10635423 0.57663764
1403636728.663555622 2.410962 3.784448 0.145713 -0.17618896 -0.79099488 -0.10782469 0.57589789
1403636728.713555574 2.430825 3.776984 0.154253 -0.16898849 -0.79240723 -0.10905272 0.57588295
1403636728.763555765 2.446456 3.759855 0.155986 -0.16117174 -0.79409452 -0.10890967 0.57582658
1403636728.813555479 2.459296 3.742779 0.160831 -0.15230878 -0.79595490 -0.10832263 0.57578124
1403636728.863555670 2.470830 3.722622 0.168782 -0.14478098 -0.79728920 -0.10645308 0.57622577
1403636728.913555622 2.508824 3.711622 0.197329 -0.13695683 -0.79792598 -0.10444962 0.57762205
1403636728.963555574 2.524017 3.693606 0.204448 -0.13147356 -0.79826467 -0.10186920 0.57888762
1403636729.013555527 2.538125 3.672678 0.210986 -0.12646209 -0.79825307 -0.09952130 0.58042646
1403636729.063555717 2.553573 3.654077 0.215929 -0.12188964 -0.79794155 -0.09784362 0.58211582
1403636729.113555431 2.569246 3.632349 0.219508 -0.11813824 -0.79786121 -0.09572633 0.58335007
1403636729.163555622 2.585835 3.612847 0.221443 -0.11532670 -0.79854133 -0.09429644 0.58321495
1403636729.213555574 2.590503 3.589124 0.226245 -0.11382091 -0.80011305 -0.09202958 0.58171682
1403636729.263555765 2.607341 3.568371 0.225865 -0.11339879 -0.80087661 -0.08873207 0.58126069
1403636729.313555479 2.623169 3.548291 0.224744 -0.11230020 -0.80119611 -0.08793866 0.58115424
1403636729.363555670 2.640991 3.526636 0.223029 -0.11178541 -0.80119072 -0.08658990 0.58146336
1403636729.413555622 2.657360 3.505806 0.220358 -0.11098807 -0.80072107 -0.08653961 0.58226997
1403636729.463555574 2.676755 3.484460 0.221947 -0.11059483 -0.80072527 -0.08620294 0.58238894
1403636729.513555527 2.693677 3.462557 0.223552 -0.11034136 -0.80082859 -0.08567152 0.58237337
1403636729.563555717 2.714006 3.439265 0.226695 -0.11047690 -0.80115996 -0.08489670 0.58200526
1403636729.613555431 2.730308 3.417379 0.232008 -0.11046505 -0.80167116 -0.08464365 0.58134007
1403636729.663555622 2.751025 3.393660 0.238914 -0.11075539 -0.80199815 -0.08428909 0.58088515
1403636729.713555574 2.768191 3.373760 0.243427 -0.11145803 -0.80186746 -0.08298784 0.58111850
1403636729.763555765 2.788570 3.350173 0.251009 -0.11164383 -0.80304381 -0.08356077 0.57937370
1403636729.813555479 2.805311 3.324118 0.259001 -0.11239254 -0.80417332 -0.08318128 0.57771451
1403636729.863555670 2.825349 3.300185 0.264282 -0.11251560 -0.80585642 -0.08360256 0.57527931
1403636729.913555622 2.837627 3.274909 0.269610 -0.11403289 -0.80668255 -0.08183532 0.57407555
1403636729.963555574 2.856800 3.250827 0.269879 -0.11364790 -0.80774661 -0.08265819 0.57253575
1403636730.013555527 2.873231 3.226961 0.271927 -0.11460778 -0.80859420 -0.08169896 0.57128431
1403636730.063555717 2.892880 3.202101 0.272235 -0.11455329 -0.80914427 -0.08138811 0.57056031
1403636730.113555431 2.910919 3.180621 0.274945 -0.11411993 -0.80963875 -0.08092013 0.57001199
1403636730.163555622 2.927376 3.155744 0.274120 -0.11468619 -0.80948784 -0.08013266 0.57022388
1403636730.213555574 2.944563 3.132529 0.272127 -0.11412841 -0.81028041 -0.08070470 0.56912838
1403636730.263555765 2.963405 3.108384 0.268751 -0.11382007 -0.81034528 -0.08054639 0.56912020
1403636730.313555479 2.979817 3.086395 0.264941 -0.11473222 -0.80987770 -0.07867607 0.56986376
1403636730.363555670 2.998984 3.063447 0.260502 -0.11459776 -0.81023442 -0.07836629 0.56942626
1403636730.413555622 3.019495 3.040288 0.259446 -0.11392819 -0.81111194 -0.07884340 0.56824424
1403636730.463555574 3.023103 3.010820 0.261197 -0.11430998 -0.81324876 -0.07795696 0.56522774
1403636730.513555527 3.044085 2.991214 0.266947 -0.11387794 -0.81568081 -0.07834688 0.56174584
1403636730.563555717 3.059923 2.968337 0.278056 -0.11448363 -0.81816727 -0.07715130 0.55816082
1403636730.613555431 3.065546 2.941495 0.279717 -0.11521586 -0.81969687 -0.07646174 0.55585606
1403636730.663555622 3.076557 2.920617 0.284227 -0.11556352 -0.82051767 -0.07579289 0.55466320
1403636730.713555574 3.085044 2.900719 0.291629 -0.11553871 -0.82097728 -0.07542783 0.55403769
1403636730.763555765 3.091944 2.880957 0.302198 -0.11533024 -0.82167879 -0.07584051 0.55298384
1403636730.813555479 3.099267 2.861298 0.311979 -0.11496157 -0.82194819 -0.07573791 0.55267421
1403636730.863555670 3.103808 2.841940 0.318907 -0.11649039 -0.82216413 -0.07404477 0.55226217
1403636730.913555622 3.109694 2.822750 0.327783 -0.11882653 -0.82209280 -0.07111279 0.55225596
1403636730.963555574 3.113053 2.803568 0.334582 -0.12208716 -0.82087448 -0.06698534 0.55387072
1403636731.013555527 3.115674 2.788267 0.343149 -0.12546215 -0.81943873 -0.06293086 0.55571496
1403636731.063555717 3.118098 2.772136 0.350493 -0.12936206 -0.81561777 -0.05806044 0.56094750
1403636731.113555431 3.122813 2.757554 0.356461 -0.13172838 -0.81130497 -0.05595487 0.56683413
1403636731.163555622 3.125296 2.744480 0.362588 -0.13268827 -0.80817236 -0.05517078 0.57114573
1403636731.213555574 3.127481 2.735231 0.367746 -0.13168156 -0.80605802 -0.05743301 0.57413577
1403636731.263555765 3.130813 2.725229 0.371823 -0.12924275 -0.80446832 -0.06171096 0.57647099
1403636731.313555479 3.136461 2.716311 0.375993 -0.12646344 -0.80393254 -0.06665591 0.57728370
1403636731.363555670 3.140646 2.708001 0.377647 -0.12423955 -0.80396836 -0.07043779 0.57726764
1403636731.413555622 3.143898 2.702478 0.378037 -0.12164529 -0.80497021 -0.07469616 0.57588703
1403636731.463555574 3.148699 2.694981 0.377476 -0.12063227 -0.80456417 -0.07621271 0.57646854
1403636731.513555527 3.153570 2.689687 0.374093 -0.12177898 -0.80511235 -0.07485998 0.57563874
1403636731.563555717 3.159083 2.682484 0.371154 -0.12399525 -0.80498259 -0.07106672 0.57582786
1403636731.613555431 3.159657 2.681447 0.364981 -0.12598738 -0.80470352 -0.06838371 0.57611032
1403636731.663555622 3.165685 2.675797 0.360500 -0.12727055 -0.80452419 -0.06621187 0.57633239
1403636731.713555574 3.171132 2.673332 0.354286 -0.12710388 -0.80445295 -0.06700618 0.57637680
1403636731.763555765 3.178051 2.669603 0.348239 -0.12526474 -0.80488309 -0.06964630 0.57586573
1403636731.813555479 3.185651 2.667913 0.340022 -0.12405904 -0.80504909 -0.07121303 0.57570307
1403636731.863555670 3.193455 2.665234 0.332210 -0.12243150 -0.80538767 -0.07320850 0.57532752
1403636731.913555622 3.200228 2.664162 0.323846 -0.12098031 -0.80541445 -0.07427502 0.57546030
1403636731.963555574 3.209759 2.665835 0.313075 -0.12073125 -0.80499851 -0.07436478 0.57608267
1403636732.013555527 3.209614 2.670140 0.293468 -0.11997819 -0.80500028 -0.07486456 0.57617279
1403636732.063555717 3.217783 2.668726 0.282013 -0.11921115 -0.80426415 -0.07546944 0.57728004
1403636732.113555431 3.225513 2.668983 0.269489 -0.11929882 -0.80409694 -0.07494006 0.57756376
1403636732.163555622 3.234268 2.667851 0.255906 -0.11839867 -0.80419060 -0.07543993 0.57755350
1403636732.213555574 3.242794 2.668512 0.243866 -0.11761758 -0.80338611 -0.07606760 0.57874916
1403636732.263555765 3.252459 2.667456 0.232674 -0.11622241 -0.80295982 -0.07730596 0.57945809
1403636732.313555479 3.264727 2.668278 0.221756 -0.11651137 -0.80248580 -0.07611656 0.58021367
1403636732.363555670 3.276248 2.666558 0.213458 -0.11479285 -0.80301321 -0.07841002 0.57952072
1403636732.413555622 3.284670 2.664336 0.209133 -0.11184728 -0.80241084 -0.08254411 0.58035636
1403636732.463555574 3.296630 2.655910 0.209943 -0.10732891 -0.80155612 -0.08899167 0.58143682
1403636732.513555527 3.308436 2.654030 0.209586 -0.10189215 -0.80049336 -0.09636248 0.58270287
1403636732.563555717 3.322475 2.648628 0.210139 -0.09782226 -0.79915879 -0.10170204 0.58432245
1403636732.613555431 3.320237 2.639707 0.207868 -0.09434250 -0.79777615 -0.10591674 0.58603272
1403636732.663555622 3.334319 2.630232 0.210468 -0.09413546 -0.79627977 -0.10526394 0.58821472
1403636732.713555574 3.345324 2.624814 0.214988 -0.09639282 -0.79513072 -0.10169024 0.59002937
1403636732.763555765 3.360603 2.611843 0.220061 -0.09883004 -0.79479391 -0.09741041 0.59080156
1403636732.813555479 3.372405 2.603747 0.228650 -0.10144759 -0.79401854 -0.09281489 0.59213878
1403636732.863555670 3.388828 2.588854 0.235045 -0.10251446 -0.79393684 -0.09108802 0.59233272
1403636732.913555622 3.381963 2.594428 0.232710 -0.10416948 -0.79448182 -0.09046037 0.59140872
1403636732.963555574 3.399714 2.577820 0.236004 -0.10483945 -0.79575990 -0.08912986 0.58977177
1403636733.013555527 3.414873 2.562560 0.238621 -0.10505067 -0.79750661 -0.08815451 0.58751710
1403636733.063555717 3.441214 2.539186 0.234805 -0.10510093 -0.79907694 -0.08769672 0.58543926
1403636733.113555431 3.479205 2.522668 0.244289 -0.10537450 -0.80174611 -0.08621867 0.58194993
1403636733.163555622 3.497075 2.502268 0.250944 -0.10366393 -0.80196165 -0.08862084 0.58159922
1403636733.213555574 3.512772 2.481870 0.265086 -0.10337398 -0.80290582 -0.08827280 0.58039984
1403636733.263555765 3.531764 2.462004 0.274198 -0.10255236 -0.80339716 -0.08860713 0.57981445
1403636733.313555479 3.551668 2.438279 0.292121 -0.10356842 -0.80385665 -0.08663240 0.57929518
1403636733.363555670 3.571877 2.416901 0.302749 -0.10447343 -0.80510661 -0.08449272 0.57771068
1403636733.413555622 3.594618 2.396227 0.314907 -0.10518152 -0.80654509 -0.08229933 0.57588947
1403636733.463555574 3.611942 2.373836 0.327969 -0.10695606 -0.80741239 -0.07991986 0.57468117
1403636733.513555527 3.630100 2.356140 0.341811 -0.10683878 -0.80871351 -0.07893517 0.57300714
1403636733.563555717 3.648362 2.334303 0.355016 -0.10736914 -0.80952290 -0.07803513 0.57188728
1403636733.613555431 3.668023 2.310529 0.366770 -0.10658606 -0.81039599 -0.07841018 0.57074477
1403636733.663555622 3.684512 2.287022 0.376834 -0.10786409 -0.81097785 -0.07682216 0.56989352
1403636733.713555574 3.697518 2.260853 0.380332 -0.10764657 -0.81169991 -0.07690048 0.56889523
1403636733.763555765 3.715375 2.238784 0.387317 -0.10695160 -0.81191164 -0.07754104 0.56863717
1403636733.813555479 3.739281 2.212660 0.392431 -0.10739424 -0.81318732 -0.07661526 0.56685357
1403636733.863555670 3.758579 2.189564 0.397593 -0.10727200 -0.81358551 -0.07636679 0.56633864
1403636733.913555622 3.776736 2.167144 0.399872 -0.10605649 -0.81310967 -0.07798950 0.56702939
1403636733.963555574 3.793643 2.145064 0.401931 -0.10407282 -0.81202756 -0.08089827 0.56853810
1403636734.013555527 3.810223 2.122045 0.403214 -0.10317482 -0.81030752 -0.08228930 0.57095110
1403636734.063555717 3.826640 2.099550 0.403504 -0.10317185 -0.80878507 -0.08290987 0.57301678
1403636734.113555431 3.843594 2.076494 0.403271 -0.10449372 -0.80749922 -0.08208004 0.57470770
1403636734.163555622 3.855372 2.047953 0.399407 -0.10486624 -0.80708686 -0.08239730 0.57517350
1403636734.213555574 3.869207 2.024174 0.405561 -0.10546220 -0.80670591 -0.08087904 0.57581410
1403636734.263555765 3.880002 1.996590 0.411465 -0.10584468 -0.80634512 -0.07943736 0.57644962
1403636734.313555479 3.895730 1.972517 0.417194 -0.10667615 -0.80704894 -0.07767545 0.57555080
1403636734.363555670 3.906628 1.946459 0.425828 -0.10713697 -0.80785254 -0.07646731 0.57449864
1403636734.413555622 3.922851 1.921017 0.434893 -0.10777645 -0.80866171 -0.07457861 0.57348801
1403636734.463555574 3.926343 1.894520 0.444698 -0.10771655 -0.80992958 -0.07397266 0.57178603
1403636734.513555527 3.939777 1.869094 0.453241 -0.10767958 -0.81078803 -0.07312992 0.57068370
1403636734.563555717 3.973612 1.834971 0.466079 -0.10829524 -0.81159699 -0.07283783 0.56945335
1403636734.613555431 3.988802 1.811579 0.474903 -0.10825002 -0.81269456 -0.07191690 0.56801183
1403636734.663555622 3.999412 1.790760 0.485177 -0.10727031 -0.81391279 -0.07230519 0.56640182
1403636734.713555574 4.013360 1.766385 0.490242 -0.10636207 -0.81445730 -0.07237415 0.56578123
1403636734.763555765 4.024026 1.742431 0.495438 -0.10502668 -0.81436915 -0.07297668 0.56608011
1403636734.813555479 4.039621 1.722474 0.489880 -0.10500755 -0.81503330 -0.07225232 0.56522008
1403636734.863555670 4.052653 1.699576 0.489891 -0.10445076 -0.81510222 -0.07166341 0.56529883
1403636734.913555622 4.063604 1.678840 0.493778 -0.10391087 -0.81537396 -0.07057567 0.56514327
1403636734.963555574 4.075210 1.656700 0.491795 -0.10420018 -0.81544859 -0.06980674 0.56507782
1403636735.013555527 4.087111 1.634811 0.488939 -0.10339059 -0.81544204 -0.07052237 0.56514711
1403636735.063555717 4.097512 1.613281 0.485433 -0.10366822 -0.81506451 -0.06993773 0.56571322
1403636735.113555431 4.106068 1.588819 0.474681 -0.10427805 -0.81491360 -0.06947949 0.56587500
1403636735.163555622 4.116039 1.567794 0.471713 -0.10509325 -0.81489651 -0.06841275 0.56587877
1403636735.213555574 4.132062 1.547363 0.473543 -0.10608887 -0.81527585 -0.06782368 0.56521712
1403636735.263555765 4.140030 1.527402 0.474515 -0.10751932 -0.81585786 -0.06659484 0.56425231
1403636735.313555479 4.149040 1.508568 0.477458 -0.10908006 -0.81644721 -0.06583086 0.56318895
1403636735.363555670 4.154349 1.489939 0.484601 -0.11047632 -0.81682202 -0.06547193 0.56241461
1403636735.413555622 4.162044 1.470256 0.493942 -0.11123237 -0.81570492 -0.06659073 0.56375395
1403636735.463555574 4.166058 1.452640 0.507686 -0.11314482 -0.81482318 -0.06675181 0.56462876
1403636735.513555527 4.172312 1.434718 0.520513 -0.11399293 -0.81409447 -0.06876632 0.56526720
1403636735.563555717 4.175011 1.418569 0.537612 -0.11493572 -0.81298928 -0.07041728 0.56646238
1403636735.613555431 4.183019 1.401710 0.551987 -0.11571862 -0.81215550 -0.07211573 0.56728472
1403636735.663555622 4.185270 1.386548 0.569107 -0.11672340 -0.81172518 -0.07376699 0.56748244
1403636735.713555574 4.191275 1.369861 0.581980 -0.11816613 -0.81205276 -0.07394419 0.56669157
1403636735.763555765 4.193003 1.355418 0.596182 -0.11857590 -0.81224868 -0.07555388 0.56611257
1403636735.813555479 4.201440 1.334829 0.598394 -0.11983464 -0.81171514 -0.07555211 0.56661281
1403636735.863555670 4.202855 1.320848 0.609781 -0.11997926 -0.81130552 -0.07622778 0.56707817
1403636735.913555622 4.202413 1.309910 0.613264 -0.11989738 -0.81111016 -0.07591255 0.56741714
1403636735.963555574 4.202959 1.293471 0.617358 -0.11958814 -0.81089103 -0.07682910 0.56767218
1403636736.013555527 4.206588 1.279212 0.624280 -0.11755912 -0.81067598 -0.07663775 0.56842850
1403636736.063555717 4.206653 1.265744 0.633934 -0.11436652 -0.81061660 -0.07545409 0.56932214
1403636736.113555431 4.224296 1.254775 0.638766 -0.11081844 -0.80977240 -0.07204579 0.57166191
1403636736.163555622 4.217827 1.255097 0.641565 -0.10581392 -0.80912144 -0.06873868 0.57393458
1403636736.213555574 4.228961 1.243700 0.650494 -0.10072984 -0.80862027 -0.06477741 0.57601272
1403636736.263555765 4.224877 1.232661 0.662406 -0.09579239 -0.80889197 -0.06103656 0.57688139
1403636736.313555479 4.235982 1.212009 0.685562 -0.09035980 -0.80940499 -0.05929065 0.57722031
1403636736.363555670 4.237480 1.198267 0.697612 -0.08585399 -0.80963301 -0.05749720 0.57776947
1403636736.413555622 4.241578 1.186348 0.708981 -0.08200794 -0.81009803 -0.05561350 0.57786072
1403636736.463555574 4.246141 1.173070 0.718538 -0.07674626 -0.81035904 -0.05681568 0.57810053
1403636736.513555527 4.267118 1.144648 0.729648 -0.07158496 -0.81042581 -0.05939410 0.57840984
1403636736.563555717 4.270788 1.131217 0.735799 -0.06707895 -0.81049707 -0.06128988 0.57865228
1403636736.613555431 4.285500 1.121314 0.736627 -0.06364082 -0.81035343 -0.06271429 0.57908901
1403636736.663555622 4.289800 1.108021 0.739305 -0.06172968 -0.80996563 -0.06260140 0.57985014
1403636736.713555574 4.295130 1.095432 0.741266 -0.06005222 -0.80972633 -0.06293742 0.58032395
1403636736.763555765 4.304328 1.079706 0.742689 -0.05852728 -0.81047550 -0.06277813 0.57945054
1403636736.813555479 4.313615 1.060403 0.745424 -0.05704459 -0.80982851 -0.06277943 0.58050189
1403636736.863555670 4.322751 1.038011 0.745204 -0.05672559 -0.80949722 -0.06142904 0.58113934
1403636736.913555622 4.338666 1.020938 0.744289 -0.05568916 -0.81013593 -0.06119974 0.58037323
1403636736.963555574 4.344944 1.000939 0.744526 -0.05616525 -0.81026110 -0.05852492 0.58042851
1403636737.013555527 4.352315 0.983661 0.742447 -0.05741405 -0.81050539 -0.05459149 0.58034852
1403636737.063555717 4.357568 0.958918 0.735640 -0.05827191 -0.81009327 -0.05103235 0.58116175
1403636737.113555431 4.373869 0.933085 0.734820 -0.05966789 -0.80944626 -0.04634612 0.58231309
1403636737.163555622 4.382656 0.910849 0.729725 -0.05928583 -0.80961155 -0.04442633 0.58227196
1403636737.213555574 4.382682 0.886605 0.729001 -0.05907365 -0.80986337 -0.04265115 0.58207603
1403636737.263555765 4.391919 0.865978 0.720912 -0.05952680 -0.81026851 -0.03957593 0.58168312
1403636737.313555479 4.397932 0.849253 0.714719 -0.05836443 -0.81172840 -0.03918403 0.57978894
1403636737.363555670 4.407583 0.827208 0.708260 -0.05825941 -0.81280685 -0.03719564 0.57841797
1403636737.413555622 4.411665 0.808567 0.697531 -0.05716187 -0.81430841 -0.03662925 0.57644829
1403636737.463555574 4.422650 0.783277 0.696180 -0.05651194 -0.81577045 -0.03561131 0.57450571
1403636737.513555527 4.429366 0.762672 0.697800 -0.05525153 -0.81685836 -0.03582662 0.57306732
1403636737.563555717 4.439211 0.741333 0.698195 -0.05581251 -0.81740772 -0.03381838 0.57235121
1403636737.613555431 4.438423 0.716012 0.713451 -0.05697939 -0.81801485 -0.03149638 0.57150069
1403636737.663555622 4.444661 0.701066 0.724335 -0.05891552 -0.81879463 -0.02790452 0.57037326
1403636737.713555574 4.450512 0.682568 0.730762 -0.06086342 -0.81964279 -0.02508046 0.56908024
1403636737.763555765 4.459914 0.663812 0.736748 -0.06220399 -0.81979360 -0.02289999 0.56880990
1403636737.813555479 4.464700 0.649065 0.746014 -0.06397985 -0.82007888 -0.02069052 0.56828612
1403636737.863555670 4.473482 0.632278 0.756181 -0.06518898 -0.82001292 -0.01958526 0.56828305
1403636737.913555622 4.477296 0.619128 0.769950 -0.06562020 -0.82012162 -0.01922564 0.56808881
1403636737.963555574 4.485316 0.604836 0.784228 -0.06629766 -0.81990993 -0.01910426 0.56831976
1403636738.013555527 4.487319 0.593308 0.803261 -0.06668672 -0.81968586 -0.01986678 0.56857126
1403636738.063555717 4.495208 0.581284 0.821047 -0.06681488 -0.81982493 -0.02098178 0.56831559
1403636738.113555431 4.503010 0.569995 0.839316 -0.06540703 -0.81925531 -0.02429242 0.56916828
1403636738.163555622 4.510213 0.559894 0.856500 -0.06537207 -0.81851394 -0.02575318 0.57017383
1403636738.213555574 4.506225 0.554974 0.876143 -0.06495342 -0.81803711 -0.02788906 0.57080516
1403636738.263555765 4.513286 0.546457 0.889914 -0.06564326 -0.81795425 -0.02853782 0.57081292
1403636738.313555479 4.513191 0.541192 0.905086 -0.06580496 -0.81806031 -0.02962468 0.57058690
1403636738.363555670 4.519422 0.533852 0.915858 -0.06691343 -0.81819988 -0.03009271 0.57023326
1403636738.413555622 4.495755 0.522837 0.930100 -0.06730175 -0.81879333 -0.03085810 0.56929407
1403636738.463555574 4.499951 0.516735 0.937976 -0.06868085 -0.81884050 -0.03244778 0.56897304
1403636738.513555527 4.501445 0.512331 0.943798 -0.07208294 -0.81927971 -0.03412686 0.56782055
1403636738.563555717 4.505115 0.508248 0.948168 -0.07666349 -0.81982940 -0.03674272 0.56626181
1403636738.613555431 4.488029 0.525381 0.958219 -0.08312188 -0.82052023 -0.03908326 0.56418951
1403636738.663555622 4.472607 0.533215 0.966812 -0.09029994 -0.82013563 -0.04303460 0.56335734
1403636738.713555574 4.459838 0.529651 0.966111 -0.09854764 -0.81900725 -0.04745129 0.56326181
1403636738.763555765 4.455434 0.535407 0.966098 -0.10777393 -0.81630164 -0.05272490 0.56502787
1403636738.813555479 4.466859 0.526365 0.967042 -0.11803118 -0.81325214 -0.05764558 0.56689204
1403636738.863555670 4.460149 0.533110 0.962501 -0.12926251 -0.80976629 -0.06259166 0.56890425
1403636738.913555622 4.448728 0.537804 0.955593 -0.14052699 -0.80703977 -0.06820051 0.56946261
1403636738.963555574 4.445913 0.541963 0.950216 -0.15313267 -0.80410054 -0.07320451 0.56974890
1403636739.013555527 4.432408 0.552851 0.940973 -0.16612773 -0.80082548 -0.07850420 0.57001511
1403636739.063555717 4.424609 0.556458 0.920588 -0.17930674 -0.79796557 -0.08459530 0.56916050
1403636739.113555431 4.405386 0.576684 0.906751 -0.18947341 -0.79548551 -0.09307652 0.56801356
1403636739.163555622 4.405161 0.586043 0.894423 -0.19925454 -0.79370648 -0.10425566 0.56520652
1403636739.213555574 4.403836 0.604283 0.881883 -0.20921112 -0.79091436 -0.11561588 0.56331000
1403636739.263555765 4.404948 0.617284 0.868672 -0.21849386 -0.78851737 -0.12807821 0.56044336
1403636739.313555479 4.407293 0.630372 0.853010 -0.22705229 -0.78578984 -0.14094820 0.55777700
1403636739.363555670 4.415802 0.638187 0.843232 -0.23516674 -0.78322155 -0.15405594 0.55455150
1403636739.413555622 4.451286 0.660062 0.847410 -0.24369503 -0.78080187 -0.16389327 0.55145277
1403636739.463555574 4.448536 0.671668 0.835495 -0.25277904 -0.77773079 -0.17407276 0.54857657
1403636739.513555527 4.451625 0.684421 0.827610 -0.26285728 -0.77472222 -0.18132228 0.54574148
1403636739.563555717 4.455153 0.689032 0.821396 -0.27281785 -0.77067323 -0.18633106 0.54489809
1403636739.613555431 4.459010 0.699729 0.817190 -0.28130286 -0.76764904 -0.19002982 0.54357366
1403636739.663555622 4.446913 0.707562 0.812971 -0.28732361 -0.76619354 -0.19382850 0.54113133
1403636739.713555574 4.446013 0.717654 0.808806 -0.29204393 -0.76411193 -0.19705994 0.54038013
1403636739.763555765 4.447318 0.728940 0.805867 -0.29754907 -0.76222938 -0.19699474 0.54005926
1403636739.813555479 4.452081 0.744528 0.800677 -0.30103655 -0.76079452 -0.19759121 0.53993186
1403636739.863555670 4.455901 0.760833 0.782977 -0.30323931 -0.76018962 -0.19830534 0.53928903
1403636739.913555622 4.455779 0.780776 0.767075 -0.30407706 -0.75983985 -0.19871583 0.53915912
1403636739.963555574 4.456543 0.794008 0.758394 -0.30435230 -0.75959097 -0.19972138 0.53898294
1403636740.013555527 4.458402 0.807157 0.746567 -0.30403837 -0.76008637 -0.20045978 0.53818701
1403636740.063555717 4.459141 0.819351 0.736514 -0.30256354 -0.76075395 -0.20157349 0.53765868
1403636740.113555431 4.462772 0.834279 0.721780 -0.30013638 -0.76124361 -0.20378192 0.53749349
1403636740.163555622 4.464278 0.848103 0.709149 -0.29707717 -0.76234824 -0.20648941 0.53659337
1403636740.213555574 4.466762 0.861928 0.694306 -0.29360753 -0.76296768 -0.20933080 0.53652172
1403636740.263555765 4.467998 0.875293 0.679951 -0.29096237 -0.76389854 -0.21124383 0.53588801
1403636740.313555479 4.469180 0.887777 0.664144 -0.29017462 -0.76304715 -0.21011016 0.53796976
1403636740.363555670 4.469782 0.900172 0.647953 -0.29001897 -0.76275111 -0.20763038 0.53943430
1403636740.413555622 4.471862 0.913680 0.628081 -0.29120415 -0.76203366 -0.20426619 0.54109164
1403636740.463555574 4.472308 0.925637 0.609260 -0.29174653 -0.76226133 -0.20135217 0.54157080
1403636740.513555527 4.474996 0.938432 0.589282 -0.29173384 -0.76089813 -0.19913040 0.54430918
1403636740.563555717 4.475993 0.950140 0.572011 -0.29084044 -0.76088384 -0.19856096 0.54501483
1403636740.613555431 4.477699 0.960607 0.555220 -0.28995257 -0.76100978 -0.19759284 0.54566353
1403636740.663555622 4.478991 0.972173 0.541152 -0.29045108 -0.76171139 -0.19544863 0.54519149
1403636740.713555574 4.480699 0.982580 0.527952 -0.29081238 -0.76295446 -0.19336680 0.54400178
1403636740.763555765 4.481773 0.989604 0.516732 -0.28991362 -0.76482685 -0.19294282 0.54199913
1403636740.813555479 4.491468 1.000878 0.508505 -0.28916826 -0.76504436 -0.19180911 0.54249251
1403636740.863555670 4.494728 1.012529 0.496627 -0.28850929 -0.76478158 -0.19152969 0.54331198
1403636740.913555622 4.498488 1.022368 0.481687 -0.28591477 -0.76479853 -0.19394478 0.54380269
1403636740.963555574 4.502469 1.034214 0.467039 -0.28254403 -0.76463772 -0.19804676 0.54431195
1403636741.013555527 4.507878 1.038045 0.449509 -0.27760178 -0.76539508 -0.20436880 0.54345286
1403636741.063555717 4.513413 1.052025 0.432969 -0.27431078 -0.76527823 -0.21058086 0.54291668
1403636741.113555431 4.519189 1.055788 0.412269 -0.27456829 -0.76392588 -0.21391595 0.54338704
1403636741.163555622 4.545345 0.988740 0.398006 -0.27739048 -0.76135033 -0.21693016 0.54437257
1403636741.213555574 4.552569 0.989702 0.371160 -0.28274696 -0.75860199 -0.21651144 0.54561890
1403636741.263555765 4.558579 0.993651 0.346107 -0.28885092 -0.75623350 -0.21425755 0.54659834
1403636741.313555479 4.564077 0.979776 0.326309 -0.29423956 -0.75484825 -0.21198883 0.54652351
1403636741.363555670 4.570888 0.981107 0.300227 -0.29996240 -0.75556552 -0.20895244 0.54358273
1403636741.413555622 4.592993 0.982034 0.276510 -0.30429666 -0.75632931 -0.20727485 0.54074638
1403636741.463555574 4.600548 0.982633 0.253804 -0.30756418 -0.75790102 -0.20644483 0.53700172
1403636741.513555527 4.606785 0.983242 0.232791 -0.31085445 -0.76109311 -0.20493552 0.53113861
1403636741.563555717 4.613712 0.983717 0.213270 -0.31526554 -0.76200060 -0.20121706 0.52865340
1403636741.613555431 4.621166 0.984746 0.195895 -0.31511737 -0.76423808 -0.20311678 0.52477117
1403636741.663555622 4.618295 0.985223 0.176457 -0.31578976 -0.76507169 -0.20324451 0.52310018
1403636741.713555574 4.625515 0.988296 0.162814 -0.31529950 -0.76486159 -0.20431005 0.52328805
1403636741.763555765 4.631206 0.992414 0.151673 -0.31371881 -0.76396104 -0.20608732 0.52485431
1403636741.813555479 4.636579 0.997450 0.141463 -0.31150699 -0.76325040 -0.20812386 0.52639973
1403636741.863555670 4.641951 1.002499 0.130349 -0.30847870 -0.76250025 -0.21087086 0.52817397
1403636741.913555622 4.647687 1.007221 0.117450 -0.30523895 -0.76266240 -0.21347183 0.52877691
1403636741.963555574 4.652480 1.012532 0.102832 -0.30091722 -0.76333007 -0.21708360 0.52882014
1403636742.013555527 4.664371 1.010494 0.079246 -0.29737164 -0.76518031 -0.21949566 0.52715354
1403636742.063555717 4.668171 1.014692 0.062132 -0.29571787 -0.76747853 -0.21886939 0.52499890
1403636742.113555431 4.670482 1.019734 0.046438 -0.29615191 -0.77041268 -0.21537912 0.52189097
1403636742.163555622 4.673655 1.026588 0.033029 -0.29739653 -0.77215711 -0.21123670 0.52029583
1403636742.213555574 4.677108 1.023527 0.018057 -0.29848338 -0.77255464 -0.20849976 0.52018732
1403636742.263555765 4.673264 1.027050 0.006034 -0.29988781 -0.77261730 -0.20400922 0.52106626
1403636742.313555479 4.672550 1.032231 -0.003322 -0.29894602 -0.77163973 -0.20236371 0.52369107
1403636742.363555670 4.671756 1.036431 -0.012161 -0.29853486 -0.76945547 -0.20137387 0.52750713
1403636742.413555622 4.668375 1.042647 -0.016986 -0.29687320 -0.76751032 -0.20128963 0.53129717
1403636742.463555574 4.666372 1.047940 -0.022194 -0.29608971 -0.76611606 -0.20085373 0.53390528
1403636742.513555527 4.662480 1.054941 -0.024922 -0.29484885 -0.76548114 -0.20087584 0.53549199
1403636742.563555717 4.658399 1.063042 -0.027704 -0.29405722 -0.76515831 -0.20041635 0.53655979
1403636742.613555431 4.654179 1.070633 -0.029705 -0.29271020 -0.76421633 -0.20108245 0.53838647
1403636742.663555622 4.651057 1.077215 -0.034757 -0.29187850 -0.76292422 -0.20140496 0.54054567
1403636742.713555574 4.646713 1.085744 -0.039110 -0.29076359 -0.76170412 -0.20129279 0.54290384
1403636742.763555765 4.643643 1.092384 -0.049044 -0.28969788 -0.76090704 -0.20146062 0.54452661
1403636742.813555479 4.639249 1.100632 -0.057118 -0.28909293 -0.76020648 -0.20143624 0.54583407
1403636742.863555670 4.636868 1.106717 -0.070735 -0.28880864 -0.75972393 -0.20037238 0.54704665
1403636742.913555622 4.630948 1.133060 -0.074948 -0.28910126 -0.75943489 -0.19925497 0.54770116
1403636742.963555574 4.630022 1.139506 -0.091978 -0.29022453 -0.75914618 -0.19927962 0.54749834
1403636743.013555527 4.627404 1.147238 -0.107147 -0.29205908 -0.75990540 -0.20006576 0.54517792
1403636743.063555717 4.627227 1.153801 -0.128162 -0.29631764 -0.76189014 -0.19956710 0.54027052
1403636743.113555431 4.625713 1.160616 -0.147158 -0.30175814 -0.76548438 -0.19795516 0.53271891
1403636743.163555622 4.625503 1.167695 -0.167635 -0.30692235 -0.77034704 -0.19589355 0.52344038
1403636743.213555574 4.622679 1.184780 -0.167101 -0.31075391 -0.77402361 -0.19485491 0.51609207
1403636743.263555765 4.633859 1.171026 -0.176143 -0.31394167 -0.77761090 -0.19554256 0.50845356
1403636743.313555479 4.633035 1.176067 -0.188940 -0.31695479 -0.77848320 -0.19474786 0.50554609
1403636743.363555670 4.628635 1.188453 -0.199605 -0.31944217 -0.77856629 -0.19362005 0.50428416
1403636743.413555622 4.623895 1.201195 -0.209841 -0.32093347 -0.77795263 -0.19369693 0.50425481
1403636743.463555574 4.616813 1.216181 -0.216849 -0.32101161 -0.77566995 -0.19503568 0.50719696
1403636743.513555527 4.609969 1.231491 -0.224205 -0.32051522 -0.77359473 -0.19706578 0.50988849
1403636743.563555717 4.599144 1.245421 -0.226044 -0.31966491 -0.77071756 -0.19941275 0.51385148
1403636743.613555431 4.590737 1.264258 -0.237396 -0.31710405 -0.76868640 -0.20314212 0.51701017
1403636743.663555622 4.582277 1.288808 -0.258016 -0.31521851 -0.76719018 -0.20556770 0.51942125
1403636743.713555574 4.572691 1.308941 -0.271435 -0.31318726 -0.76476383 -0.20910733 0.52280412
1403636743.763555765 4.562449 1.329470 -0.286205 -0.31240229 -0.76158874 -0.21333983 0.52618772
1403636743.813555479 4.552055 1.350051 -0.302818 -0.31458056 -0.75899025 -0.21541965 0.52779469
1403636743.863555670 4.524770 1.328869 -0.332929 -0.31822305 -0.75473396 -0.21766191 0.53078624
1403636743.913555622 4.515999 1.347016 -0.352267 -0.31895179 -0.75232381 -0.22158613 0.53214493
1403636743.963555574 4.509329 1.369628 -0.372812 -0.31983182 -0.75021115 -0.22444417 0.53340009
1403636744.013555527 4.501677 1.393272 -0.394349 -0.32164402 -0.74864375 -0.22560613 0.53402202
1403636744.063555717 4.489447 1.416305 -0.415457 -0.32244350 -0.74755005 -0.22966361 0.53334205
1403636744.113555431 4.470081 1.457329 -0.446684 -0.32579024 -0.74574666 -0.23229690 0.53269203
1403636744.163555622 4.458878 1.477143 -0.472961 -0.32889053 -0.74367497 -0.23496088 0.53251474
1403636744.213555574 4.441707 1.498796 -0.498938 -0.33259496 -0.74130020 -0.23579156 0.53315753
1403636744.263555765 4.430827 1.517058 -0.528234 -0.33617915 -0.73852367 -0.23586244 0.53472916
1403636744.313555479 4.420511 1.534674 -0.559173 -0.33877034 -0.73724573 -0.23637313 0.53463178
1403636744.363555670 4.410343 1.552002 -0.591633 -0.34216700 -0.73565635 -0.23508829 0.53522423
1403636744.413555622 4.399791 1.573568 -0.620736 -0.34468591 -0.73446812 -0.23292969 0.53618277
1403636744.463555574 4.390421 1.590292 -0.655295 -0.34747637 -0.73306022 -0.23037742 0.53740965
1403636744.513555527 4.380680 1.606632 -0.692214 -0.35056911 -0.73143641 -0.22583161 0.53953885
1403636744.563555717 4.372840 1.623618 -0.728884 -0.35065590 -0.73021968 -0.22533350 0.54133582
1403636744.613555431 4.366512 1.640433 -0.767650 -0.35182820 -0.72873084 -0.22292338 0.54357469
1403636744.663555622 4.360809 1.657614 -0.806117 -0.35145309 -0.72774131 -0.22273567 0.54521751
1403636744.713555574 4.357138 1.675171 -0.846356 -0.34932931 -0.72739956 -0.22541525 0.54593669
1403636744.763555765 4.362276 1.700880 -0.882519 -0.34626567 -0.72831146 -0.22996861 0.54477237
1403636744.813555479 4.361314 1.719042 -0.920146 -0.34399740 -0.72959104 -0.23296423 0.54322221
1403636744.863555670 4.367660 1.729760 -0.951725 -0.34144795 -0.73177338 -0.23532937 0.54087070
1403636744.913555622 4.370419 1.735928 -0.985519 -0.34016321 -0.73463611 -0.23720807 0.53696472
1403636744.963555574 4.370985 1.758908 -1.015663 -0.33949085 -0.73688221 -0.23661881 0.53456722
1403636745.013555527 4.374460 1.774374 -1.043033 -0.33947940 -0.73981067 -0.23479809 0.53132266
1403636745.063555717 4.377221 1.786020 -1.071091 -0.33870884 -0.74237269 -0.23333009 0.52888202
1403636745.113555431 4.385090 1.792882 -1.103148 -0.33905542 -0.74530277 -0.23063085 0.52571343
1403636745.163555622 4.385384 1.804499 -1.126382 -0.33935412 -0.74643746 -0.22724905 0.52538345
1403636745.213555574 4.386301 1.818416 -1.148106 -0.33688152 -0.74805013 -0.22688128 0.52483972
1403636745.263555765 4.385848 1.831256 -1.169618 -0.33491320 -0.74952714 -0.22574544 0.52448185
1403636745.313555479 4.389303 1.854340 -1.189507 -0.33233502 -0.75027040 -0.22515973 0.52531025
1403636745.363555670 4.388709 1.868351 -1.207563 -0.32851987 -0.74913611 -0.22639455 0.52878661
1403636745.413555622 4.387670 1.882309 -1.221440 -0.32563317 -0.74709836 -0.22767921 0.53288766
1403636745.463555574 4.387497 1.895252 -1.233949 -0.32297817 -0.74559118 -0.22982549 0.53568566
1403636745.513555527 4.383501 1.911106 -1.240820 -0.32291795 -0.74377267 -0.23014507 0.53810729
1403636745.563555717 4.383272 1.923009 -1.250282 -0.32327184 -0.74278542 -0.23081644 0.53897022
1403636745.613555431 4.381928 1.934582 -1.256226 -0.32448363 -0.74144661 -0.23207550 0.53954450
1403636745.663555622 4.382177 1.944631 -1.262479 -0.32597653 -0.74035406 -0.23374809 0.53942284
1403636745.713555574 4.385242 1.962259 -1.248378 -0.32751923 -0.73900989 -0.23598034 0.53935964
1403636745.763555765 4.384622 1.975967 -1.250153 -0.32897925 -0.73854804 -0.23906181 0.53774426
1403636745.813555479 4.381703 1.984645 -1.248164 -0.33077918 -0.73849177 -0.24154730 0.53560241
1403636745.863555670 4.381114 1.992643 -1.246322 -0.33212373 -0.73819518 -0.24522340 0.53350463
1403636745.913555622 4.378389 1.999849 -1.240474 -0.33402031 -0.73719290 -0.24858524 0.53214888
1403636745.963555574 4.377288 2.005568 -1.235727 -0.33470949 -0.73701211 -0.25328594 0.52974422
1403636746.013555527 4.375543 2.015062 -1.220100 -0.33603949 -0.73655234 -0.25707277 0.52771365
1403636746.063555717 4.372411 2.008350 -1.207744 -0.33686231 -0.73628476 -0.26078924 0.52573521
1403636746.113555431 4.368191 2.016652 -1.193590 -0.33773796 -0.73675372 -0.26387540 0.52296922
1403636746.163555622 4.364395 2.016954 -1.180848 -0.33857398 -0.73576428 -0.26606920 0.52271002
1403636746.213555574 4.357508 2.012533 -1.169116 -0.33895890 -0.73427234 -0.26833539 0.52339957
1403636746.263555765 4.351800 2.010538 -1.152657 -0.33916759 -0.73093400 -0.27034471 0.52689141
1403636746.313555479 4.346063 2.006981 -1.138110 -0.33771509 -0.72603434 -0.27367488 0.53284586
1403636746.363555670 4.339410 2.000804 -1.124377 -0.33762303 -0.72227065 -0.27468581 0.53747883
1403636746.413555622 4.332679 1.994033 -1.112816 -0.33753077 -0.72056427 -0.27527005 0.53952434
1403636746.463555574 4.325626 1.984365 -1.104642 -0.33982307 -0.72141520 -0.27191473 0.53864902
1403636746.513555527 4.319198 1.975077 -1.098143 -0.34211817 -0.72419427 -0.26783202 0.53550334
1403636746.563555717 4.312136 1.962571 -1.094849 -0.34568257 -0.72888773 -0.26126618 0.53006247
1403636746.613555431 4.305290 1.951449 -1.093478 -0.34926986 -0.73488547 -0.25414334 0.52284326
1403636746.663555622 4.288568 1.929841 -1.096585 -0.35449716 -0.74011736 -0.24605716 0.51576539
1403636746.713555574 4.279783 1.918894 -1.097999 -0.35904729 -0.74491737 -0.23671025 0.51005041
1403636746.763555765 4.269897 1.905993 -1.100172 -0.36263069 -0.74751897 -0.22902035 0.50721204
1403636746.813555479 4.260262 1.896816 -1.102392 -0.36485289 -0.74795511 -0.22317537 0.50758081
1403636746.863555670 4.249561 1.888787 -1.104467 -0.36616591 -0.74762972 -0.21897025 0.50894435
1403636746.913555622 4.240183 1.882946 -1.106775 -0.36595903 -0.74687089 -0.21700949 0.51104280
1403636746.963555574 4.230565 1.878162 -1.107666 -0.36445269 -0.74673366 -0.21705685 0.51229815
1403636747.013555527 4.220556 1.876180 -1.105288 -0.36292647 -0.74583999 -0.21764761 0.51442842
1403636747.063555717 4.210746 1.875410 -1.099963 -0.35835816 -0.74543081 -0.22289432 0.51597525
1403636747.113555431 4.201097 1.874566 -1.092353 -0.35385277 -0.74470895 -0.22898828 0.51745643
1403636747.163555622 4.190160 1.876540 -1.082528 -0.35090275 -0.74312729 -0.23320570 0.51985017
1403636747.213555574 4.179854 1.878195 -1.071454 -0.34691853 -0.74246400 -0.23901071 0.52083455
1403636747.263555765 4.167019 1.882252 -1.056812 -0.34452917 -0.74170970 -0.24308030 0.52161129
1403636747.313555479 4.156318 1.882346 -1.041476 -0.34318170 -0.74151047 -0.24578426 0.52151572
1403636747.363555670 4.142652 1.885376 -1.023474 -0.34283688 -0.74099476 -0.24727659 0.52177000
1403636747.413555622 4.132889 1.883675 -1.010920 -0.34297247 -0.74025911 -0.24871296 0.52204234
1403636747.463555574 4.118396 1.886217 -0.995233 -0.34339705 -0.73988323 -0.25013505 0.52161646
1403636747.513555527 4.108092 1.883988 -0.985547 -0.34539196 -0.73979044 -0.24959811 0.52068731
1403636747.563555717 4.092808 1.885661 -0.972927 -0.34656983 -0.74003538 -0.24949192 0.51960635
1403636747.613555431 4.082556 1.883570 -0.965574 -0.34849477 -0.73968894 -0.24881133 0.51913831
1403636747.663555622 4.066519 1.884463 -0.952304 -0.34954130 -0.73973079 -0.24919731 0.51818910
1403636747.713555574 4.051633 1.884573 -0.937414 -0.35070950 -0.73935414 -0.24938023 0.51784921
1403636747.763555765 4.034773 1.884569 -0.920584 -0.35174205 -0.73937894 -0.25013686 0.51674739
1403636747.813555479 4.023040 1.880753 -0.907471 -0.35305422 -0.73884938 -0.25017909 0.51658953
1403636747.863555670 4.004512 1.880877 -0.885960 -0.35471584 -0.73749691 -0.24993853 0.51749948
1403636747.913555622 3.991228 1.877273 -0.870667 -0.35956843 -0.73486173 -0.24512805 0.52019324
1403636747.963555574 3.971814 1.877259 -0.846895 -0.36452842 -0.73073526 -0.24006679 0.52489327
1403636748.013555527 3.960683 1.875064 -0.829790 -0.36956458 -0.72775174 -0.23484568 0.52787018
1403636748.063555717 3.943083 1.875675 -0.808562 -0.37329747 -0.72563372 -0.23147076 0.52964704
1403636748.113555431 3.933007 1.869525 -0.798285 -0.37535970 -0.72472502 -0.23016882 0.53000100
1403636748.163555622 3.917630 1.870962 -0.780621 -0.37804694 -0.72399268 -0.22794093 0.53005475
1403636748.213555574 3.907851 1.872046 -0.768911 -0.37771796 -0.72461392 -0.22963980 0.52870537
1403636748.263555765 3.895036 1.875011 -0.754349 -0.37480676 -0.72671061 -0.23432737 0.52583482
1403636748.313555479 3.886969 1.875739 -0.746693 -0.37088637 -0.72883485 -0.24047283 0.52289185
1403636748.363555670 3.865458 1.877025 -0.739455 -0.36650613 -0.73104282 -0.24682027 0.51993212
1403636748.413555622 3.858171 1.878248 -0.735743 -0.36225859 -0.73282995 -0.25209417 0.51785858
1403636748.463555574 3.853456 1.904237 -0.727474 -0.36045829 -0.73301486 -0.25419441 0.51782645
1403636748.513555527 3.844176 1.902580 -0.719943 -0.35816093 -0.73331257 -0.25689136 0.51766809
1403636748.563555717 3.832283 1.905769 -0.705654 -0.35830463 -0.73301343 -0.25699517 0.51794072
1403636748.613555431 3.820484 1.909392 -0.691270 -0.36033224 -0.73138100 -0.25425096 0.52019127
1403636748.663555622 3.808454 1.911898 -0.674335 -0.36251853 -0.72983184 -0.25165948 0.52210470
1403636748.713555574 3.796758 1.915127 -0.658020 -0.36563314 -0.72786410 -0.24791008 0.52446816
1403636748.763555765 3.793871 1.924461 -0.644664 -0.36848612 -0.72614336 -0.24447395 0.52646584
1403636748.813555479 3.801218 1.945247 -0.675984 -0.37054050 -0.72464955 -0.24161157 0.52840005
1403636748.863555670 3.792836 1.947910 -0.663664 -0.37240712 -0.72339920 -0.24052663 0.52929526
1403636748.913555622 3.785015 1.953334 -0.652357 -0.37459768 -0.72189405 -0.23956816 0.53023830
1403636748.963555574 3.778555 1.956800 -0.642230 -0.37634033 -0.72086680 -0.23984598 0.53027626
1403636749.013555527 3.770739 1.961554 -0.633442 -0.37793128 -0.71977529 -0.24016313 0.53048389
1403636749.063555717 3.766048 1.965482 -0.624866 -0.38071781 -0.71807436 -0.23836194 0.53160771
1403636749.113555431 3.760249 1.979129 -0.616886 -0.38365353 -0.71623943 -0.23587266 0.53308079
1403636749.163555622 3.757975 1.984393 -0.609393 -0.38501414 -0.71511145 -0.23561667 0.53372699
1403636749.213555574 3.754029 1.991743 -0.602346 -0.38489562 -0.71512405 -0.23769015 0.53287555
1403636749.263555765 3.754787 1.997601 -0.592217 -0.38208836 -0.71618648 -0.24375569 0.53072458
1403636749.313555479 3.739266 2.007863 -0.591521 -0.37930981 -0.71712057 -0.24917437 0.52893695
1403636749.363555670 3.738418 2.013479 -0.578802 -0.37709749 -0.71848520 -0.25350244 0.52660518
1403636749.413555622 3.739557 2.019254 -0.563596 -0.37482809 -0.71954573 -0.25747557 0.52484681
1403636749.463555574 3.732679 2.027913 -0.556349 -0.37233767 -0.72057036 -0.26147232 0.52323537
1403636749.513555527 3.734757 2.034040 -0.539772 -0.37003778 -0.72199010 -0.26473491 0.52126554
1403636749.563555717 3.737053 2.037958 -0.523139 -0.36730344 -0.72371519 -0.26815436 0.51905467
1403636749.613555431 3.739142 2.043336 -0.506802 -0.36438262 -0.72452208 -0.27163939 0.51817478
1403636749.663555622 3.740868 2.046329 -0.492866 -0.36341609 -0.72507676 -0.27217059 0.51779880
1403636749.713555574 3.730465 2.054126 -0.481131 -0.36282674 -0.72474627 -0.27175134 0.51889383
1403636749.763555765 3.730492 2.055947 -0.470283 -0.36203133 -0.72319585 -0.27131424 0.52183299
1403636749.813555479 3.724853 2.061478 -0.460947 -0.36104660 -0.72108095 -0.27114593 0.52551641
1403636749.863555670 3.720350 2.071218 -0.449279 -0.36028956 -0.71851995 -0.27014220 0.53004123
1403636749.913555622 3.720238 2.072948 -0.442209 -0.35889151 -0.71714530 -0.26982258 0.53300589
1403636749.963555574 3.720705 2.076053 -0.437007 -0.35740427 -0.71601086 -0.26920895 0.53583316
1403636750.013555527 3.721332 2.075447 -0.432885 -0.35618684 -0.71582155 -0.26808154 0.53745952
1403636750.063555717 3.722193 2.071912 -0.430451 -0.35522903 -0.71590455 -0.26686433 0.53858745
1403636750.113555431 3.723161 2.067526 -0.428401 -0.35486570 -0.71740592 -0.26494400 0.53777667
1403636750.163555622 3.725024 2.061396 -0.425553 -0.35451052 -0.71901811 -0.26332544 0.53665162
1403636750.213555574 3.726262 2.053795 -0.420992 -0.35443620 -0.72042498 -0.26119738 0.53585330
1403636750.263555765 3.728579 2.045755 -0.415188 -0.35394768 -0.72292238 -0.25987130 0.53345213
1403636750.313555479 3.727915 2.037246 -0.406195 -0.35392718 -0.72456146 -0.25761890 0.53233330
1403636750.363555670 3.729899 2.028385 -0.394924 -0.35290260 -0.72700922 -0.25665173 0.53013888
1403636750.413555622 3.731257 2.019075 -0.381201 -0.35360128 -0.72779013 -0.25373069 0.53000792
1403636750.463555574 3.732759 2.009492 -0.364646 -0.35197553 -0.72954827 -0.25296923 0.52903602
1403636750.513555527 3.736112 1.998876 -0.344884 -0.35042299 -0.73002070 -0.25202930 0.52986294
1403636750.563555717 3.738490 1.989554 -0.322655 -0.34886745 -0.73130326 -0.25107449 0.52957402
1403636750.613555431 3.737524 1.986935 -0.289002 -0.34813197 -0.73216956 -0.24981518 0.52945656
1403636750.663555622 3.738873 1.977345 -0.263209 -0.34616623 -0.73315833 -0.25045584 0.52907436
1403636750.713555574 3.743323 1.963702 -0.238951 -0.34519229 -0.73416189 -0.24952158 0.52876041
1403636750.763555765 3.744808 1.953137 -0.210770 -0.34447431 -0.73526336 -0.24857130 0.52814539
1403636750.813555479 3.749281 1.937911 -0.184550 -0.34349591 -0.73614568 -0.24858455 0.52754698
1403636750.863555670 3.750832 1.926192 -0.152791 -0.34289424 -0.73685669 -0.24806263 0.52719132
1403636750.913555622 3.756202 1.908685 -0.123122 -0.34190277 -0.73840294 -0.24876104 0.52533945
1403636750.963555574 3.758143 1.895364 -0.090513 -0.34079521 -0.73950626 -0.24979769 0.52401357
1403636751.013555527 3.762694 1.876400 -0.062320 -0.34055703 -0.74032251 -0.25034158 0.52275481
1403636751.063555717 3.764017 1.862664 -0.031766 -0.34054203 -0.74043263 -0.25063767 0.52246666
1403636751.113555431 3.764035 1.845894 -0.006653 -0.34114344 -0.74038298 -0.25024756 0.52233165
1403636751.163555622 3.764294 1.831593 0.019720 -0.34294784 -0.74132850 -0.24874124 0.52052534
1403636751.213555574 3.765955 1.814338 0.042210 -0.34386600 -0.74379846 -0.24827907 0.51660191
1403636751.263555765 3.765219 1.799906 0.066456 -0.34629487 -0.74568944 -0.24590172 0.51338042
1403636751.313555479 3.763836 1.785466 0.090501 -0.34858328 -0.74619970 -0.24365422 0.51216045
1403636751.363555670 3.762140 1.771531 0.114481 -0.35154643 -0.74514024 -0.24076911 0.51304128
1403636751.413555622 3.759245 1.759383 0.137125 -0.35387519 -0.74268460 -0.23865953 0.51597826
1403636751.463555574 3.757356 1.746196 0.160197 -0.35682449 -0.73949932 -0.23554282 0.51993906
1403636751.513555527 3.755655 1.740362 0.181765 -0.35820298 -0.73687321 -0.23303381 0.52383561
1403636751.563555717 3.753745 1.724211 0.198251 -0.35753367 -0.73477900 -0.23088959 0.52816615
1403636751.613555431 3.734409 1.746138 0.222913 -0.35769716 -0.73447008 -0.22708967 0.53012897
1403636751.663555622 3.733621 1.736793 0.243470 -0.35679125 -0.73502467 -0.22378837 0.53137322
1403636751.713555574 3.732647 1.728975 0.262715 -0.35629904 -0.73744623 -0.21999251 0.52993146
1403636751.763555765 3.733032 1.721198 0.281830 -0.35589584 -0.74033431 -0.21640536 0.52764759
1403636751.813555479 3.733934 1.716166 0.297366 -0.35559634 -0.74364069 -0.21312714 0.52452512
1403636751.863555670 3.735693 1.711091 0.315827 -0.35364203 -0.74765336 -0.21299888 0.52017617
1403636751.913555622 3.737394 1.707643 0.333807 -0.34999192 -0.75082035 -0.21506636 0.51722425
1403636751.963555574 3.743347 1.695739 0.356209 -0.34614609 -0.75357777 -0.21744943 0.51480013
1403636752.013555527 3.744824 1.695680 0.373652 -0.34302307 -0.75560537 -0.22014043 0.51277080
1403636752.063555717 3.746115 1.695184 0.391950 -0.34082753 -0.75589546 -0.22206332 0.51297810
1403636752.113555431 3.746875 1.697299 0.407488 -0.33906977 -0.75525096 -0.22350720 0.51446302
1403636752.163555622 3.745592 1.697898 0.424009 -0.33591347 -0.75361906 -0.22495789 0.51828023
1403636752.213555574 3.730019 1.731077 0.421073 -0.33167168 -0.75247897 -0.22548765 0.52242187
1403636752.263555765 3.728915 1.732644 0.436548 -0.32724711 -0.75143584 -0.22441667 0.52715336
1403636752.313555479 3.728387 1.733854 0.458848 -0.32190807 -0.75009738 -0.22293316 0.53294457
1403636752.363555670 3.718674 1.743883 0.483279 -0.31594225 -0.74984261 -0.22024290 0.53796805
1403636752.413555622 3.715901 1.746575 0.504753 -0.30938125 -0.75102508 -0.21639814 0.54167925
1403636752.463555574 3.712863 1.748877 0.526640 -0.30242430 -0.75363621 -0.21112892 0.54405568
1403636752.513555527 3.710992 1.751558 0.549628 -0.29434322 -0.75683872 -0.20629225 0.54589443
1403636752.563555717 3.709432 1.754713 0.572410 -0.28628396 -0.76089809 -0.20042264 0.54672328
1403636752.613555431 3.712348 1.752433 0.593825 -0.27762484 -0.76469540 -0.19468969 0.54796105
1403636752.663555622 3.687354 1.754999 0.585886 -0.26925926 -0.76912673 -0.18946492 0.54776507
1403636752.713555574 3.687628 1.742660 0.641045 -0.25992857 -0.77250831 -0.18280154 0.54977418
1403636752.763555765 3.686692 1.742990 0.655852 -0.25078687 -0.77610485 -0.17630697 0.55107446
1403636752.813555479 3.686360 1.742854 0.669661 -0.24070293 -0.77982480 -0.17096949 0.55200074
1403636752.863555670 3.686006 1.742563 0.680575 -0.23058470 -0.78373458 -0.16501395 0.55259497
1403636752.913555622 3.685276 1.741083 0.690074 -0.21879007 -0.78653176 -0.16117459 0.55454616
1403636752.963555574 3.684783 1.740342 0.697482 -0.20700207 -0.78990951 -0.15671028 0.55554927
1403636753.013555527 3.684220 1.739028 0.703091 -0.19532824 -0.79322964 -0.15181994 0.55640302
1403636753.063555717 3.681606 1.750859 0.706735 -0.18397511 -0.79644794 -0.14656529 0.55708388
1403636753.113555431 3.682081 1.748981 0.710350 -0.17242696 -0.79923576 -0.14042118 0.55836641
1403636753.163555622 3.699910 1.755463 0.715985 -0.16079223 -0.80177510 -0.13320077 0.55996438
1403636753.213555574 3.698083 1.751484 0.715821 -0.14919471 -0.80425363 -0.12668848 0.56113017
1403636753.263555765 3.698217 1.750356 0.714028 -0.13674229 -0.80660365 -0.12128477 0.56212286
1403636753.313555479 3.694332 1.745072 0.710856 -0.12381513 -0.80862729 -0.11672452 0.56317591
1403636753.363555670 3.690534 1.739358 0.708738 -0.11349277 -0.80951230 -0.11068157 0.56529534
1403636753.413555622 3.686817 1.731526 0.704626 -0.10606187 -0.80991937 -0.10366868 0.56748066
1403636753.463555574 3.682553 1.724794 0.701302 -0.10156731 -0.81016064 -0.09564959 0.56936366
1403636753.513555527 3.678211 1.715675 0.699482 -0.09834550 -0.81032640 -0.08908525 0.57075661
1403636753.563555717 3.674075 1.707322 0.699670 -0.09634130 -0.81035419 -0.08285809 0.57199561
1403636753.613555431 3.670548 1.692313 0.702724 -0.09464657 -0.80953264 -0.07903820 0.57397901
1403636753.663555622 3.671229 1.681609 0.708192 -0.09395126 -0.80925805 -0.07599880 0.57489021
1403636753.713555574 3.668693 1.671945 0.711395 -0.09385615 -0.80925736 -0.07375956 0.57519830
1403636753.763555765 3.666047 1.662052 0.714458 -0.09292044 -0.80864267 -0.07396024 0.57618808
1403636753.813555479 3.663212 1.649065 0.714224 -0.09240283 -0.80840955 -0.07447236 0.57653237
1403636753.863555670 3.661694 1.638249 0.714324 -0.09275128 -0.80803513 -0.07511203 0.57691821
1403636753.913555622 3.658880 1.625728 0.712525 -0.09413187 -0.80804318 -0.07474682 0.57673072
1403636753.963555574 3.657955 1.614106 0.710101 -0.09465455 -0.80761737 -0.07574382 0.57711140
1403636754.013555527 3.657453 1.602925 0.707715 -0.09536474 -0.80716505 -0.07730708 0.57741992
1403636754.063555717 3.656405 1.590706 0.707595 -0.09659342 -0.80505144 -0.07804139 0.58006157
1403636754.113555431 3.652692 1.548581 0.710301 -0.09728408 -0.80291314 -0.07933160 0.58272875
1403636754.163555622 3.651993 1.534350 0.713474 -0.09795517 -0.80128300 -0.08093144 0.58463702
1403636754.213555574 3.639488 1.518838 0.716437 -0.09792199 -0.79985361 -0.08381339 0.58619178
1403636754.263555765 3.637802 1.503391 0.720953 -0.09834216 -0.79921780 -0.08587609 0.58668989
1403636754.313555479 3.638445 1.486758 0.727513 -0.09888481 -0.79907797 -0.08742208 0.58656079
1403636754.363555670 3.640067 1.469449 0.737388 -0.09845218 -0.79904762 -0.08909077 0.58642383
1403636754.413555622 3.642916 1.451209 0.746534 -0.09804628 -0.79918467 -0.08846732 0.58639946
1403636754.463555574 3.644630 1.431557 0.755599 -0.09671091 -0.79970239 -0.08681084 0.58616292
1403636754.513555527 3.647698 1.413632 0.765580 -0.09404301 -0.80055706 -0.08544069 0.58563145
1403636754.563555717 3.650402 1.392127 0.772065 -0.08964163 -0.80215430 -0.08389664 0.58435795
1403636754.613555431 3.651836 1.379873 0.777395 -0.08476186 -0.80387236 -0.08098375 0.58313488
1403636754.663555622 3.655177 1.356719 0.780770 -0.07918219 -0.80470408 -0.07681276 0.58333637
1403636754.713555574 3.658692 1.333946 0.785462 -0.07327824 -0.80594726 -0.07150949 0.58306578
1403636754.763555765 3.659714 1.311449 0.786356 -0.06644780 -0.80638822 -0.06592834 0.58393166
1403636754.813555479 3.665815 1.287599 0.786589 -0.05963222 -0.80714770 -0.06134451 0.58411765
1403636754.863555670 3.698271 1.260183 0.791620 -0.05480109 -0.80738583 -0.05573060 0.58482396
1403636754.913555622 3.699053 1.231988 0.790659 -0.04926709 -0.80754532 -0.05272894 0.58537422
1403636754.963555574 3.705824 1.205028 0.787148 -0.04520040 -0.80800047 -0.04845153 0.58544395
1403636755.013555527 3.720508 1.178649 0.784738 -0.04038285 -0.80842408 -0.04720678 0.58531295
1403636755.063555717 3.732659 1.151307 0.781920 -0.03834043 -0.80830215 -0.04392145 0.58587418
1403636755.113555431 3.745803 1.118245 0.780959 -0.03550796 -0.80856971 -0.04212833 0.58581517
1403636755.163555622 3.756694 1.089044 0.778435 -0.03435220 -0.80907861 -0.03941452 0.58537016
1403636755.213555574 3.767881 1.059301 0.778252 -0.03304675 -0.80929971 -0.03765325 0.58525560
1403636755.263555765 3.781679 1.028773 0.780393 -0.03225137 -0.81094655 -0.03657168 0.58308494
1403636755.313555479 3.795457 0.996635 0.786621 -0.03191225 -0.81398669 -0.03527217 0.57893277
1403636755.363555670 3.805017 0.963207 0.791251 -0.03214234 -0.81755114 -0.03418713 0.57394098
1403636755.413555622 3.817001 0.930893 0.799609 -0.03172869 -0.82063174 -0.03431637 0.56954299
1403636755.463555574 3.827274 0.899598 0.806357 -0.03227781 -0.82249530 -0.03383223 0.56684655
1403636755.513555527 3.837448 0.867660 0.813253 -0.03221867 -0.82302663 -0.03495318 0.56601007
1403636755.563555717 3.846164 0.836141 0.818760 -0.03176314 -0.82310446 -0.03670646 0.56581162
1403636755.613555431 3.854005 0.804544 0.822883 -0.03165466 -0.82214919 -0.03804631 0.56711654
1403636755.663555622 3.854795 0.770262 0.824529 -0.03329782 -0.82123782 -0.03731478 0.56839011
1403636755.713555574 3.862544 0.738989 0.825694 -0.03404307 -0.82070449 -0.03744454 0.56910730
1403636755.763555765 3.868399 0.706506 0.825367 -0.03543625 -0.81961374 -0.03674944 0.57063742
1403636755.813555479 3.872078 0.673732 0.824642 -0.03635589 -0.81786278 -0.03649683 0.57310269
1403636755.863555670 3.877819 0.641055 0.821746 -0.03712445 -0.81690398 -0.03599536 0.57445103
1403636755.913555622 3.883447 0.607186 0.820141 -0.03721681 -0.81520849 -0.03625392 0.57683246
1403636755.963555574 3.887072 0.573570 0.817969 -0.03804683 -0.81469856 -0.03529488 0.57755777
1403636756.013555527 3.884762 0.538101 0.818797 -0.03839467 -0.81401225 -0.03496647 0.57852160
1403636756.063555717 3.888567 0.504814 0.818800 -0.03872016 -0.81341815 -0.03463176 0.57935508
1403636756.113555431 3.894802 0.467719 0.822980 -0.03768531 -0.81292656 -0.03591975 0.58003447
1403636756.163555622 3.897254 0.433981 0.826901 -0.03723957 -0.81229126 -0.03618937 0.58093584
1403636756.213555574 3.902785 0.397592 0.831748 -0.03749105 -0.81149371 -0.03595618 0.58204771
1403636756.263555765 3.906205 0.362824 0.838779 -0.03758057 -0.81132973 -0.03528365 0.58231163
1403636756.313555479 3.906116 0.327134 0.844548 -0.03728042 -0.81121929 -0.03516090 0.58249218
1403636756.363555670 3.911970 0.293021 0.851873 -0.03657890 -0.81091422 -0.03513741 0.58296267
1403636756.413555622 3.922624 0.258477 0.853921 -0.03578210 -0.81049337 -0.03558670 0.58356981
1403636756.463555574 3.925559 0.226178 0.853903 -0.03564857 -0.81031436 -0.03475945 0.58387635
1403636756.513555527 3.935033 0.189827 0.852987 -0.03550189 -0.81017750 -0.03389873 0.58412576
1403636756.563555717 3.937347 0.151042 0.844126 -0.03483001 -0.80990505 -0.03415358 0.58452906
1403636756.613555431 3.947105 0.114737 0.840524 -0.03468994 -0.80944973 -0.03369953 0.58519406
1403636756.663555622 3.953392 0.078815 0.837649 -0.03452306 -0.80923492 -0.03282599 0.58555056
1403636756.713555574 3.995288 0.040411 0.847238 -0.03540564 -0.80832727 -0.03280650 0.58675140
1403636756.763555765 4.009394 0.004813 0.846724 -0.03494110 -0.80797648 -0.03239496 0.58728502
1403636756.813555479 4.018403 -0.035448 0.844874 -0.03479752 -0.80754082 -0.03139423 0.58794674
1403636756.863555670 4.034812 -0.074071 0.843813 -0.03428943 -0.80759289 -0.03080272 0.58793634
1403636756.913555622 4.046533 -0.109959 0.848581 -0.03389033 -0.80783093 -0.03084605 0.58763012
1403636756.963555574 4.056114 -0.148492 0.853709 -0.03407135 -0.80806177 -0.02978584 0.58735689
1403636757.013555527 4.067833 -0.190917 0.863962 -0.03327857 -0.80792569 -0.03023133 0.58756675
1403636757.063555717 4.081700 -0.228730 0.869021 -0.03437450 -0.80815076 -0.02796313 0.58730640
1403636757.113555431 4.090756 -0.263345 0.875672 -0.03399470 -0.80798713 -0.02807599 0.58754821
1403636757.163555622 4.105665 -0.300716 0.879363 -0.03410076 -0.80850699 -0.02782461 0.58683845
1403636757.213555574 4.121930 -0.334679 0.882152 -0.03427680 -0.80818401 -0.02740502 0.58729266
1403636757.263555765 4.141803 -0.370925 0.885340 -0.03354060 -0.80834872 -0.02788028 0.58708608
1403636757.313555479 4.164119 -0.404023 0.889359 -0.03190320 -0.80893551 -0.02968365 0.58628015
1403636757.363555670 4.179196 -0.440381 0.888883 -0.03202446 -0.80953334 -0.02917707 0.58547323
1403636757.413555622 4.182297 -0.479838 0.873435 -0.03123092 -0.81061795 -0.03071531 0.58393471
1403636757.463555574 4.176617 -0.536184 0.852863 -0.03127741 -0.81191292 -0.03240283 0.58203882
1403636757.513555527 4.190929 -0.572541 0.852578 -0.02885154 -0.81365574 -0.03254390 0.57971787
1403636757.563555717 4.213859 -0.616422 0.854677 -0.02598835 -0.81630918 -0.03108154 0.57619255
1403636757.613555431 4.228785 -0.657996 0.851388 -0.02294613 -0.81958925 -0.02946458 0.57173314
1403636757.663555622 4.242834 -0.696732 0.855406 -0.02010587 -0.82339213 -0.02708803 0.56646923
1403636757.713555574 4.262004 -0.734450 0.859470 -0.01723788 -0.82685299 -0.02410015 0.56163705
1403636757.763555765 4.275831 -0.774235 0.865442 -0.01506211 -0.82965482 -0.02099049 0.55767859
1403636757.813555479 4.285629 -0.813043 0.873561 -0.01248383 -0.83190834 -0.01809781 0.55447735
1403636757.863555670 4.300273 -0.847754 0.888360 -0.01080225 -0.83312200 -0.01460980 0.55279073
1403636757.913555622 4.359843 -0.869034 0.911768 -0.00824850 -0.83269027 -0.01121242 0.55356406
1403636757.963555574 4.367277 -0.909189 0.928262 -0.00769197 -0.83103470 -0.00800948 0.55610971
1403636758.013555527 4.374561 -0.944683 0.943739 -0.00601832 -0.82635012 -0.00715838 0.56307905
1403636758.063555717 4.382491 -0.981266 0.951389 -0.00509642 -0.82235807 -0.00531806 0.56892262
1403636758.113555431 4.366983 -1.021122 0.961800 -0.00520143 -0.81866597 -0.00404398 0.57423221
1403636758.163555622 4.368933 -1.058356 0.974293 -0.00486706 -0.81564645 -0.00282097 0.57852331
1403636758.213555574 4.372357 -1.092907 0.990607 -0.00463191 -0.81271669 -0.00244329 0.58263553
1403636758.263555765 4.377505 -1.129989 0.998988 -0.00496565 -0.81138127 -0.00117832 0.58449499
1403636758.313555479 4.389861 -1.158515 1.014996 -0.00586244 -0.80989704 0.00007095 0.58654276
1403636758.363555670 4.396782 -1.194503 1.019320 -0.00647076 -0.81082709 0.00124744 0.58524867
1403636758.413555622 4.403049 -1.231079 1.019856 -0.00833312 -0.81477043 0.00407255 0.57970951
1403636758.463555574 4.410827 -1.266401 1.019503 -0.01081090 -0.81992437 0.00762136 0.57231903
1403636758.513555527 4.416365 -1.300856 1.018227 -0.01468412 -0.82603810 0.01292615 0.56327467
1403636758.563555717 4.409145 -1.332560 1.015132 -0.01953365 -0.83212642 0.01933503 0.55390452
1403636758.613555431 4.409316 -1.368309 1.006582 -0.02282062 -0.83666620 0.02548686 0.54664367
1403636758.663555622 4.411078 -1.398631 1.004676 -0.02386026 -0.83735833 0.02621152 0.54550405
1403636758.713555574 4.410571 -1.427544 1.000827 -0.02364239 -0.83377837 0.02489687 0.55103068
1403636758.763555765 4.408478 -1.453484 0.999647 -0.02175196 -0.82901642 0.02067245 0.55841856
1403636758.813555479 4.407760 -1.484868 0.980119 -0.02090959 -0.82425145 0.01941479 0.56550455
1403636758.863555670 4.404164 -1.508483 0.976937 -0.01861797 -0.81958173 0.01589675 0.57243904
1403636758.913555622 4.400695 -1.530576 0.971949 -0.01522769 -0.81683759 0.01057966 0.57656963
1403636758.963555574 4.397857 -1.551932 0.966606 -0.01377440 -0.81432540 0.00808934 0.58018874
1403636759.013555527 4.394566 -1.573144 0.959512 -0.01241091 -0.81318276 0.00637502 0.58184115
1403636759.063555717 4.392653 -1.593634 0.952417 -0.01368813 -0.81159648 0.00850736 0.58399607
1403636759.113555431 4.389308 -1.614268 0.941474 -0.01816052 -0.81056137 0.01479962 0.58518496
1403636759.163555622 4.388232 -1.633442 0.932648 -0.02442707 -0.80968631 0.02444783 0.58584443
1403636759.213555574 4.382965 -1.645711 0.924762 -0.03050129 -0.80910434 0.03370667 0.58590417
1403636759.263555765 4.388436 -1.658486 0.907115 -0.03410593 -0.80790157 0.04047587 0.58693572
1403636759.313555479 4.388892 -1.669998 0.897120 -0.03492228 -0.80783339 0.04243277 0.58684334
1403636759.363555670 4.390656 -1.679844 0.885412 -0.03046148 -0.80761729 0.03646448 0.58778972
1403636759.413555622 4.390077 -1.688174 0.871067 -0.02522524 -0.80844234 0.02934325 0.58730200
1403636759.463555574 4.393255 -1.694088 0.857531 -0.02026040 -0.80807743 0.02263591 0.58829245
1403636759.513555527 4.389388 -1.696558 0.843813 -0.01513343 -0.80870121 0.01591213 0.58780961
1403636759.563555717 4.393522 -1.700520 0.828934 -0.01136996 -0.80851496 0.01191334 0.58824514
1403636759.613555431 4.396522 -1.702774 0.816817 -0.00717296 -0.80866986 0.00681192 0.58817957
1403636759.663555622 4.401865 -1.705687 0.805540 -0.00479621 -0.80891439 0.00425521 0.58789149
1403636759.713555574 4.405074 -1.707940 0.796593 -0.00293844 -0.80943459 0.00271413 0.58719643
1403636759.763555765 4.409864 -1.709429 0.785819 -0.00294548 -0.80895585 0.00363920 0.58785075
1403636759.813555479 4.414690 -1.711454 0.783676 -0.00171020 -0.80846376 0.00215749 0.58853953
1403636759.863555670 4.420854 -1.714536 0.781306 -0.00228068 -0.80918108 0.00275728 0.58754844
1403636759.913555622 4.428370 -1.716300 0.780196 -0.00228389 -0.81224692 0.00270409 0.58330302
1403636759.963555574 4.435901 -1.719451 0.776169 -0.00224589 -0.81558580 0.00241762 0.57862675
1403636760.013555527 4.443266 -1.722429 0.773321 -0.00279261 -0.81827044 0.00299207 0.57481887
1403636760.063555717 4.450710 -1.725747 0.768072 -0.00415473 -0.82057983 0.00446954 0.57149934
1403636760.113555431 4.456023 -1.728891 0.763744 -0.00405396 -0.82339483 0.00376767 0.56744191
1403636760.163555622 4.462168 -1.732057 0.757965 -0.00407817 -0.82528400 0.00366655 0.56469128
1403636760.213555574 4.466441 -1.734141 0.753272 -0.00483977 -0.82279725 0.00435714 0.56829771
1403636760.263555765 4.446859 -1.740129 0.717548 -0.00533503 -0.81874531 0.00505357 0.57410985
1403636760.313555479 4.451292 -1.741671 0.711657 -0.00616880 -0.81470275 0.00629563 0.57981181
1403636760.363555670 4.454645 -1.743342 0.704419 -0.00527630 -0.81238352 0.00483557 0.58307958
1403636760.413555622 4.459536 -1.745193 0.697913 -0.00406934 -0.81010118 0.00318173 0.58626734
1403636760.463555574 4.456973 -1.746172 0.674061 -0.00356811 -0.80968757 0.00198197 0.58684699
1403636760.513555527 4.462674 -1.747377 0.666128 -0.00253832 -0.81084381 0.00049517 0.58525689
1403636760.563555717 4.467947 -1.750467 0.658460 -0.00181280 -0.81389565 0.00011175 0.58100824
1403636760.613555431 4.475452 -1.751231 0.649925 -0.00120064 -0.81704982 -0.00050754 0.57656560
1403636760.663555622 4.481162 -1.753517 0.641462 0.00027161 -0.81947951 -0.00222927 0.57310408
1403636760.713555574 4.488363 -1.754749 0.634067 0.00150045 -0.82135023 -0.00331704 0.57041260
1403636760.763555765 4.493275 -1.757568 0.627236 0.00298151 -0.82124564 -0.00499922 0.57054510
1403636760.813555479 4.499675 -1.756630 0.620961 0.00379208 -0.81964111 -0.00546755 0.57283869
1403636760.863555670 4.512423 -1.759030 0.624560 0.00502955 -0.81750185 -0.00717835 0.57585927
1403636760.913555622 4.518012 -1.763011 0.618573 0.00627895 -0.81567579 -0.00793534 0.57842079
1403636760.963555574 4.534772 -1.767110 0.618941 0.00686839 -0.81564430 -0.00742943 0.57846521
1403636761.013555527 4.540488 -1.772620 0.612303 0.00584150 -0.81784188 -0.00543306 0.57538771
1403636761.063555717 4.545541 -1.778893 0.605978 0.00442084 -0.82056736 -0.00330761 0.57152317
1403636761.113555431 4.555636 -1.782164 0.604487 0.00321065 -0.82427239 -0.00106513 0.56618335
1403636761.163555622 4.562976 -1.789762 0.594872 0.00293587 -0.82825685 -0.00041994 0.56034078
1403636761.213555574 4.567360 -1.801806 0.593101 0.00328736 -0.83215155 -0.00136578 0.55453685
1403636761.263555765 4.570939 -1.809376 0.588514 0.00233593 -0.83452665 0.00004754 0.55096262
1403636761.313555479 4.570804 -1.817093 0.584400 0.00274877 -0.83507722 -0.00053353 0.55012561
1403636761.363555670 4.569272 -1.824829 0.582100 0.00261585 -0.83334326 0.00006093 0.55274964
1403636761.413555622 4.565886 -1.832338 0.580701 0.00268270 -0.82925402 -0.00025041 0.55886538
1403636761.463555574 4.562197 -1.839852 0.580853 0.00308242 -0.82477241 -0.00110365 0.56545535
1403636761.513555527 4.557516 -1.847311 0.581115 0.00258858 -0.82054082 -0.00076649 0.57158155
1403636761.563555717 4.553183 -1.854912 0.582566 0.00223526 -0.81700167 -0.00109645 0.57662993
1403636761.613555431 4.547288 -1.863166 0.582793 0.00138427 -0.81427659 -0.00057935 0.58047514
1403636761.663555622 4.543441 -1.870973 0.584366 -0.00153171 -0.81287424 0.00283337 0.58243034
1403636761.713555574 4.536928 -1.878695 0.585731 -0.00590251 -0.81182491 0.00814992 0.58381422
1403636761.763555765 4.533644 -1.885920 0.587881 -0.00965057 -0.81140405 0.01313627 0.58425832
1403636761.813555479 4.528095 -1.892366 0.589683 -0.01294242 -0.81111951 0.01713959 0.58448599
1403636761.863555670 4.525709 -1.897834 0.592833 -0.01479765 -0.81116095 0.01951033 0.58431010
1403636761.913555622 4.521769 -1.902067 0.595972 -0.01431554 -0.81177441 0.01814649 0.58351356
1403636761.963555574 4.520403 -1.904822 0.600081 -0.01217496 -0.81217873 0.01461814 0.58309845
1403636762.013555527 4.517479 -1.908021 0.603460 -0.00687234 -0.81203229 0.00641159 0.58353682
1403636762.063555717 4.516268 -1.909691 0.608550 -0.00174333 -0.81186598 -0.00196302 0.58383794
1403636762.113555431 4.514115 -1.913329 0.612765 0.00560967 -0.81186108 -0.01285879 0.58368207
1403636762.163555622 4.513669 -1.916193 0.618096 0.01026538 -0.81283198 -0.02029191 0.58205415
1403636762.213555574 4.508691 -1.915754 0.590025 0.01184594 -0.81678505 -0.02224927 0.57639120
1403636762.263555765 4.507050 -1.921367 0.592539 0.01068755 -0.82126903 -0.02120118 0.57004691
1403636762.313555479 4.505552 -1.927997 0.593965 0.00850116 -0.82577870 -0.01872950 0.56361908
1403636762.363555670 4.502804 -1.935321 0.592727 0.00606546 -0.82968387 -0.01569465 0.55797990
1403636762.413555622 4.504217 -1.945561 0.591227 0.00286916 -0.83118713 -0.01306074 0.55583193
1403636762.463555574 4.498982 -1.954389 0.586129 -0.00238471 -0.83162569 -0.00577198 0.55530146
1403636762.513555527 4.495306 -1.963465 0.577255 -0.01097117 -0.82868249 0.00650866 0.55957358
1403636762.563555717 4.488210 -1.972165 0.568783 -0.01903522 -0.82479811 0.01783717 0.56482526
1403636762.613555431 4.486501 -1.978369 0.565762 -0.02616180 -0.82049427 0.02879254 0.57032947
1403636762.663555622 4.476670 -1.981022 0.560603 -0.02971461 -0.81667580 0.03508697 0.57526219
1403636762.713555574 4.450744 -1.987016 0.533102 -0.02696465 -0.81457080 0.03146959 0.57858187
