1403636620.763555765 4.566971 -1.675360 0.571654 -0.08900100 -0.79174200 -0.02385900 0.60386600
1403636620.813555479 4.566947 -1.675282 0.571710 -0.08901500 -0.79173800 -0.02375100 0.60387300
1403636620.863555431 4.567018 -1.675221 0.571710 -0.08900300 -0.79173000 -0.02376700 0.60388400
1403636620.913555622 4.567062 -1.675168 0.571748 -0.08904900 -0.79171600 -0.02371900 0.60389900
1403636620.963555574 4.567072 -1.675095 0.571780 -0.08908000 -0.79174700 -0.02373700 0.60385300
1403636621.013555527 4.567091 -1.675028 0.571779 -0.08908600 -0.79179100 -0.02372600 0.60379400
1403636621.063555717 4.567096 -1.674831 0.571838 -0.08883000 -0.79178200 -0.02423800 0.60382300
1403636621.113555431 4.567144 -1.675097 0.571846 -0.08908100 -0.79174800 -0.02363500 0.60385500
1403636621.163555384 4.567124 -1.675092 0.571842 -0.08873500 -0.79178400 -0.02407000 0.60384200
1403636621.213555574 4.567045 -1.675263 0.571816 -0.08898900 -0.79171700 -0.02372500 0.60390600
1403636621.263555765 4.566977 -1.675229 0.571795 -0.08877300 -0.79178700 -0.02407800 0.60383100
1403636621.313555479 4.566817 -1.675336 0.571779 -0.08898600 -0.79175700 -0.02375300 0.60385300
1403636621.363555431 4.566712 -1.675266 0.571795 -0.08881400 -0.79176300 -0.02400200 0.60386000
1403636621.413555622 4.566680 -1.675382 0.571724 -0.08903200 -0.79177700 -0.02367900 0.60382200
1403636621.463555574 4.566706 -1.675337 0.571727 -0.08885900 -0.79176400 -0.02393900 0.60385400
1403636621.513555527 4.566761 -1.675384 0.571714 -0.08897200 -0.79177600 -0.02374800 0.60383000
1403636621.563555717 4.566855 -1.675237 0.571694 -0.08887100 -0.79181100 -0.02392300 0.60379300
1403636621.613555431 4.566883 -1.675325 0.571720 -0.08901500 -0.79180500 -0.02374500 0.60378600
1403636621.663555384 4.566886 -1.675259 0.571812 -0.08889300 -0.79180700 -0.02394900 0.60379300
1403636621.713555574 4.566864 -1.675280 0.571847 -0.08898800 -0.79181100 -0.02374200 0.60378300
1403636621.763555765 4.566843 -1.675233 0.571875 -0.08891200 -0.79182900 -0.02383000 0.60376700
1403636621.813555479 4.566875 -1.675194 0.571893 -0.08896400 -0.79182700 -0.02376100 0.60376300
1403636621.863555431 4.566860 -1.675229 0.571845 -0.08894000 -0.79185300 -0.02381800 0.60373100
1403636621.913555622 4.566832 -1.675222 0.571802 -0.08898400 -0.79185600 -0.02381500 0.60372000
1403636621.963555574 4.566816 -1.675183 0.571785 -0.08902400 -0.79181800 -0.02374700 0.60376700
1403636622.013555527 4.566823 -1.675120 0.571765 -0.08897400 -0.79186000 -0.02388500 0.60371400
1403636622.063555717 4.566839 -1.675175 0.571750 -0.08904100 -0.79181400 -0.02378500 0.60376900
1403636622.113555431 4.566852 -1.675153 0.571704 -0.08902400 -0.79186600 -0.02384200 0.60370000
1403636622.163555384 4.566815 -1.675188 0.571667 -0.08901500 -0.79187800 -0.02378500 0.60368900
1403636622.213555574 4.566805 -1.675177 0.571629 -0.08904200 -0.79188000 -0.02372400 0.60368400
1403636622.263555765 4.566856 -1.675162 0.571618 -0.08899200 -0.79190500 -0.02375400 0.60365800
1403636622.313555479 4.566890 -1.675060 0.571660 -0.08906500 -0.79190800 -0.02376800 0.60364200
1403636622.363555431 4.567046 -1.675056 0.571681 -0.08902100 -0.79194400 -0.02381300 0.60360000
1403636622.413555622 4.567126 -1.675114 0.571720 -0.08907400 -0.79194800 -0.02374400 0.60359000
1403636622.463555574 4.567089 -1.675132 0.571695 -0.08906200 -0.79195800 -0.02375600 0.60357700
1403636622.513555527 4.567036 -1.675130 0.571643 -0.08909400 -0.79194200 -0.02374400 0.60359400
1403636622.563555717 4.566991 -1.675122 0.571622 -0.08913100 -0.79195500 -0.02373900 0.60357200
1403636622.613555431 4.566954 -1.675221 0.571616 -0.08911000 -0.79193700 -0.02378400 0.60359700
1403636622.663555384 4.566900 -1.675300 0.571622 -0.08911200 -0.79190700 -0.02369700 0.60363900
1403636622.713555574 4.566885 -1.675391 0.571615 -0.08920300 -0.79188400 -0.02366300 0.60365700
1403636622.763555765 4.566938 -1.675449 0.571618 -0.08916200 -0.79187500 -0.02370300 0.60367400
1403636622.813555479 4.567042 -1.675526 0.571650 -0.08928100 -0.79188100 -0.02367300 0.60365000
1403636622.863555431 4.567128 -1.675442 0.571748 -0.08938800 -0.79179000 -0.02372700 0.60375100
1403636622.913555622 4.567141 -1.675246 0.571845 -0.08949000 -0.79170600 -0.02375600 0.60384600
1403636622.963555574 4.567117 -1.675165 0.571943 -0.08966800 -0.79169700 -0.02362000 0.60383600
1403636623.013555527 4.567064 -1.675018 0.572032 -0.08960200 -0.79161100 -0.02382100 0.60395000
1403636623.063555717 4.566979 -1.674871 0.572042 -0.08966800 -0.79163600 -0.02375000 0.60391100
1403636623.113555431 4.566895 -1.674848 0.572049 -0.08972600 -0.79165800 -0.02373800 0.60387400
1403636623.163555384 4.566768 -1.674828 0.572015 -0.08972200 -0.79164200 -0.02378700 0.60389300
1403636623.213555574 4.566626 -1.674797 0.572009 -0.08972600 -0.79173300 -0.02376800 0.60377500
1403636623.263555765 4.566364 -1.674807 0.571993 -0.08980200 -0.79173200 -0.02366900 0.60376800
1403636623.313555479 4.565997 -1.674642 0.572066 -0.08976900 -0.79169100 -0.02382600 0.60382100
1403636623.363555431 4.565918 -1.674832 0.572040 -0.08995700 -0.79170500 -0.02359200 0.60378400
1403636623.413555622 4.565847 -1.674815 0.572002 -0.08984200 -0.79170300 -0.02373000 0.60379800
1403636623.463555574 4.566040 -1.675181 0.572084 -0.08994100 -0.79164300 -0.02366700 0.60386400
1403636623.513555527 4.566811 -1.675271 0.571999 -0.08996800 -0.79168100 -0.02369700 0.60381000
1403636623.563555717 4.567659 -1.675313 0.571837 -0.09005300 -0.79173500 -0.02361100 0.60372900
1403636623.613555431 4.568258 -1.675337 0.571752 -0.09018600 -0.79175900 -0.02366400 0.60367600
1403636623.663555384 4.568080 -1.675355 0.571828 -0.09015800 -0.79184700 -0.02361500 0.60356600
1403636623.713555574 4.567783 -1.675250 0.571940 -0.09028100 -0.79176600 -0.02375600 0.60364800
1403636623.763555765 4.567503 -1.675168 0.571981 -0.09047700 -0.79169000 -0.02379500 0.60371700
1403636623.813555479 4.567197 -1.675026 0.571907 -0.09071500 -0.79192300 -0.02393000 0.60337100
1403636623.863555431 4.566869 -1.674826 0.571881 -0.09098500 -0.79173500 -0.02398800 0.60357400
1403636623.913555622 4.566647 -1.674759 0.571766 -0.09098300 -0.79182600 -0.02417500 0.60344700
1403636623.963555574 4.566659 -1.674824 0.571689 -0.09136100 -0.79178900 -0.02408100 0.60344400
1403636624.013555527 4.566856 -1.674783 0.571674 -0.09110600 -0.79178800 -0.02426000 0.60347500
1403636624.063555717 4.566766 -1.674620 0.571846 -0.09139000 -0.79176700 -0.02425600 0.60346000
1403636624.113555431 4.566843 -1.674718 0.571695 -0.09181500 -0.79204100 -0.02476100 0.60301600
1403636624.163555384 4.567448 -1.674806 0.571636 -0.09231400 -0.79200000 -0.02466700 0.60299800
1403636624.213555574 4.567980 -1.674845 0.571526 -0.09224700 -0.79213700 -0.02478100 0.60282200
1403636624.263555765 4.568252 -1.674734 0.571853 -0.09231000 -0.79230100 -0.02464700 0.60260400
1403636624.313555479 4.568009 -1.674154 0.571978 -0.09262500 -0.79388800 -0.02568800 0.60042000
1403636624.363555431 4.568579 -1.673318 0.571766 -0.09335300 -0.79671800 -0.02662100 0.59650500
1403636624.413555622 4.570414 -1.671886 0.571886 -0.09427500 -0.79886700 -0.02787300 0.59342100
1403636624.463555574 4.573070 -1.670144 0.571735 -0.09586500 -0.80153200 -0.02810400 0.58954900
1403636624.513555527 4.576484 -1.668125 0.571705 -0.09727000 -0.80421900 -0.02917000 0.58559400
1403636624.563555717 4.580255 -1.665873 0.571948 -0.09851200 -0.80612700 -0.03033500 0.58269600
1403636624.613555431 4.584392 -1.662938 0.572127 -0.09801300 -0.80675400 -0.03233500 0.58180500
1403636624.663555384 4.588507 -1.659158 0.572132 -0.09706400 -0.80585200 -0.03506500 0.58305400
1403636624.713555574 4.593311 -1.654758 0.571072 -0.09450100 -0.80616300 -0.03894200 0.58280000
1403636624.763555765 4.599081 -1.649877 0.570660 -0.09278700 -0.80497700 -0.04148500 0.58453800
1403636624.813555479 4.606058 -1.644447 0.570487 -0.08841900 -0.80781400 -0.04719300 0.58086400
1403636624.863555431 4.613820 -1.638986 0.572021 -0.08440000 -0.81064800 -0.05208700 0.57707700
1403636624.913555622 4.622305 -1.633375 0.575424 -0.07983100 -0.81534900 -0.05805800 0.57050700
1403636624.963555574 4.631364 -1.628328 0.581300 -0.07546100 -0.81966900 -0.06358000 0.56428000
1403636625.013555527 4.640324 -1.623922 0.589431 -0.07274200 -0.82345000 -0.06679000 0.55873000
1403636625.063555717 4.648735 -1.620387 0.599426 -0.07109600 -0.82724200 -0.06871800 0.55308300
1403636625.113555431 4.656051 -1.618147 0.611254 -0.07075800 -0.83023500 -0.06819100 0.54868400
1403636625.163555384 4.662071 -1.616815 0.624433 -0.07352800 -0.83136000 -0.06403500 0.54711500
1403636625.213555574 4.666672 -1.615971 0.638907 -0.07544600 -0.83029000 -0.06051900 0.54887600
1403636625.263555765 4.670084 -1.615389 0.653577 -0.07705600 -0.82787800 -0.05782000 0.55257400
1403636625.313555479 4.671904 -1.614962 0.665206 -0.07795300 -0.82560200 -0.05563500 0.55606800
1403636625.363555431 4.673126 -1.614784 0.671613 -0.07807400 -0.82418900 -0.05391600 0.55831100
1403636625.413555622 4.673837 -1.614435 0.672710 -0.07792900 -0.82496900 -0.05315200 0.55725100
1403636625.463555574 4.673844 -1.614049 0.670319 -0.07746900 -0.82680400 -0.05264900 0.55463700
1403636625.513555527 4.672463 -1.613582 0.665946 -0.07750100 -0.82770800 -0.05196200 0.55334800
1403636625.563555717 4.670000 -1.613461 0.661772 -0.07678900 -0.82842700 -0.05175000 0.55239000
1403636625.613555431 4.666289 -1.613357 0.660209 -0.07565800 -0.82857500 -0.05214200 0.55228700
1403636625.663555384 4.661629 -1.613464 0.662505 -0.07477600 -0.82779900 -0.05249400 0.55353600
1403636625.713555574 4.655261 -1.613830 0.669651 -0.07432200 -0.82602800 -0.05173300 0.55630900
1403636625.763555765 4.648056 -1.614334 0.680604 -0.07344500 -0.82315700 -0.05219300 0.56062100
1403636625.813555479 4.640080 -1.615053 0.695786 -0.07312000 -0.82017800 -0.05185700 0.56504500
1403636625.863555431 4.631387 -1.615996 0.715045 -0.07313500 -0.81665400 -0.05095100 0.57021000
1403636625.913555622 4.622801 -1.617358 0.737144 -0.07341300 -0.81444400 -0.04997700 0.57340600
1403636625.963555574 4.614230 -1.618781 0.761252 -0.07347400 -0.81272200 -0.04935500 0.57589200
1403636626.013555527 4.605854 -1.620291 0.785594 -0.07357100 -0.81126700 -0.04863300 0.57798800
1403636626.063555717 4.598758 -1.622183 0.809183 -0.07565400 -0.81020200 -0.04503600 0.57950200
1403636626.113555431 4.591704 -1.623978 0.831973 -0.07831200 -0.80942600 -0.04063700 0.58056000
1403636626.163555384 4.584989 -1.625392 0.853857 -0.08107900 -0.80853800 -0.03641200 0.58169400
1403636626.213555574 4.578643 -1.626181 0.873689 -0.08345700 -0.80786100 -0.03263900 0.58252100
1403636626.263555765 4.573034 -1.626147 0.890607 -0.08488700 -0.80743700 -0.03041700 0.58302200
1403636626.313555479 4.567656 -1.625353 0.903971 -0.08524200 -0.80725900 -0.02938000 0.58326900
1403636626.363555431 4.563049 -1.623780 0.913589 -0.08511000 -0.80718300 -0.02954300 0.58338500
1403636626.413555622 4.558981 -1.621374 0.919865 -0.08385400 -0.80694900 -0.03088900 0.58382200
1403636626.463555574 4.555181 -1.618093 0.923955 -0.08179000 -0.80668700 -0.03329300 0.58434400
1403636626.513555527 4.552010 -1.614142 0.927297 -0.07915900 -0.80504100 -0.03627800 0.58679400
1403636626.563555717 4.549683 -1.609682 0.929721 -0.07615900 -0.80324700 -0.03954300 0.58943400
1403636626.613555431 4.548298 -1.604952 0.931148 -0.07319400 -0.80157000 -0.04227300 0.59189700
1403636626.663555384 4.548043 -1.600133 0.931499 -0.07053700 -0.80028500 -0.04454300 0.59378900
1403636626.713555574 4.548995 -1.595470 0.930224 -0.06918800 -0.80068700 -0.04493700 0.59337500
1403636626.763555765 4.551061 -1.591042 0.927619 -0.06815300 -0.80220900 -0.04440000 0.59147800
1403636626.813555479 4.553938 -1.586783 0.924128 -0.06751500 -0.80398000 -0.04378600 0.58918800
1403636626.863555431 4.557896 -1.582633 0.919264 -0.06695900 -0.80625900 -0.04322200 0.58617000
1403636626.913555622 4.562374 -1.578693 0.913799 -0.06655300 -0.80877700 -0.04279700 0.58277000
1403636626.963555574 4.567393 -1.574855 0.907504 -0.06619000 -0.81161600 -0.04299300 0.57883600
1403636627.013555527 4.572777 -1.571179 0.900558 -0.06601500 -0.81418300 -0.04278700 0.57525500
1403636627.063555717 4.578145 -1.567568 0.894143 -0.06614300 -0.81649700 -0.04282200 0.57195000
1403636627.113555431 4.583552 -1.564115 0.889209 -0.06612400 -0.81931500 -0.04233200 0.56794300
1403636627.163555384 4.588190 -1.560664 0.888326 -0.06613200 -0.81863300 -0.04192800 0.56895600
1403636627.213555574 4.593112 -1.557457 0.890240 -0.06558600 -0.81713400 -0.04250300 0.57112600
1403636627.263555765 4.597004 -1.554127 0.895160 -0.06520100 -0.81480900 -0.04291100 0.57445200
1403636627.313555479 4.601397 -1.551079 0.902354 -0.06531500 -0.81282500 -0.04196800 0.57731200
1403636627.363555431 4.605311 -1.547851 0.911724 -0.06581900 -0.81195800 -0.04127200 0.57852400
1403636627.413555622 4.609711 -1.544793 0.923219 -0.06622700 -0.81166900 -0.04033900 0.57894800
1403636627.463555574 4.614648 -1.541498 0.936903 -0.06752500 -0.81091500 -0.03963800 0.57990200
1403636627.513555527 4.619269 -1.537765 0.950098 -0.07018200 -0.81133700 -0.03967800 0.57899300
1403636627.563555717 4.624157 -1.533460 0.960063 -0.07378600 -0.81157100 -0.04091200 0.57813000
1403636627.613555431 4.629722 -1.528826 0.965756 -0.07755300 -0.81206100 -0.04322500 0.57678000
1403636627.663555384 4.635650 -1.524288 0.967000 -0.08073600 -0.81357000 -0.04523600 0.57405700
1403636627.713555574 4.642063 -1.519575 0.964289 -0.08469200 -0.81598200 -0.04790900 0.56983200
1403636627.763555765 4.648209 -1.514355 0.959319 -0.08933900 -0.81901000 -0.05118700 0.56447000
1403636627.813555479 4.653572 -1.508839 0.953509 -0.09423300 -0.82168000 -0.05488000 0.55942300
1403636627.863555431 4.658332 -1.502789 0.947169 -0.09968000 -0.82410100 -0.05901100 0.55447600
1403636627.913555622 4.662101 -1.496693 0.941717 -0.10395800 -0.82642700 -0.06254100 0.54982700
1403636627.963555574 4.664632 -1.490629 0.938265 -0.10723100 -0.82751200 -0.06611600 0.54713500
1403636628.013555527 4.665149 -1.484186 0.937077 -0.11015800 -0.82774600 -0.06931200 0.54580100
1403636628.063555717 4.662917 -1.477275 0.939256 -0.11249900 -0.82622500 -0.07182500 0.54730200
1403636628.113555431 4.660033 -1.470612 0.945151 -0.11449800 -0.82232500 -0.07406500 0.55244000
1403636628.163555384 4.655813 -1.463883 0.953339 -0.11653800 -0.81688100 -0.07535000 0.55986900
1403636628.213555574 4.651034 -1.457093 0.962984 -0.11851100 -0.81171600 -0.07575800 0.56686600
1403636628.263555765 4.646108 -1.450403 0.973806 -0.12139000 -0.80768300 -0.07446800 0.57216200
1403636628.313555479 4.641685 -1.443670 0.985606 -0.12430900 -0.80472100 -0.07182200 0.57603300
1403636628.363555431 4.637608 -1.436438 0.997895 -0.12609300 -0.80337200 -0.07016100 0.57773100
1403636628.413555622 4.634010 -1.428778 1.009737 -0.12767300 -0.80284900 -0.06851800 0.57830600
1403636628.463555574 4.630962 -1.420679 1.020342 -0.12841500 -0.80265000 -0.06723500 0.57857000
1403636628.513555527 4.628438 -1.411968 1.029395 -0.12885700 -0.80285600 -0.06589700 0.57833900
1403636628.563555717 4.626574 -1.402784 1.036760 -0.12939100 -0.80316300 -0.06443100 0.57795800
1403636628.613555431 4.625161 -1.392975 1.042545 -0.12932700 -0.80347700 -0.06279500 0.57771600
1403636628.663555384 4.624267 -1.382264 1.046828 -0.12889600 -0.80357000 -0.06225000 0.57774200
1403636628.713555574 4.623792 -1.370295 1.049539 -0.12824100 -0.80382400 -0.06427000 0.57731300
1403636628.763555765 4.623955 -1.357306 1.050158 -0.12838300 -0.80527900 -0.06798300 0.57482400
1403636628.813555479 4.624448 -1.343639 1.049224 -0.12937900 -0.80731200 -0.07257200 0.57118100
1403636628.863555431 4.624215 -1.329192 1.047089 -0.13116400 -0.80961000 -0.07672500 0.56696000
1403636628.913555622 4.623054 -1.314262 1.046424 -0.13348400 -0.81180400 -0.08006300 0.56280400
1403636628.963555574 4.622964 -1.299715 1.047803 -0.13533900 -0.81357100 -0.08281900 0.55940000
1403636629.013555527 4.623202 -1.285373 1.051595 -0.13759700 -0.81492100 -0.08454700 0.55661800
1403636629.063555717 4.623874 -1.271142 1.057855 -0.13995900 -0.81538800 -0.08628100 0.55507700
1403636629.113555431 4.624120 -1.256514 1.065473 -0.14161800 -0.81543900 -0.08890600 0.55416600
1403636629.163555384 4.623499 -1.241241 1.072418 -0.14531700 -0.81494900 -0.09138800 0.55352500
1403636629.213555574 4.621816 -1.225384 1.078246 -0.14976100 -0.81356100 -0.09479400 0.55381000
1403636629.263555765 4.619449 -1.209395 1.082954 -0.15405200 -0.81175600 -0.09789600 0.55474500
1403636629.313555479 4.615743 -1.193076 1.086086 -0.15870300 -0.80950100 -0.09990400 0.55636500
1403636629.363555431 4.611610 -1.176697 1.087968 -0.16297500 -0.80726400 -0.10103100 0.55817400
1403636629.413555622 4.607102 -1.160142 1.088539 -0.16779400 -0.80447700 -0.10078800 0.56080800
1403636629.463555574 4.602716 -1.142952 1.087662 -0.17397800 -0.80106700 -0.10133900 0.56369900
1403636629.513555527 4.598642 -1.125232 1.084953 -0.18090200 -0.79838100 -0.10261800 0.56509800
1403636629.563555717 4.594898 -1.106702 1.080240 -0.18804700 -0.79712700 -0.10489100 0.56412300
1403636629.613555431 4.591567 -1.087119 1.073545 -0.19491400 -0.79731200 -0.10987900 0.56056600
1403636629.663555384 4.588619 -1.066707 1.065209 -0.20231400 -0.79856900 -0.11522700 0.55506300
1403636629.713555574 4.585324 -1.045343 1.055498 -0.20992200 -0.79956800 -0.12135000 0.54945900
1403636629.763555765 4.582128 -1.023099 1.044699 -0.21795500 -0.80011300 -0.12823500 0.54394700
1403636629.813555479 4.578369 -0.999772 1.032957 -0.22669700 -0.79955800 -0.13517200 0.53950600
1403636629.863555431 4.573262 -0.975361 1.020416 -0.23580300 -0.79844100 -0.14180500 0.53552600
1403636629.913555622 4.567159 -0.950253 1.008212 -0.24427200 -0.79684900 -0.14789600 0.53244400
1403636629.963555574 4.560700 -0.924945 0.997709 -0.25121200 -0.79513000 -0.15388900 0.53007900
1403636630.013555527 4.553997 -0.899783 0.989345 -0.25711000 -0.79318300 -0.15838200 0.52884100
1403636630.063555717 4.546551 -0.874296 0.983067 -0.26163100 -0.79068800 -0.16262200 0.52907300
1403636630.113555431 4.537393 -0.847678 0.979078 -0.26482700 -0.78686700 -0.16705500 0.53179100
1403636630.163555384 4.527458 -0.820523 0.977612 -0.26723800 -0.78183600 -0.17118100 0.53667400
1403636630.213555574 4.517170 -0.792974 0.977803 -0.26872000 -0.77717900 -0.17549900 0.54128200
1403636630.263555765 4.506523 -0.765078 0.979983 -0.27005800 -0.77299300 -0.17849500 0.54561200
1403636630.313555479 4.496067 -0.737282 0.983106 -0.27078300 -0.77052700 -0.18087200 0.54795600
1403636630.363555431 4.485927 -0.709696 0.987284 -0.27161900 -0.77057200 -0.18173100 0.54719000
1403636630.413555622 4.475859 -0.682112 0.992792 -0.27208100 -0.77117700 -0.18226200 0.54592900
1403636630.463555574 4.466048 -0.654694 0.999541 -0.27167100 -0.77307400 -0.18272200 0.54329100
1403636630.513555527 4.455760 -0.627425 1.008475 -0.27079000 -0.77420800 -0.18323800 0.54194000
1403636630.563555717 4.445182 -0.600271 1.018621 -0.26868700 -0.77586900 -0.18463900 0.54013400
1403636630.613555431 4.434287 -0.573308 1.028893 -0.26619400 -0.77687100 -0.18598100 0.53946600
1403636630.663555384 4.422973 -0.546696 1.037779 -0.26399100 -0.77846100 -0.18642800 0.53810000
1403636630.713555574 4.411191 -0.520395 1.045326 -0.26223200 -0.77950700 -0.18629900 0.53749000
1403636630.763555765 4.398833 -0.494463 1.051518 -0.26190300 -0.77964800 -0.18466500 0.53801000
1403636630.813555479 4.385916 -0.468903 1.056056 -0.26171900 -0.78019300 -0.18226600 0.53812700
1403636630.863555431 4.372670 -0.443643 1.059183 -0.26187200 -0.78025200 -0.18013700 0.53868500
1403636630.913555622 4.359432 -0.418638 1.060804 -0.26199800 -0.78010700 -0.17784300 0.53959500
1403636630.963555574 4.346011 -0.393655 1.061047 -0.26218600 -0.77997400 -0.17592200 0.54032400
1403636631.013555527 4.332451 -0.368362 1.060283 -0.26230400 -0.77984800 -0.17504500 0.54073400
1403636631.063555717 4.318780 -0.343046 1.058736 -0.26168400 -0.77940100 -0.17433200 0.54190900
1403636631.113555431 4.305004 -0.317732 1.056628 -0.26131900 -0.77843500 -0.17436800 0.54345900
1403636631.163555384 4.291098 -0.292572 1.053942 -0.26083600 -0.77769400 -0.17443400 0.54472800
1403636631.213555574 4.277108 -0.267626 1.051050 -0.26011800 -0.77665700 -0.17430900 0.54658900
1403636631.263555765 4.263408 -0.242622 1.047953 -0.25937400 -0.77600900 -0.17482000 0.54769900
1403636631.313555479 4.249733 -0.217828 1.044285 -0.25926100 -0.77602500 -0.17414400 0.54794400
1403636631.363555431 4.236270 -0.192998 1.039619 -0.25866000 -0.77613100 -0.17436900 0.54800700
1403636631.413555622 4.222561 -0.168383 1.033346 -0.25839900 -0.77622700 -0.17396800 0.54812100
1403636631.463555574 4.209182 -0.144062 1.025671 -0.25761300 -0.77652300 -0.17430700 0.54796400
1403636631.513555527 4.195955 -0.120024 1.016913 -0.25658900 -0.77698400 -0.17480500 0.54763300
1403636631.563555717 4.182662 -0.096389 1.007644 -0.25545100 -0.77714500 -0.17574600 0.54763500
1403636631.613555431 4.169541 -0.073320 0.998713 -0.25429700 -0.77769600 -0.17611600 0.54727000
1403636631.663555384 4.156107 -0.050373 0.990312 -0.25328700 -0.77846600 -0.17601100 0.54667800
1403636631.713555574 4.142720 -0.027624 0.982733 -0.25255600 -0.77889700 -0.17606900 0.54638300
1403636631.763555765 4.130680 -0.006211 0.976941 -0.25184600 -0.77941600 -0.17615000 0.54594400
1403636631.813555479 4.117491 0.015351 0.973574 -0.25109100 -0.77941900 -0.17600800 0.54633500
1403636631.863555431 4.103168 0.037475 0.971864 -0.25030900 -0.77995800 -0.17668800 0.54570400
1403636631.913555622 4.089027 0.059131 0.971489 -0.24965000 -0.78069500 -0.17706100 0.54483000
1403636631.963555574 4.074715 0.080559 0.971491 -0.24936900 -0.78098600 -0.17729800 0.54446400
1403636632.013555527 4.060294 0.101336 0.972044 -0.24952300 -0.78076300 -0.17740100 0.54468000
1403636632.063555717 4.045389 0.121907 0.973339 -0.24926000 -0.77993200 -0.17812800 0.54575300
1403636632.113555431 4.031076 0.141459 0.974427 -0.24808000 -0.77929800 -0.17964500 0.54669800
1403636632.163555384 4.016888 0.160261 0.975943 -0.24649600 -0.77876800 -0.18294500 0.54707600
1403636632.213555574 4.002063 0.178490 0.976797 -0.24620800 -0.77899800 -0.18400200 0.54652400
1403636632.263555765 3.986847 0.195919 0.976585 -0.24719300 -0.77823200 -0.18374800 0.54725400
1403636632.313555479 3.971547 0.212650 0.974557 -0.24813900 -0.77786600 -0.18341400 0.54745900
1403636632.363555431 3.956307 0.228435 0.970981 -0.24891100 -0.77741000 -0.18292100 0.54792100
1403636632.413555622 3.941186 0.243492 0.965352 -0.24971200 -0.77775400 -0.18290200 0.54707400
1403636632.463555574 3.925932 0.257672 0.957747 -0.25227100 -0.77887600 -0.17994400 0.54528300
1403636632.513555527 3.910216 0.271156 0.948905 -0.25413800 -0.78050800 -0.17515100 0.54364100
1403636632.563555717 3.894099 0.284336 0.938704 -0.25620800 -0.78326600 -0.16807000 0.54093200
1403636632.613555431 3.877481 0.297581 0.927918 -0.25681500 -0.78614900 -0.16053800 0.53874700
1403636632.663555384 3.860339 0.311198 0.916800 -0.25503800 -0.78901500 -0.15329300 0.53751500
1403636632.713555574 3.842085 0.325556 0.906279 -0.25084100 -0.79165500 -0.14626600 0.53756100
1403636632.763555765 3.823483 0.340599 0.897328 -0.24446400 -0.79416200 -0.13951800 0.53859400
1403636632.813555479 3.804625 0.356262 0.890813 -0.23466400 -0.79651800 -0.13461000 0.54072000
1403636632.863555431 3.784748 0.373062 0.886628 -0.22217100 -0.79806600 -0.13193200 0.54436800
1403636632.913555622 3.764656 0.390529 0.884756 -0.20895000 -0.79890400 -0.12977400 0.54887400
1403636632.963555574 3.744228 0.408587 0.883954 -0.19719900 -0.80015200 -0.12799000 0.55181100
1403636633.013555527 3.723342 0.427010 0.884650 -0.18681200 -0.80110800 -0.12632100 0.55441600
1403636633.063555717 3.702577 0.445293 0.886017 -0.17832600 -0.80257300 -0.12407000 0.55560500
1403636633.113555431 3.681676 0.463451 0.887565 -0.17154200 -0.80350900 -0.12133900 0.55697900
1403636633.163555384 3.660623 0.481401 0.887690 -0.16598800 -0.80460800 -0.11906500 0.55756500
1403636633.213555574 3.639234 0.498918 0.886203 -0.16208100 -0.80531800 -0.11655000 0.55822000
1403636633.263555765 3.617809 0.516084 0.882894 -0.15994300 -0.80650400 -0.11341900 0.55777000
1403636633.313555479 3.596111 0.532917 0.878376 -0.15882200 -0.80757000 -0.11037800 0.55715600
1403636633.363555431 3.574331 0.549579 0.872420 -0.15901900 -0.80851600 -0.10657700 0.55646900
1403636633.413555622 3.552029 0.566211 0.865404 -0.15995400 -0.80957200 -0.10386600 0.55517600
1403636633.463555574 3.529699 0.582756 0.857195 -0.16106600 -0.81040000 -0.10124100 0.55413000
1403636633.513555527 3.506887 0.599631 0.848151 -0.16211100 -0.81106700 -0.10021100 0.55303500
1403636633.563555717 3.483553 0.616856 0.838617 -0.16368600 -0.81179000 -0.09941000 0.55165300
1403636633.613555431 3.459755 0.634737 0.829346 -0.16493700 -0.81275000 -0.09918200 0.54990700
1403636633.663555384 3.435032 0.653237 0.821399 -0.16615700 -0.81336000 -0.10008800 0.54847000
1403636633.713555574 3.409800 0.672213 0.815483 -0.16750400 -0.81289600 -0.10087700 0.54860400
1403636633.763555765 3.384079 0.691658 0.810959 -0.16896900 -0.81221800 -0.10122900 0.54909400
1403636633.813555479 3.357386 0.711873 0.808595 -0.17056500 -0.81180400 -0.10173600 0.54912000
1403636633.863555431 3.330223 0.732342 0.807933 -0.17258600 -0.81070400 -0.10148700 0.55015800
1403636633.913555622 3.302618 0.753095 0.808560 -0.17586000 -0.80940600 -0.09944800 0.55140400
1403636633.963555574 3.274501 0.774215 0.809068 -0.17931100 -0.80755400 -0.09711400 0.55342100
1403636634.013555527 3.246186 0.796001 0.808473 -0.18238300 -0.80574800 -0.09546700 0.55533200
1403636634.063555717 3.217680 0.818784 0.806853 -0.18462600 -0.80508400 -0.09493300 0.55564400
1403636634.113555431 3.189040 0.842229 0.805683 -0.18466000 -0.80528000 -0.09457100 0.55541100
1403636634.163555384 3.160566 0.866835 0.806000 -0.18387000 -0.80614200 -0.09515500 0.55432100
1403636634.213555574 3.131782 0.892641 0.808250 -0.18171300 -0.80747700 -0.09708000 0.55275400
1403636634.263555765 3.102287 0.919606 0.812708 -0.17863200 -0.80797700 -0.10012900 0.55248400
1403636634.313555479 3.072150 0.947199 0.818721 -0.17559600 -0.80687000 -0.10308500 0.55452900
1403636634.363555431 3.041790 0.975174 0.824706 -0.17264900 -0.80487900 -0.10576900 0.55783200
1403636634.413555622 3.011278 1.003458 0.829602 -0.16972600 -0.80279800 -0.10835600 0.56122100
1403636634.463555574 2.980888 1.031798 0.832556 -0.16749300 -0.80156600 -0.11015400 0.56329900
1403636634.513555527 2.950628 1.059858 0.833862 -0.16546500 -0.79993400 -0.11117300 0.56601100
1403636634.563555717 2.920654 1.087780 0.833515 -0.16382400 -0.79890800 -0.11173300 0.56782400
1403636634.613555431 2.891040 1.115037 0.831490 -0.16120400 -0.79875300 -0.11202400 0.56873400
1403636634.663555384 2.861632 1.141507 0.828055 -0.15759200 -0.79908900 -0.11081000 0.56951200
1403636634.713555574 2.832687 1.167542 0.824494 -0.15319600 -0.79973000 -0.10997700 0.56997300
1403636634.763555765 2.804214 1.192816 0.821304 -0.14968000 -0.80154000 -0.10789800 0.56876100
1403636634.813555479 2.776064 1.217458 0.819263 -0.14714200 -0.80327600 -0.10527500 0.56746500
1403636634.863555431 2.748188 1.241688 0.818564 -0.14486600 -0.80490900 -0.10271900 0.56620200
1403636634.913555622 2.720428 1.265281 0.819593 -0.14216400 -0.80634400 -0.10032100 0.56527500
1403636634.963555574 2.692660 1.288449 0.822137 -0.13949500 -0.80831300 -0.09839100 0.56346400
1403636635.013555527 2.664543 1.311244 0.826664 -0.13651000 -0.80905500 -0.09750300 0.56328400
1403636635.063555717 2.636446 1.333485 0.830619 -0.13410600 -0.81037800 -0.09650900 0.56213000
1403636635.113555431 2.608198 1.355429 0.833266 -0.13223300 -0.81156500 -0.09561500 0.56101200
1403636635.163555384 2.580028 1.376972 0.834267 -0.13103100 -0.81230400 -0.09430500 0.56044700
1403636635.213555574 2.551705 1.398314 0.833620 -0.13023900 -0.81336000 -0.09290200 0.55933300
1403636635.263555765 2.522814 1.419366 0.831704 -0.13039000 -0.81384400 -0.09025700 0.55902700
1403636635.313555479 2.493658 1.440077 0.828570 -0.13105800 -0.81455500 -0.08759200 0.55825800
1403636635.363555431 2.463787 1.460715 0.825175 -0.13305800 -0.81525600 -0.08367200 0.55736400
1403636635.413555622 2.433852 1.481512 0.823048 -0.13362900 -0.81575500 -0.08163200 0.55679800
1403636635.463555574 2.402927 1.502754 0.822120 -0.13437200 -0.81537800 -0.08039200 0.55735200
1403636635.513555527 2.370810 1.524363 0.823308 -0.13623200 -0.81533000 -0.07785900 0.55732900
1403636635.563555717 2.339482 1.545993 0.826661 -0.13675400 -0.81528900 -0.07716200 0.55736000
1403636635.613555431 2.309129 1.567780 0.830704 -0.13746400 -0.81473300 -0.07646800 0.55809200
1403636635.663555384 2.278424 1.590298 0.836009 -0.13829900 -0.81397800 -0.07632500 0.55900700
1403636635.713555574 2.247016 1.613427 0.842681 -0.13882500 -0.81316500 -0.07643300 0.56004300
1403636635.763555765 2.214299 1.637459 0.851817 -0.14016600 -0.81100200 -0.07539400 0.56298000
1403636635.813555479 2.181889 1.661883 0.862980 -0.14259600 -0.80815100 -0.07288500 0.56678800
1403636635.863555431 2.149159 1.687484 0.876251 -0.14499500 -0.80620300 -0.07076100 0.56921700
1403636635.913555622 2.117702 1.713806 0.890343 -0.14775200 -0.80641300 -0.06776600 0.56857400
1403636635.963555574 2.086175 1.741545 0.905127 -0.14897000 -0.80822000 -0.06702200 0.56577400
1403636636.013555527 2.055164 1.770076 0.919691 -0.14856800 -0.81143600 -0.06831700 0.56110000
1403636636.063555717 2.024023 1.799680 0.933145 -0.14660500 -0.81416700 -0.07187900 0.55720200
1403636636.113555431 1.992630 1.829945 0.945596 -0.14419500 -0.81622900 -0.07569400 0.55430200
1403636636.163555384 1.960615 1.860855 0.958893 -0.14151800 -0.81579700 -0.07957000 0.55508300
1403636636.213555574 1.928388 1.892196 0.973982 -0.13833300 -0.81354500 -0.08395600 0.55853600
1403636636.263555765 1.895942 1.923729 0.991088 -0.13561800 -0.81045300 -0.08786500 0.56307800
1403636636.313555479 1.863546 1.955057 1.009616 -0.13395600 -0.80754900 -0.09023100 0.56726100
1403636636.363555431 1.831230 1.986207 1.029080 -0.13239800 -0.80382200 -0.09256800 0.57251700
1403636636.413555622 1.799387 2.016854 1.047923 -0.13074200 -0.79894700 -0.09449900 0.57936700
1403636636.463555574 1.768412 2.046933 1.064918 -0.12948600 -0.79498900 -0.09591900 0.58483200
1403636636.513555527 1.738506 2.076390 1.079325 -0.12746200 -0.79356300 -0.09894200 0.58670600
1403636636.563555717 1.709880 2.104963 1.091548 -0.12518500 -0.79322500 -0.10217400 0.58709900
1403636636.613555431 1.682160 2.132707 1.102168 -0.12256700 -0.79328100 -0.10587500 0.58691900
1403636636.663555384 1.655686 2.159299 1.110505 -0.11984900 -0.79405100 -0.10974900 0.58572700
1403636636.713555574 1.630214 2.184399 1.116808 -0.11761500 -0.79446700 -0.11312300 0.58497300
1403636636.763555765 1.605542 2.207804 1.120913 -0.11523900 -0.79519700 -0.11639100 0.58381100
1403636636.813555479 1.581731 2.229343 1.122874 -0.11202200 -0.79594000 -0.12060900 0.58256800
1403636636.863555431 1.558693 2.248813 1.122675 -0.10936100 -0.79726700 -0.12396800 0.58055100
1403636636.913555622 1.536189 2.266003 1.120257 -0.11086800 -0.79886300 -0.12099800 0.57869400
1403636636.963555574 1.514129 2.281166 1.116396 -0.11388000 -0.79965400 -0.11526500 0.57818800
1403636637.013555527 1.492667 2.294603 1.111116 -0.11775100 -0.80067200 -0.10827900 0.57735500
1403636637.063555717 1.471829 2.306865 1.104933 -0.12113900 -0.80107800 -0.10219100 0.57720400
1403636637.113555431 1.451887 2.318045 1.097445 -0.12372600 -0.80217400 -0.09725100 0.57598000
1403636637.163555384 1.432482 2.328760 1.089069 -0.12544100 -0.80405800 -0.09394200 0.57352800
1403636637.213555574 1.413868 2.338783 1.080081 -0.12622500 -0.80648400 -0.09218900 0.57022200
1403636637.263555765 1.395751 2.348368 1.071961 -0.12652300 -0.80822200 -0.09068600 0.56793100
1403636637.313555479 1.376274 2.358253 1.065503 -0.12649100 -0.80976500 -0.08971800 0.56589100
1403636637.363555431 1.355905 2.368033 1.061545 -0.12605300 -0.81090200 -0.08999500 0.56431400
1403636637.413555622 1.333983 2.377783 1.059939 -0.12594700 -0.81146100 -0.08853600 0.56376500
1403636637.463555574 1.311564 2.387433 1.061365 -0.12505400 -0.81271300 -0.08849700 0.56216300
1403636637.513555527 1.290206 2.396488 1.064199 -0.12519600 -0.81296000 -0.08745900 0.56193800
1403636637.563555717 1.269668 2.405091 1.067827 -0.12511200 -0.81387400 -0.08651400 0.56077700
1403636637.613555431 1.249740 2.413252 1.072821 -0.12532400 -0.81394100 -0.08499500 0.56086500
1403636637.663555384 1.230141 2.421281 1.079664 -0.12556300 -0.81443400 -0.08404300 0.56024000
1403636637.713555574 1.208652 2.429917 1.089143 -0.12493700 -0.81413300 -0.08406900 0.56081200
1403636637.763555765 1.185715 2.439067 1.099771 -0.12420200 -0.81356100 -0.08406700 0.56180500
1403636637.813555479 1.163066 2.448002 1.112305 -0.12346700 -0.81235700 -0.08450500 0.56364100
1403636637.863555431 1.140549 2.456621 1.126772 -0.12293600 -0.81150800 -0.08457300 0.56496800
1403636637.913555622 1.117069 2.465268 1.142703 -0.12245100 -0.81042900 -0.08445000 0.56663800
1403636637.963555574 1.094006 2.473744 1.156604 -0.12201000 -0.80896300 -0.08458200 0.56880400
1403636638.013555527 1.071014 2.482211 1.166141 -0.12173700 -0.80799600 -0.08456600 0.57023700
1403636638.063555717 1.048167 2.490476 1.171340 -0.12129900 -0.80703000 -0.08441200 0.57172000
1403636638.113555431 1.025337 2.498730 1.172330 -0.12113600 -0.80579200 -0.08431000 0.57351300
1403636638.163555384 1.002870 2.506637 1.170521 -0.12100300 -0.80494100 -0.08398800 0.57478200
1403636638.213555574 0.980885 2.514393 1.166901 -0.12060600 -0.80479600 -0.08388500 0.57508300
1403636638.263555765 0.959337 2.522045 1.162100 -0.12029200 -0.80451200 -0.08422400 0.57549700
1403636638.313555479 0.938342 2.529378 1.155555 -0.12128700 -0.80545500 -0.08212500 0.57427300
1403636638.363555431 0.917791 2.536647 1.146657 -0.12436100 -0.80832700 -0.07746900 0.57021400
1403636638.413555622 0.897790 2.544064 1.135781 -0.12848000 -0.81347800 -0.07161800 0.56269500
1403636638.463555574 0.877171 2.552128 1.123929 -0.13185000 -0.81861800 -0.06647400 0.55503900
1403636638.513555527 0.855622 2.561075 1.111856 -0.13528100 -0.82280700 -0.06137000 0.54856700
1403636638.563555717 0.834680 2.570945 1.101380 -0.13663100 -0.82528900 -0.05957300 0.54469000
1403636638.613555431 0.812417 2.582489 1.093186 -0.13540500 -0.82667000 -0.06094100 0.54274200
1403636638.663555384 0.788325 2.595585 1.088473 -0.13180100 -0.82642000 -0.06541200 0.54349000
1403636638.713555574 0.762712 2.610151 1.086827 -0.12929600 -0.82528000 -0.06908700 0.54536600
1403636638.763555765 0.736275 2.625468 1.087415 -0.12681900 -0.82308800 -0.07203100 0.54886900
1403636638.813555479 0.708384 2.641548 1.090578 -0.12518500 -0.82035900 -0.07379500 0.55307900
1403636638.863555431 0.679772 2.658022 1.095752 -0.12491600 -0.81781900 -0.07422700 0.55683000
1403636638.913555622 0.651702 2.674412 1.101206 -0.12537900 -0.81581000 -0.07284500 0.55984700
1403636638.963555574 0.622932 2.691495 1.108539 -0.12641800 -0.81411600 -0.07094600 0.56231800
1403636639.013555527 0.593335 2.709098 1.116224 -0.12936500 -0.81330800 -0.06646600 0.56336600
1403636639.063555717 0.563066 2.727315 1.123720 -0.13266200 -0.81220300 -0.06148100 0.56475600
1403636639.113555431 0.532769 2.746388 1.128815 -0.13542300 -0.81136800 -0.05726100 0.56574400
1403636639.163555384 0.502759 2.766451 1.130396 -0.13791100 -0.81119600 -0.05371800 0.56573600
1403636639.213555574 0.472935 2.787603 1.128156 -0.13983500 -0.81094700 -0.05093700 0.56587700
1403636639.263555765 0.442939 2.810166 1.121803 -0.14066700 -0.81133500 -0.04966700 0.56522700
1403636639.313555479 0.413385 2.834418 1.113167 -0.13802800 -0.81199500 -0.05361100 0.56457000
1403636639.363555431 0.384194 2.859920 1.103192 -0.13432100 -0.81293800 -0.05878600 0.56359300
1403636639.413555622 0.354751 2.886564 1.092132 -0.13053900 -0.81398400 -0.06413000 0.56238800
1403636639.463555574 0.325255 2.913983 1.080124 -0.12662100 -0.81477900 -0.06947900 0.56149600
1403636639.513555527 0.295663 2.941880 1.067421 -0.12247500 -0.81479200 -0.07527800 0.56165000
1403636639.563555717 0.266051 2.969858 1.053966 -0.11774300 -0.81442700 -0.08180100 0.56228500
1403636639.613555431 0.236048 2.997371 1.039614 -0.11401600 -0.81400000 -0.08656800 0.56294900
1403636639.663555384 0.205660 3.024138 1.025699 -0.11228200 -0.81233500 -0.08832200 0.56542400
1403636639.713555574 0.175494 3.050045 1.012920 -0.11242400 -0.80988600 -0.08770500 0.56899400
1403636639.763555765 0.145541 3.075362 1.001225 -0.11375500 -0.80741200 -0.08546900 0.57257500
1403636639.813555479 0.116398 3.100103 0.991051 -0.11472400 -0.80604600 -0.08400300 0.57451900
1403636639.863555431 0.087403 3.124421 0.982760 -0.11610600 -0.80502400 -0.08172100 0.57600100
1403636639.913555622 0.059780 3.147962 0.976360 -0.11700900 -0.80448600 -0.07955800 0.57687200
1403636639.963555574 0.032619 3.171295 0.971481 -0.11729300 -0.80412100 -0.07903400 0.57739500
1403636640.013555527 0.005901 3.194253 0.968202 -0.11673500 -0.80384000 -0.07852600 0.57796800
1403636640.063555717 -0.021053 3.216967 0.967034 -0.11420600 -0.80400200 -0.07780600 0.57834700
1403636640.113555431 -0.047982 3.239517 0.968397 -0.10936800 -0.80451600 -0.07769700 0.57858300
1403636640.163555384 -0.074211 3.261548 0.971378 -0.10535800 -0.80489300 -0.07529800 0.57911800
1403636640.213555574 -0.099337 3.283204 0.976411 -0.10149000 -0.80522200 -0.07272200 0.57968000
1403636640.263555765 -0.123242 3.304528 0.982120 -0.09765500 -0.80655400 -0.07102400 0.57869800
1403636640.313555479 -0.146367 3.325345 0.987025 -0.09536400 -0.80712400 -0.06876600 0.57855700
1403636640.363555431 -0.168929 3.345822 0.990804 -0.09239300 -0.80741800 -0.06725100 0.57880700
1403636640.413555622 -0.190879 3.365911 0.992816 -0.08989500 -0.80772900 -0.06617700 0.57889000
1403636640.463555574 -0.212307 3.385665 0.993387 -0.08767100 -0.80789800 -0.06541600 0.57908300
1403636640.513555527 -0.232835 3.405015 0.991796 -0.08638700 -0.80879200 -0.06399600 0.57818400
1403636640.563555717 -0.253096 3.424159 0.989435 -0.08468700 -0.80892700 -0.06343600 0.57831000
1403636640.613555431 -0.273086 3.442950 0.985979 -0.08390200 -0.80893200 -0.06251600 0.57851700
1403636640.663555384 -0.292334 3.461333 0.981382 -0.08291800 -0.80872700 -0.06212500 0.57898600
1403636640.713555574 -0.311135 3.479341 0.975444 -0.08241800 -0.80921700 -0.06141300 0.57844900
1403636640.763555765 -0.329414 3.496881 0.969210 -0.08213400 -0.81012000 -0.06050900 0.57732000
1403636640.813555479 -0.347949 3.514084 0.964418 -0.08146900 -0.81090500 -0.06044900 0.57631800
1403636640.863555431 -0.365641 3.530644 0.960308 -0.08088100 -0.81195700 -0.06034200 0.57492900
1403636640.913555622 -0.383598 3.547001 0.958451 -0.08063300 -0.81240100 -0.06012500 0.57435800
1403636640.963555574 -0.401382 3.563052 0.958887 -0.08043500 -0.81269300 -0.06044200 0.57394000
1403636641.013555527 -0.417842 3.578520 0.959969 -0.08033500 -0.81233900 -0.06094100 0.57440300
1403636641.063555717 -0.434279 3.593532 0.960285 -0.08102600 -0.81151300 -0.06058900 0.57550900
1403636641.113555431 -0.450532 3.608099 0.959240 -0.08110400 -0.81111800 -0.06125700 0.57598300
1403636641.163555384 -0.466975 3.622259 0.956581 -0.08121500 -0.81126700 -0.06176000 0.57570500
1403636641.213555574 -0.483140 3.635985 0.952815 -0.08158100 -0.81066300 -0.06218900 0.57645600
1403636641.263555765 -0.499152 3.649090 0.947691 -0.08260200 -0.80992500 -0.06116000 0.57745800
1403636641.313555479 -0.514752 3.661810 0.940910 -0.08515400 -0.80976100 -0.05855500 0.57758900
1403636641.363555431 -0.529978 3.674332 0.933147 -0.08808300 -0.80958200 -0.05515600 0.57773500
1403636641.413555622 -0.545086 3.686968 0.924565 -0.09046100 -0.80934600 -0.05206300 0.57798500
1403636641.463555574 -0.559958 3.700039 0.915469 -0.09109400 -0.80914200 -0.05176600 0.57819700
1403636641.513555527 -0.573964 3.713221 0.906876 -0.09050700 -0.80898400 -0.05325600 0.57837600
1403636641.563555717 -0.586275 3.726165 0.898887 -0.08941100 -0.80932500 -0.05487900 0.57791600
1403636641.613555431 -0.598336 3.739054 0.892637 -0.08840200 -0.80940000 -0.05711200 0.57775000
1403636641.663555384 -0.610029 3.751947 0.887794 -0.08769700 -0.80977800 -0.05865000 0.57717300
1403636641.713555574 -0.620647 3.764578 0.885507 -0.08696100 -0.80932000 -0.05994200 0.57779400
1403636641.763555765 -0.630817 3.777057 0.885680 -0.08697000 -0.80970400 -0.06079100 0.57716500
1403636641.813555479 -0.640922 3.789207 0.888220 -0.08675400 -0.80924000 -0.06120000 0.57780600
1403636641.863555431 -0.652043 3.801400 0.891968 -0.08668200 -0.80878900 -0.06160900 0.57840400
1403636641.913555622 -0.663555 3.813684 0.896825 -0.08773600 -0.80856400 -0.06236000 0.57847900
1403636641.963555574 -0.673539 3.825773 0.904576 -0.09052200 -0.80799700 -0.06344000 0.57872500
1403636642.013555527 -0.683163 3.837853 0.913258 -0.09375600 -0.80688000 -0.06613200 0.57946800
1403636642.063555717 -0.692225 3.849857 0.922959 -0.09803600 -0.80589800 -0.06878200 0.57981700
1403636642.113555431 -0.701237 3.861671 0.932093 -0.10127400 -0.80509600 -0.07207500 0.57997400
1403636642.163555384 -0.709705 3.873084 0.940072 -0.10424900 -0.80438600 -0.07492300 0.58007200
1403636642.213555574 -0.717321 3.883984 0.946394 -0.10707100 -0.80353400 -0.07682500 0.58049000
1403636642.263555765 -0.724400 3.894446 0.951210 -0.11000200 -0.80293800 -0.07843400 0.58055000
1403636642.313555479 -0.730789 3.904710 0.954186 -0.11362000 -0.80223400 -0.08025200 0.58057800
1403636642.363555431 -0.736272 3.914939 0.955033 -0.11792100 -0.80132200 -0.08314100 0.58057500
1403636642.413555622 -0.741295 3.924933 0.954296 -0.12205800 -0.80013100 -0.08546100 0.58102400
1403636642.463555574 -0.745776 3.934645 0.951802 -0.12548200 -0.79967000 -0.08779300 0.58058200
1403636642.513555527 -0.749608 3.943896 0.947672 -0.12859700 -0.79991700 -0.08924900 0.57933900
1403636642.563555717 -0.752652 3.952704 0.941815 -0.13104700 -0.80153500 -0.09102900 0.57626700
1403636642.613555431 -0.755444 3.961029 0.934439 -0.13373600 -0.80346200 -0.09113000 0.57294100
1403636642.663555384 -0.758180 3.969222 0.925594 -0.13602400 -0.80568800 -0.09128400 0.56923900
1403636642.713555574 -0.761053 3.977393 0.916062 -0.13779100 -0.80773300 -0.09171200 0.56583700
1403636642.763555765 -0.764436 3.985668 0.907004 -0.13906700 -0.80963800 -0.09148600 0.56283000
1403636642.813555479 -0.768347 3.993987 0.900374 -0.14041200 -0.81104100 -0.09105200 0.56054300
1403636642.863555431 -0.772078 4.002086 0.895965 -0.14141600 -0.81183600 -0.09049400 0.55922700
1403636642.913555622 -0.776908 4.010500 0.893328 -0.14173100 -0.81284200 -0.09010400 0.55774700
1403636642.963555574 -0.781320 4.018888 0.892676 -0.14240200 -0.81309100 -0.08957900 0.55729700
1403636643.013555527 -0.786223 4.027486 0.894323 -0.14247300 -0.81267400 -0.08924700 0.55794100
1403636643.063555717 -0.792513 4.036966 0.897330 -0.14220200 -0.81060000 -0.08959000 0.56096500
1403636643.113555431 -0.799217 4.046755 0.900072 -0.14194900 -0.80806400 -0.08978300 0.56464400
1403636643.163555384 -0.805944 4.056730 0.901354 -0.14195300 -0.80615800 -0.08945700 0.56741200
1403636643.213555574 -0.812500 4.066954 0.901050 -0.14193100 -0.80463500 -0.08943100 0.56958000
1403636643.263555765 -0.818714 4.077110 0.899027 -0.14169200 -0.80406300 -0.08924300 0.57047600
1403636643.313555479 -0.824567 4.087479 0.895774 -0.14137400 -0.80433700 -0.08931100 0.57015700
1403636643.363555431 -0.829656 4.097703 0.892241 -0.14114800 -0.80557700 -0.08911600 0.56849100
1403636643.413555622 -0.835174 4.108261 0.890466 -0.14152800 -0.80691200 -0.08808000 0.56666200
1403636643.463555574 -0.841176 4.119194 0.890843 -0.14202200 -0.80895300 -0.08661600 0.56384800
1403636643.513555527 -0.848215 4.130940 0.892385 -0.14194300 -0.81125300 -0.08578600 0.56068100
1403636643.563555717 -0.856805 4.143523 0.896471 -0.14166300 -0.81323400 -0.08502300 0.55799100
1403636643.613555431 -0.865812 4.156729 0.901454 -0.14134000 -0.81545600 -0.08501200 0.55482400
1403636643.663555384 -0.874839 4.169797 0.908514 -0.14041200 -0.81745800 -0.08436800 0.55220400
1403636643.713555574 -0.884630 4.183533 0.917197 -0.13971500 -0.81926200 -0.08408400 0.54974600
1403636643.763555765 -0.894459 4.196942 0.927540 -0.13911700 -0.82023800 -0.08414600 0.54843000
1403636643.813555479 -0.905146 4.210864 0.937239 -0.13820500 -0.82206100 -0.08468900 0.54584200
1403636643.863555431 -0.917074 4.225336 0.945812 -0.13815900 -0.82371300 -0.08415100 0.54344100
1403636643.913555622 -0.930277 4.239951 0.953319 -0.13778100 -0.82484800 -0.08410300 0.54182000
1403636643.963555574 -0.944949 4.255247 0.959132 -0.13731400 -0.82608200 -0.08444700 0.54000200
1403636644.013555527 -0.961120 4.270990 0.963501 -0.13703400 -0.82664400 -0.08493700 0.53913500
1403636644.063555717 -0.978681 4.286987 0.966471 -0.13698700 -0.82708200 -0.08467800 0.53851600
1403636644.113555431 -0.997658 4.303406 0.967975 -0.13703800 -0.82762500 -0.08484200 0.53764300
1403636644.163555384 -1.018334 4.320390 0.968564 -0.13667700 -0.82695500 -0.08520300 0.53870700
1403636644.213555574 -1.040689 4.337756 0.968330 -0.13767700 -0.82377300 -0.08397000 0.54350300
1403636644.263555765 -1.064438 4.355673 0.967036 -0.14048500 -0.81920900 -0.08045400 0.55017600
1403636644.313555479 -1.089186 4.374115 0.964611 -0.14361100 -0.81383200 -0.07624500 0.55790400
1403636644.363555431 -1.114198 4.393631 0.960449 -0.14662200 -0.80880300 -0.07269400 0.56485300
1403636644.413555622 -1.139065 4.414067 0.954436 -0.14831000 -0.80498400 -0.07037900 0.57013600
1403636644.463555574 -1.163493 4.435640 0.946467 -0.14965600 -0.80165400 -0.06888400 0.57463900
1403636644.513555527 -1.187201 4.458133 0.936488 -0.15216800 -0.79823500 -0.06527000 0.57914500
1403636644.563555717 -1.210043 4.481821 0.924253 -0.15403000 -0.79621700 -0.06213000 0.58176900
1403636644.613555431 -1.231718 4.506889 0.910416 -0.15477700 -0.79509200 -0.06147400 0.58317600
1403636644.663555384 -1.252135 4.533233 0.895062 -0.15224600 -0.79506900 -0.06525400 0.58346300
1403636644.713555574 -1.271299 4.560541 0.878192 -0.14806000 -0.79551500 -0.07154000 0.58319800
1403636644.763555765 -1.289267 4.588422 0.859340 -0.14275500 -0.79702500 -0.07924500 0.58146300
1403636644.813555479 -1.306272 4.616751 0.839331 -0.13801700 -0.79787000 -0.08691400 0.58035900
1403636644.863555431 -1.322564 4.644656 0.817313 -0.13507400 -0.79960500 -0.09234700 0.57780800
1403636644.913555622 -1.338446 4.672281 0.795478 -0.13475100 -0.80130600 -0.09420500 0.57521900
1403636644.963555574 -1.354033 4.699410 0.775091 -0.13539000 -0.80298000 -0.09419300 0.57273000
1403636645.013555527 -1.368893 4.725819 0.756315 -0.13635900 -0.80721200 -0.09364000 0.56661300
1403636645.063555717 -1.383584 4.751830 0.739039 -0.13917800 -0.81334600 -0.09079000 0.55755800
1403636645.113555431 -1.397790 4.777571 0.724075 -0.14166600 -0.81943900 -0.08806100 0.54836300
1403636645.163555384 -1.411850 4.803408 0.710940 -0.14226200 -0.82520000 -0.08772900 0.53955200
1403636645.213555574 -1.428811 4.830204 0.700336 -0.14441500 -0.82974500 -0.08541700 0.53232900
1403636645.263555765 -1.448633 4.858152 0.692937 -0.14472400 -0.83232500 -0.08533900 0.52821200
1403636645.313555479 -1.470406 4.886762 0.687522 -0.14487000 -0.83193600 -0.08534900 0.52878300
1403636645.363555431 -1.494461 4.916350 0.683594 -0.14426500 -0.82961000 -0.08656000 0.53239400
1403636645.413555622 -1.520491 4.946664 0.679994 -0.14369400 -0.82686300 -0.08819700 0.53653700
1403636645.463555574 -1.548150 4.977300 0.675606 -0.14367900 -0.82460900 -0.08883700 0.53989400
1403636645.513555527 -1.577143 5.008302 0.669858 -0.14320600 -0.82290400 -0.08968400 0.54247400
1403636645.563555717 -1.607621 5.039677 0.662235 -0.14306200 -0.82219300 -0.09041900 0.54346800
1403636645.613555431 -1.639457 5.071571 0.653602 -0.14306400 -0.82102100 -0.09119900 0.54510600
1403636645.663555384 -1.672424 5.103705 0.644533 -0.14226400 -0.82036900 -0.09206900 0.54615100
1403636645.713555574 -1.706571 5.136633 0.636090 -0.14203400 -0.81970300 -0.09260600 0.54711800
1403636645.763555765 -1.742361 5.169693 0.629152 -0.14219100 -0.81912700 -0.09194700 0.54805000
1403636645.813555479 -1.779407 5.202987 0.624628 -0.14266500 -0.81875400 -0.09111300 0.54862300
1403636645.863555431 -1.817441 5.236625 0.623288 -0.14323300 -0.81913700 -0.09065200 0.54797900
1403636645.913555622 -1.855522 5.269972 0.625298 -0.14394200 -0.81924900 -0.08936500 0.54783700
1403636645.963555574 -1.895176 5.304111 0.630725 -0.14558600 -0.81631100 -0.08975200 0.55171400
1403636646.013555527 -1.934828 5.338651 0.637963 -0.14897600 -0.81316600 -0.09056100 0.55531300
1403636646.063555717 -1.972796 5.370765 0.646475 -0.15488000 -0.81005600 -0.09081700 0.55819100
1403636646.113555431 -2.010817 5.404710 0.655784 -0.16214900 -0.80669700 -0.09314700 0.56061000
1403636646.163555384 -2.048547 5.437380 0.665211 -0.17098100 -0.80301400 -0.09713000 0.56259000
1403636646.213555574 -2.086921 5.471407 0.673723 -0.18129900 -0.79891300 -0.10102800 0.56450800
1403636646.263555765 -2.123978 5.506099 0.680792 -0.19279600 -0.79437900 -0.10635700 0.56613300
1403636646.313555479 -2.160324 5.541033 0.687300 -0.20492800 -0.78893600 -0.11259500 0.56826000
1403636646.363555431 -2.195406 5.577085 0.691950 -0.21738400 -0.78322900 -0.11889300 0.57024000
1403636646.413555622 -2.228635 5.613899 0.694850 -0.22809500 -0.77833500 -0.12869100 0.57062900
1403636646.463555574 -2.260798 5.651046 0.697361 -0.23601400 -0.77297400 -0.13945900 0.57216400
1403636646.513555527 -2.291836 5.688647 0.700656 -0.24172500 -0.76839400 -0.15029000 0.57320200
1403636646.563555717 -2.321015 5.726078 0.704267 -0.24712900 -0.76492700 -0.15920100 0.57312700
1403636646.613555431 -2.349085 5.763595 0.708314 -0.25225900 -0.76334000 -0.16533800 0.57126600
1403636646.663555384 -2.376099 5.801145 0.714572 -0.25589000 -0.76352300 -0.17154700 0.56756400
1403636646.713555574 -2.402076 5.838149 0.723212 -0.26002100 -0.76344200 -0.17512700 0.56469200
1403636646.763555765 -2.427042 5.874559 0.734284 -0.26333700 -0.76295200 -0.17804900 0.56290100
1403636646.813555479 -2.451133 5.910273 0.747613 -0.26544400 -0.76216800 -0.18071300 0.56212500
1403636646.863555431 -2.473861 5.945526 0.762744 -0.26750100 -0.76134400 -0.18308200 0.56149800
1403636646.913555622 -2.495598 5.979823 0.778028 -0.26904100 -0.76145000 -0.18345400 0.56049600
1403636646.963555574 -2.516413 6.013609 0.792519 -0.27021900 -0.76197500 -0.18414600 0.55898700
1403636647.013555527 -2.536424 6.046797 0.805655 -0.27093900 -0.76275400 -0.18465000 0.55740800
1403636647.063555717 -2.555826 6.079380 0.817123 -0.27104700 -0.76422900 -0.18469100 0.55531800
1403636647.113555431 -2.574144 6.111466 0.826697 -0.27168600 -0.76652400 -0.18420700 0.55199300
1403636647.163555384 -2.592354 6.143375 0.834992 -0.27213600 -0.76829500 -0.18314600 0.54965900
1403636647.213555574 -2.609759 6.174718 0.842257 -0.27180000 -0.76966400 -0.18312100 0.54791300
1403636647.263555765 -2.627092 6.206091 0.848503 -0.27172500 -0.76966300 -0.18221200 0.54825500
1403636647.313555479 -2.644230 6.237378 0.853446 -0.27164000 -0.76910200 -0.18072100 0.54957600
1403636647.363555431 -2.661068 6.268756 0.857306 -0.27130700 -0.76823100 -0.17967500 0.55129900
1403636647.413555622 -2.677303 6.299935 0.859733 -0.27084800 -0.76730500 -0.17887100 0.55307300
1403636647.463555574 -2.692726 6.330582 0.860919 -0.27050000 -0.76624500 -0.17735700 0.55519700
1403636647.513555527 -2.707381 6.361062 0.861262 -0.26974600 -0.76450800 -0.17621300 0.55831500
1403636647.563555717 -2.720468 6.390748 0.861826 -0.26934900 -0.76208300 -0.17448300 0.56235000
1403636647.613555431 -2.732209 6.420416 0.863386 -0.26977200 -0.75872800 -0.17252200 0.56726900
1403636647.663555384 -2.742760 6.450618 0.865712 -0.27045500 -0.75787400 -0.17298800 0.56794200
1403636647.713555574 -2.752183 6.480965 0.869262 -0.27066600 -0.75847400 -0.17414400 0.56668400
1403636647.763555765 -2.760778 6.511741 0.874112 -0.27098700 -0.75981200 -0.17547200 0.56432400
1403636647.813555479 -2.768316 6.542553 0.879697 -0.27114400 -0.76038900 -0.17790400 0.56270900
1403636647.863555431 -2.774094 6.572861 0.883872 -0.27336200 -0.76084400 -0.17982300 0.56040600
1403636647.913555622 -2.778564 6.603101 0.886411 -0.27629900 -0.75988500 -0.18318700 0.55917600
1403636647.963555574 -2.781983 6.633219 0.886762 -0.28095200 -0.75818000 -0.18675100 0.55799300
1403636648.013555527 -2.784055 6.663149 0.884541 -0.28694800 -0.75635600 -0.19164800 0.55575400
1403636648.063555717 -2.784546 6.692867 0.880006 -0.29457300 -0.75379500 -0.19719800 0.55329800
1403636648.113555431 -2.784046 6.722461 0.873372 -0.30365300 -0.75055400 -0.20332100 0.55057300
1403636648.163555384 -2.782712 6.751909 0.865440 -0.31343200 -0.74661900 -0.21029100 0.54783500
1403636648.213555574 -2.780806 6.781204 0.856789 -0.32304500 -0.74240500 -0.21753600 0.54512800
1403636648.263555765 -2.777723 6.810186 0.846759 -0.33357100 -0.73767200 -0.22463800 0.54234500
1403636648.313555479 -2.773551 6.838410 0.835537 -0.34429800 -0.73294000 -0.23179100 0.53901900
1403636648.363555431 -2.768614 6.866218 0.823429 -0.35436200 -0.72779700 -0.23971700 0.53599200
1403636648.413555622 -2.762514 6.893356 0.810203 -0.36483500 -0.72284000 -0.24748800 0.53212600
1403636648.463555574 -2.755427 6.919942 0.795913 -0.37582800 -0.71762200 -0.25505000 0.52795400
1403636648.513555527 -2.747947 6.946434 0.781576 -0.38635300 -0.71213900 -0.26229100 0.52421700
1403636648.563555717 -2.740041 6.972554 0.768993 -0.39567200 -0.70699100 -0.26867700 0.52100600
1403636648.613555431 -2.731313 6.997785 0.757710 -0.40337300 -0.70268700 -0.27460600 0.51780200
1403636648.663555384 -2.721726 7.021741 0.748336 -0.40984200 -0.69996200 -0.27949800 0.51377900
1403636648.713555574 -2.711711 7.045046 0.740310 -0.41501900 -0.69873000 -0.28399300 0.50881000
1403636648.763555765 -2.701940 7.068360 0.734101 -0.42001700 -0.69802000 -0.28632700 0.50435500
1403636648.813555479 -2.692199 7.091452 0.729303 -0.42511800 -0.69998400 -0.28613400 0.49742200
1403636648.863555431 -2.682582 7.114680 0.727372 -0.42966000 -0.70196000 -0.28504800 0.49132000
1403636648.913555622 -2.673271 7.138260 0.727623 -0.43266300 -0.70466000 -0.28466200 0.48501000
1403636648.963555574 -2.664178 7.161911 0.731027 -0.43464100 -0.70647300 -0.28401800 0.48095600
1403636649.013555527 -2.655655 7.186858 0.736864 -0.43519700 -0.70681100 -0.28496400 0.47939400
1403636649.063555717 -2.647287 7.211494 0.745591 -0.43410800 -0.70521300 -0.28714400 0.48142900
1403636649.113555431 -2.640004 7.237371 0.756433 -0.43146500 -0.70206500 -0.29057400 0.48632900
1403636649.163555384 -2.633246 7.263550 0.768967 -0.42901700 -0.69821500 -0.29341900 0.49229900
1403636649.213555574 -2.625492 7.287188 0.783302 -0.42595400 -0.69535700 -0.29658700 0.49707200
1403636649.263555765 -2.618346 7.311952 0.798542 -0.42335300 -0.69321800 -0.29859200 0.50106400
1403636649.313555479 -2.610853 7.335862 0.814815 -0.42184100 -0.69299200 -0.29887600 0.50247900
1403636649.363555431 -2.603257 7.359201 0.832154 -0.42080200 -0.69433300 -0.29795400 0.50204800
1403636649.413555622 -2.595487 7.381912 0.850949 -0.42033300 -0.69627300 -0.29617000 0.50080700
1403636649.463555574 -2.587722 7.404198 0.871042 -0.41980100 -0.69914400 -0.29394800 0.49855800
1403636649.513555527 -2.579910 7.425850 0.893338 -0.41836300 -0.69988300 -0.29277500 0.49941900
1403636649.563555717 -2.572097 7.447182 0.917937 -0.41675500 -0.69905800 -0.29201700 0.50235400
1403636649.613555431 -2.564121 7.468353 0.943578 -0.41642700 -0.69730600 -0.29135600 0.50543500
1403636649.663555384 -2.555403 7.488800 0.968671 -0.41738200 -0.69409400 -0.29176100 0.50882500
1403636649.713555574 -2.545523 7.508333 0.991858 -0.42006200 -0.69112500 -0.29278100 0.51007400
1403636649.763555765 -2.534943 7.527408 1.013354 -0.42245200 -0.68842600 -0.29595300 0.50992000
1403636649.813555479 -2.523985 7.545928 1.033042 -0.42448400 -0.68648300 -0.29893400 0.50911100
1403636649.863555431 -2.512496 7.563551 1.051015 -0.42624500 -0.68433900 -0.30217300 0.50861600
1403636649.913555622 -2.500923 7.580700 1.067161 -0.42793600 -0.68277000 -0.30476100 0.50775800
1403636649.963555574 -2.489036 7.597376 1.080822 -0.42931300 -0.68153000 -0.30738100 0.50668000
1403636650.013555527 -2.476753 7.613374 1.091904 -0.43073900 -0.68063700 -0.30945400 0.50540700
1403636650.063555717 -2.464021 7.628435 1.100252 -0.43249900 -0.67896000 -0.31110900 0.50514400
1403636650.113555431 -2.450300 7.642099 1.106149 -0.43557900 -0.67674100 -0.31325400 0.50414800
1403636650.163555384 -2.435589 7.654908 1.110031 -0.43985200 -0.67365200 -0.31655600 0.50251100
1403636650.213555574 -2.419505 7.666208 1.111699 -0.44565400 -0.67025300 -0.32118100 0.49900500
1403636650.263555765 -2.402740 7.676390 1.111871 -0.45305100 -0.66572800 -0.32633000 0.49504200
1403636650.313555479 -2.385627 7.686173 1.110261 -0.46196500 -0.66031100 -0.33112500 0.49085800
1403636650.363555431 -2.367936 7.695627 1.107478 -0.47162000 -0.65480100 -0.33657300 0.48534000
1403636650.413555622 -2.349739 7.704098 1.103705 -0.48129300 -0.64934900 -0.34238600 0.47904700
1403636650.463555574 -2.330998 7.711256 1.098847 -0.49142400 -0.64399100 -0.34797600 0.47191400
1403636650.513555527 -2.312043 7.717240 1.092786 -0.50137800 -0.63888300 -0.35288000 0.46468900
1403636650.563555717 -2.293254 7.722324 1.085431 -0.51058200 -0.63430100 -0.35627800 0.45832400
1403636650.613555431 -2.274873 7.727127 1.077201 -0.51787200 -0.63035000 -0.35965700 0.45290100
1403636650.663555384 -2.256783 7.731730 1.068231 -0.52389000 -0.62673300 -0.36247100 0.44873600
1403636650.713555574 -2.238796 7.736174 1.059093 -0.52870500 -0.62382400 -0.36572600 0.44448100
1403636650.763555765 -2.221125 7.740129 1.051193 -0.53289400 -0.62067200 -0.36794900 0.44204800
1403636650.813555479 -2.203743 7.744060 1.045355 -0.53569700 -0.61775500 -0.37052600 0.44058900
1403636650.863555431 -2.186684 7.748204 1.042516 -0.53695200 -0.61482600 -0.37387200 0.44033400
1403636650.913555622 -2.169681 7.751941 1.041797 -0.53678400 -0.61160500 -0.37780700 0.44166400
1403636650.963555574 -2.152887 7.755163 1.042344 -0.53646100 -0.60888500 -0.38059500 0.44341500
1403636651.013555527 -2.136232 7.757893 1.044261 -0.53557700 -0.60703700 -0.38331600 0.44467400
1403636651.063555717 -2.119857 7.760084 1.047862 -0.53493100 -0.60612300 -0.38474000 0.44546400
1403636651.113555431 -2.103607 7.761368 1.052809 -0.53423100 -0.60542000 -0.38532100 0.44675800
1403636651.163555384 -2.087350 7.762015 1.059063 -0.53398300 -0.60582300 -0.38528900 0.44653400
1403636651.213555574 -2.071198 7.761349 1.066540 -0.53411300 -0.60723100 -0.38367600 0.44585500
1403636651.263555765 -2.054993 7.759370 1.075582 -0.53432600 -0.60897100 -0.38209300 0.44458500
1403636651.313555479 -2.038939 7.756832 1.085589 -0.53445700 -0.61120200 -0.38000800 0.44315100
1403636651.363555431 -2.023176 7.753917 1.095433 -0.53487800 -0.61323000 -0.37738500 0.44208100
1403636651.413555622 -2.007461 7.750737 1.104284 -0.53434300 -0.61489900 -0.37603700 0.44155700
1403636651.463555574 -1.991757 7.747184 1.111251 -0.53374000 -0.61629200 -0.37437600 0.44175700
1403636651.513555527 -1.976046 7.743467 1.116435 -0.53228000 -0.61704100 -0.37411400 0.44269300
1403636651.563555717 -1.960511 7.739524 1.120154 -0.53055800 -0.61652200 -0.37415400 0.44544200
1403636651.613555431 -1.945048 7.735387 1.122692 -0.52800400 -0.61573200 -0.37547700 0.44844600
1403636651.663555384 -1.929583 7.730733 1.123871 -0.52615800 -0.61460800 -0.37611400 0.45161300
1403636651.713555574 -1.913947 7.725254 1.123660 -0.52563300 -0.61337300 -0.37567500 0.45426000
1403636651.763555765 -1.897757 7.719252 1.122349 -0.52696000 -0.61080500 -0.37498000 0.45675100
1403636651.813555479 -1.880853 7.712507 1.120105 -0.53034700 -0.60666600 -0.37394700 0.45918900
1403636651.863555431 -1.862980 7.704779 1.116933 -0.53423400 -0.60161100 -0.37466200 0.46074900
1403636651.913555622 -1.843688 7.695789 1.112318 -0.53959600 -0.59606200 -0.37634100 0.46034600
1403636651.963555574 -1.822931 7.685541 1.106651 -0.54567100 -0.58979200 -0.37945400 0.45870300
1403636652.013555527 -1.800917 7.675231 1.100238 -0.55192000 -0.58314400 -0.38465800 0.45538200
1403636652.063555717 -1.777373 7.664089 1.092068 -0.55967900 -0.57696800 -0.39054500 0.44873900
1403636652.113555431 -1.752507 7.651971 1.083362 -0.56775800 -0.57116500 -0.39795600 0.43939400
1403636652.163555384 -1.726665 7.638659 1.074130 -0.57706300 -0.56435800 -0.40575600 0.42884200
1403636652.213555574 -1.700165 7.624757 1.064220 -0.58807400 -0.55652500 -0.41285200 0.41716000
1403636652.263555765 -1.673398 7.608561 1.052565 -0.59968400 -0.54783700 -0.41897500 0.40587500
1403636652.313555479 -1.646557 7.590091 1.039104 -0.61256400 -0.53943800 -0.42332500 0.39317800
1403636652.363555431 -1.619726 7.571669 1.024509 -0.62481900 -0.53070700 -0.42700200 0.38163100
1403636652.413555622 -1.593052 7.554352 1.010456 -0.63504000 -0.52234800 -0.43084700 0.37183800
1403636652.463555574 -1.566880 7.537926 0.997029 -0.64375000 -0.51456200 -0.43366900 0.36435600
1403636652.513555527 -1.540906 7.522036 0.984665 -0.65142000 -0.50801100 -0.43541500 0.35779600
1403636652.563555717 -1.515024 7.507369 0.974561 -0.65860300 -0.50266700 -0.43602200 0.35136700
1403636652.613555431 -1.489070 7.493789 0.966638 -0.66455400 -0.49914900 -0.43584100 0.34534800
1403636652.663555384 -1.462686 7.481950 0.960843 -0.66937600 -0.49718400 -0.43556700 0.33916100
1403636652.713555574 -1.435988 7.471293 0.958045 -0.67184200 -0.49600500 -0.43711400 0.33397700
1403636652.763555765 -1.409480 7.462232 0.957792 -0.67417800 -0.49418100 -0.43706800 0.33202600
1403636652.813555479 -1.382538 7.454731 0.959736 -0.67496900 -0.49311800 -0.43830800 0.33036200
1403636652.863555431 -1.355415 7.449320 0.963572 -0.67537400 -0.49172600 -0.43925800 0.33034600
1403636652.913555622 -1.328145 7.445358 0.969598 -0.67432900 -0.49106100 -0.44123800 0.33083000
1403636652.963555574 -1.300733 7.442577 0.977116 -0.67276700 -0.49082000 -0.44340000 0.33147700
1403636653.013555527 -1.273231 7.441023 0.984100 -0.67130100 -0.49063600 -0.44502100 0.33255000
1403636653.063555717 -1.245848 7.440293 0.988749 -0.66889200 -0.49121900 -0.44738100 0.33337500
1403636653.113555431 -1.218294 7.441114 0.988794 -0.66654900 -0.49089500 -0.44932300 0.33592700
1403636653.163555384 -1.190616 7.443368 0.985830 -0.66347700 -0.49092100 -0.45202600 0.33833700
1403636653.213555574 -1.163358 7.445916 0.982310 -0.65964800 -0.49046300 -0.45552000 0.34178000
1403636653.263555765 -1.136283 7.448866 0.979058 -0.65562100 -0.48992100 -0.45896400 0.34567600
1403636653.313555479 -1.109628 7.451624 0.976794 -0.65166500 -0.49030300 -0.46217200 0.34833100
1403636653.363555431 -1.083579 7.454416 0.975907 -0.64898200 -0.49115800 -0.46329700 0.35063300
1403636653.413555622 -1.058240 7.456565 0.976981 -0.64699100 -0.49253100 -0.46346800 0.35215600
1403636653.463555574 -1.033562 7.458367 0.980005 -0.64596400 -0.49407200 -0.46261000 0.35301100
1403636653.513555527 -1.009472 7.459800 0.985513 -0.64482600 -0.49585300 -0.46171900 0.35375900
1403636653.563555717 -0.986015 7.460472 0.992348 -0.64419700 -0.49733500 -0.46027900 0.35470000
1403636653.613555431 -0.962911 7.461183 1.000993 -0.64293400 -0.49747300 -0.46030600 0.35675700
1403636653.663555384 -0.940212 7.461615 1.010022 -0.64089700 -0.49777900 -0.46122900 0.35879700
1403636653.713555574 -0.917945 7.461402 1.017841 -0.63893000 -0.49783900 -0.46260200 0.36045100
1403636653.763555765 -0.896278 7.460529 1.023972 -0.63745700 -0.49734700 -0.46367000 0.36236000
1403636653.813555479 -0.875315 7.458831 1.028113 -0.63601800 -0.49772300 -0.46460500 0.36317400
1403636653.863555431 -0.854833 7.456356 1.030451 -0.63490300 -0.49771700 -0.46573000 0.36369200
1403636653.913555622 -0.834967 7.452949 1.030796 -0.63456600 -0.49784600 -0.46588100 0.36391100
1403636653.963555574 -0.815883 7.448579 1.029107 -0.63577200 -0.49779200 -0.46391900 0.36438400
1403636654.013555527 -0.797268 7.443459 1.025616 -0.63754700 -0.49748000 -0.46141300 0.36489200
1403636654.063555717 -0.779080 7.437484 1.020583 -0.63889800 -0.49691700 -0.45942500 0.36580300
1403636654.113555431 -0.760998 7.430755 1.014510 -0.64001300 -0.49548400 -0.45910400 0.36620000
1403636654.163555384 -0.742900 7.423180 1.009168 -0.64131200 -0.49265200 -0.46020000 0.36637400
1403636654.213555574 -0.724700 7.415021 1.005319 -0.64303600 -0.48945800 -0.46222200 0.36508400
1403636654.263555765 -0.706417 7.405466 1.002614 -0.64546800 -0.48682000 -0.46460100 0.36128300
1403636654.313555479 -0.688009 7.395012 1.002087 -0.64881600 -0.48322000 -0.46703100 0.35696700
1403636654.363555431 -0.669890 7.383448 1.003173 -0.65326900 -0.47914700 -0.46879400 0.35198600
1403636654.413555622 -0.651774 7.371445 1.006344 -0.65822800 -0.47442700 -0.47106900 0.34605400
1403636654.463555574 -0.634073 7.358536 1.011495 -0.66344800 -0.46880700 -0.47341300 0.34050300
1403636654.513555527 -0.616548 7.344950 1.018781 -0.66837200 -0.46263800 -0.47703600 0.33419500
1403636654.563555717 -0.599404 7.330773 1.027491 -0.67362400 -0.45592100 -0.48054100 0.32780100
1403636654.613555431 -0.583009 7.316366 1.036353 -0.67951800 -0.44982600 -0.48159700 0.32246100
1403636654.663555384 -0.567199 7.302018 1.044314 -0.68572000 -0.44355800 -0.48100800 0.31887500
1403636654.713555574 -0.551816 7.287655 1.051171 -0.69017200 -0.43887700 -0.48166000 0.31473200
1403636654.763555765 -0.536713 7.273328 1.056485 -0.69397200 -0.43508200 -0.48205500 0.31101900
1403636654.813555479 -0.521664 7.259336 1.060189 -0.69674000 -0.43172900 -0.48339200 0.30741200
1403636654.863555431 -0.506966 7.245490 1.062319 -0.69901000 -0.42910100 -0.48445300 0.30424400
1403636654.913555622 -0.492333 7.232184 1.062795 -0.70031500 -0.42641800 -0.48626300 0.30212000
1403636654.963555574 -0.477818 7.219407 1.062136 -0.69935000 -0.42364900 -0.49051800 0.30137400
1403636655.013555527 -0.463753 7.206825 1.060193 -0.69777900 -0.42018900 -0.49499800 0.30253000
1403636655.063555717 -0.450101 7.194324 1.057100 -0.69630600 -0.41723200 -0.49863900 0.30403200
1403636655.113555431 -0.437008 7.181586 1.053077 -0.69528700 -0.41489200 -0.50129200 0.30520100
1403636655.163555384 -0.424442 7.168390 1.048448 -0.69398400 -0.41313400 -0.50401300 0.30606900
1403636655.213555574 -0.412505 7.154685 1.043391 -0.69323700 -0.41135700 -0.50535500 0.30793600
1403636655.263555765 -0.400762 7.139824 1.037628 -0.69349300 -0.40851600 -0.50669100 0.30894300
1403636655.313555479 -0.389277 7.123682 1.031394 -0.69422200 -0.40551400 -0.50829800 0.30862300
1403636655.363555431 -0.378163 7.106317 1.024974 -0.69583100 -0.40129800 -0.50962400 0.30832300
1403636655.413555622 -0.367906 7.087645 1.019252 -0.69754700 -0.39720400 -0.51077900 0.30783700
1403636655.463555574 -0.357715 7.068194 1.015347 -0.69910900 -0.39349200 -0.51276900 0.30574600
1403636655.513555527 -0.347996 7.047005 1.013454 -0.70191200 -0.38921400 -0.51406800 0.30260800
1403636655.563555717 -0.339356 7.023746 1.012289 -0.70699700 -0.38541700 -0.51265800 0.29798500
1403636655.613555431 -0.331090 6.998719 1.010789 -0.71378700 -0.38137500 -0.50978400 0.29188500
1403636655.663555384 -0.322834 6.973272 1.008254 -0.72060900 -0.37666000 -0.50649600 0.28691100
1403636655.713555574 -0.314676 6.947536 1.003437 -0.72661000 -0.37265300 -0.50337500 0.28246300
1403636655.763555765 -0.305928 6.921865 0.995771 -0.73154300 -0.36859000 -0.50201200 0.27744200
1403636655.813555479 -0.296616 6.896197 0.984701 -0.73614300 -0.36299600 -0.50170200 0.27317800
1403636655.863555431 -0.286597 6.870163 0.970462 -0.74097600 -0.35632100 -0.50181400 0.26865900
1403636655.913555622 -0.275815 6.843939 0.954416 -0.74570100 -0.34843800 -0.50284700 0.26395400
1403636655.963555574 -0.264157 6.817762 0.938578 -0.74975000 -0.34010800 -0.50503000 0.25913800
1403636656.013555527 -0.251872 6.791538 0.924100 -0.75285300 -0.33267400 -0.50719000 0.25554400
1403636656.063555717 -0.238789 6.764987 0.912166 -0.75528600 -0.32634400 -0.50982000 0.25127100
1403636656.113555431 -0.225074 6.738154 0.902068 -0.75743700 -0.32222000 -0.51170600 0.24621900
1403636656.163555384 -0.210556 6.711497 0.895153 -0.75917100 -0.31882100 -0.51330600 0.24193100
1403636656.213555574 -0.195890 6.684278 0.890865 -0.76079400 -0.31745700 -0.51432400 0.23640200
1403636656.263555765 -0.180854 6.657210 0.889646 -0.76218400 -0.31561500 -0.51475500 0.23343300
1403636656.313555479 -0.165140 6.630579 0.890545 -0.76358300 -0.31455400 -0.51456600 0.23069500
1403636656.363555431 -0.148853 6.604810 0.894249 -0.76468500 -0.31326800 -0.51422500 0.22955100
1403636656.413555622 -0.131624 6.580043 0.900131 -0.76525300 -0.31326800 -0.51398800 0.22818100
1403636656.463555574 -0.113262 6.556019 0.907926 -0.76551700 -0.31285100 -0.51394400 0.22796600
1403636656.513555527 -0.094243 6.532438 0.916963 -0.76545600 -0.31376600 -0.51390500 0.22700500
1403636656.563555717 -0.074517 6.509494 0.926193 -0.76435200 -0.31474000 -0.51512700 0.22660600
1403636656.613555431 -0.055281 6.488355 0.935364 -0.76278800 -0.31551500 -0.51679400 0.22700100
1403636656.663555384 -0.035158 6.467308 0.943539 -0.76000400 -0.31536200 -0.52011400 0.22896400
1403636656.713555574 -0.014683 6.446605 0.950936 -0.75541100 -0.31429400 -0.52573900 0.23275800
1403636656.763555765 0.005753 6.425682 0.956576 -0.75097900 -0.31348400 -0.53104700 0.23611600
1403636656.813555479 0.026102 6.404476 0.960159 -0.74723400 -0.31406000 -0.53540500 0.23738500
1403636656.863555431 0.046168 6.382903 0.961803 -0.74445100 -0.31529700 -0.53843600 0.23763000
1403636656.913555622 0.065520 6.360736 0.961734 -0.74205300 -0.31593400 -0.54080400 0.23890400
1403636656.963555574 0.083791 6.337892 0.959717 -0.74057700 -0.31624600 -0.54188600 0.24061000
1403636657.013555527 0.101180 6.314093 0.955815 -0.73960200 -0.31591700 -0.54234700 0.24299200
1403636657.063555717 0.117823 6.289471 0.950091 -0.73897300 -0.31539800 -0.54242800 0.24538900
1403636657.113555431 0.133481 6.263616 0.943120 -0.73881500 -0.31478600 -0.54187700 0.24785400
1403636657.163555384 0.148329 6.236981 0.936235 -0.73889000 -0.31387200 -0.54112900 0.25041400
1403636657.213555574 0.162348 6.208583 0.930511 -0.73961800 -0.31329800 -0.53949100 0.25250600
1403636657.263555765 0.176002 6.179248 0.925899 -0.74144100 -0.31351200 -0.53667500 0.25289800
1403636657.313555479 0.189130 6.148711 0.922578 -0.74305000 -0.31403500 -0.53436100 0.25242500
1403636657.363555431 0.201960 6.116773 0.920563 -0.74532400 -0.31406000 -0.53124100 0.25227600
1403636657.413555622 0.214758 6.084368 0.918402 -0.74870400 -0.31386000 -0.52664100 0.25216100
1403636657.463555574 0.227643 6.051170 0.915421 -0.75213600 -0.31425500 -0.52187500 0.25136100
1403636657.513555527 0.240980 6.017524 0.911442 -0.75507300 -0.31436800 -0.51771800 0.25101300
1403636657.563555717 0.254991 5.983442 0.906422 -0.75698500 -0.31494600 -0.51520900 0.24968600
1403636657.613555431 0.269614 5.949200 0.900447 -0.75780200 -0.31525600 -0.51418000 0.24893400
1403636657.663555384 0.284883 5.914989 0.893581 -0.75803000 -0.31536400 -0.51388600 0.24870900
1403636657.713555574 0.300865 5.880784 0.885939 -0.75787700 -0.31465200 -0.51438700 0.24904400
1403636657.763555765 0.317781 5.846442 0.877185 -0.75840300 -0.31277000 -0.51479100 0.24897800
1403636657.813555479 0.335318 5.811788 0.867182 -0.75966700 -0.31052800 -0.51428300 0.24898100
1403636657.863555431 0.353534 5.776899 0.856134 -0.76189800 -0.30744600 -0.51214500 0.25039400
1403636657.913555622 0.372702 5.741527 0.845444 -0.76473000 -0.30476200 -0.50898400 0.25149100
1403636657.963555574 0.393013 5.705228 0.836342 -0.76693100 -0.30298200 -0.50665800 0.25163100
1403636658.013555527 0.415561 5.669156 0.829679 -0.76780800 -0.30264500 -0.50625200 0.25017300
1403636658.063555717 0.439122 5.631976 0.825387 -0.76836600 -0.30373300 -0.50639400 0.24683400
1403636658.113555431 0.463762 5.594058 0.823713 -0.76709300 -0.30605300 -0.50921900 0.24207200
1403636658.163555384 0.489616 5.556082 0.823396 -0.76652700 -0.30820900 -0.51097600 0.23737700
1403636658.213555574 0.516489 5.518142 0.823859 -0.76575700 -0.30970000 -0.51296100 0.23361100
1403636658.263555765 0.544112 5.480340 0.823614 -0.76472700 -0.31217600 -0.51512500 0.22888100
1403636658.313555479 0.572086 5.442980 0.821922 -0.76446000 -0.31343300 -0.51603700 0.22598000
1403636658.363555431 0.600398 5.406157 0.818955 -0.76442200 -0.31431300 -0.51662200 0.22353800
1403636658.413555622 0.629041 5.370169 0.815061 -0.76453700 -0.31525100 -0.51678100 0.22144500
1403636658.463555574 0.657961 5.334929 0.810343 -0.76436300 -0.31665900 -0.51741000 0.21855100
1403636658.513555527 0.687232 5.300772 0.805283 -0.76388900 -0.31840400 -0.51827900 0.21559200
1403636658.563555717 0.716623 5.267547 0.799796 -0.76280500 -0.32066300 -0.52004200 0.21180600
1403636658.613555431 0.745889 5.235614 0.793629 -0.76186600 -0.32242900 -0.52143300 0.20906500
1403636658.663555384 0.774778 5.204885 0.786763 -0.76129500 -0.32330200 -0.52233400 0.20754000
1403636658.713555574 0.803280 5.175679 0.779227 -0.76025300 -0.32391100 -0.52390500 0.20645000
1403636658.763555765 0.831350 5.147782 0.771049 -0.75855600 -0.32480700 -0.52635900 0.20503600
1403636658.813555479 0.858949 5.121128 0.762362 -0.75592200 -0.32599500 -0.53014300 0.20312900
1403636658.863555431 0.885676 5.096066 0.753055 -0.75368100 -0.32611300 -0.53338700 0.20276700
1403636658.913555622 0.911314 5.072240 0.742950 -0.75223200 -0.32415200 -0.53562100 0.20538600
1403636658.963555574 0.935796 5.049439 0.731793 -0.75145900 -0.32120500 -0.53685200 0.20959100
1403636659.013555527 0.959212 5.027479 0.719603 -0.75096300 -0.31858200 -0.53759900 0.21342400
1403636659.063555717 0.981919 5.005933 0.706787 -0.74922300 -0.31610500 -0.54006600 0.21697000
1403636659.113555431 1.003417 4.984475 0.692702 -0.74830400 -0.31475800 -0.54126600 0.21908900
1403636659.163555384 1.024004 4.963140 0.677533 -0.74739500 -0.31343500 -0.54252100 0.22097900
1403636659.213555574 1.043377 4.941775 0.661874 -0.74666000 -0.31283000 -0.54336400 0.22224200
1403636659.263555765 1.061315 4.920319 0.646841 -0.74677900 -0.31249800 -0.54313400 0.22287000
1403636659.313555479 1.078068 4.898662 0.632850 -0.74798300 -0.31324100 -0.54135900 0.22210800
1403636659.363555431 1.093974 4.877133 0.620277 -0.74983800 -0.31400400 -0.53878300 0.22104100
1403636659.413555622 1.108938 4.855607 0.609013 -0.75204300 -0.31576000 -0.53554500 0.21890500
1403636659.463555574 1.123502 4.834761 0.599366 -0.75451100 -0.31747800 -0.53191500 0.21676800
1403636659.513555527 1.137697 4.814279 0.592581 -0.75497200 -0.31845100 -0.53142200 0.21493700
1403636659.563555717 1.151356 4.794357 0.586231 -0.75582200 -0.31762700 -0.53032800 0.21586900
1403636659.613555431 1.164269 4.774664 0.580035 -0.75476700 -0.31769300 -0.53206400 0.21519000
1403636659.663555384 1.176744 4.755525 0.572773 -0.75387600 -0.31696700 -0.53374900 0.21520800
1403636659.713555574 1.188573 4.736895 0.564095 -0.75297600 -0.31633400 -0.53544100 0.21508900
1403636659.763555765 1.199586 4.718829 0.553841 -0.75222800 -0.31533900 -0.53703800 0.21518700
1403636659.813555479 1.209852 4.701322 0.542118 -0.75202500 -0.31496200 -0.53778500 0.21457900
1403636659.863555431 1.218992 4.684159 0.529371 -0.75241200 -0.31384600 -0.53781400 0.21478900
1403636659.913555622 1.227318 4.667115 0.514679 -0.75353100 -0.31373100 -0.53663900 0.21396900
1403636659.963555574 1.234820 4.650234 0.498836 -0.75585300 -0.31433400 -0.53403400 0.21139900
1403636660.013555527 1.241697 4.634045 0.482022 -0.75832200 -0.31482300 -0.53089200 0.20973800
1403636660.063555717 1.248058 4.618408 0.464318 -0.76112100 -0.31512100 -0.52744400 0.20784000
1403636660.113555431 1.254123 4.603385 0.445943 -0.76322800 -0.31575500 -0.52484000 0.20573600
1403636660.163555384 1.259867 4.589270 0.426965 -0.76501200 -0.31633400 -0.52249800 0.20417000
1403636660.213555574 1.265881 4.576259 0.407522 -0.76564700 -0.31629200 -0.52167500 0.20396000
1403636660.263555765 1.271822 4.564375 0.387830 -0.76751900 -0.31684200 -0.51923700 0.20228500
1403636660.313555479 1.277954 4.553930 0.369266 -0.76947100 -0.31780300 -0.51648400 0.20040200
1403636660.363555431 1.284229 4.544636 0.351559 -0.77309100 -0.31955300 -0.51116600 0.19730100
1403636660.413555622 1.291121 4.537352 0.336039 -0.77657000 -0.32063800 -0.50606500 0.19501600
1403636660.463555574 1.298622 4.531974 0.323414 -0.77831900 -0.32125600 -0.50340100 0.19391100
1403636660.513555527 1.306629 4.528641 0.311829 -0.77819500 -0.32186900 -0.50340000 0.19339400
1403636660.563555717 1.315439 4.527536 0.300522 -0.77589200 -0.32146300 -0.50688600 0.19422200
1403636660.613555431 1.325134 4.528400 0.288663 -0.77186000 -0.32066900 -0.51277400 0.19613700
1403636660.663555384 1.335107 4.530876 0.275706 -0.76679100 -0.32008300 -0.52005600 0.19780300
1403636660.713555574 1.344998 4.534768 0.261184 -0.76170100 -0.31982400 -0.52723300 0.19888400
1403636660.763555765 1.354330 4.539761 0.245380 -0.75660500 -0.32041400 -0.53426300 0.19862300
1403636660.813555479 1.362880 4.545553 0.228117 -0.75243000 -0.32186000 -0.53983200 0.19707900
1403636660.863555431 1.370111 4.552043 0.209456 -0.74891700 -0.32374900 -0.54435600 0.19490300
1403636660.913555622 1.375979 4.559438 0.189464 -0.74661900 -0.32445300 -0.54740300 0.19401800
1403636660.963555574 1.380353 4.567748 0.168144 -0.74609600 -0.32354100 -0.54803800 0.19574700
1403636661.013555527 1.383196 4.577031 0.145645 -0.74629600 -0.32157300 -0.54773900 0.19903600
1403636661.063555717 1.384740 4.586998 0.122429 -0.74653800 -0.31931700 -0.54750700 0.20237400
1403636661.113555431 1.384966 4.597542 0.098276 -0.74676900 -0.31724600 -0.54720000 0.20558200
1403636661.163555384 1.383894 4.608477 0.073474 -0.74730800 -0.31534600 -0.54655700 0.20823900
1403636661.213555574 1.381710 4.619754 0.049978 -0.74687800 -0.31356400 -0.54716100 0.21086900
1403636661.263555765 1.377954 4.630533 0.027635 -0.74779000 -0.31262600 -0.54596500 0.21212400
1403636661.313555479 1.372680 4.640818 0.007536 -0.74754500 -0.31175800 -0.54624300 0.21354800
1403636661.363555431 1.366457 4.650909 -0.010843 -0.74755900 -0.31140400 -0.54618600 0.21415800
1403636661.413555622 1.359408 4.661036 -0.027299 -0.74734000 -0.31155800 -0.54639400 0.21416900
1403636661.463555574 1.351667 4.671269 -0.041824 -0.74764500 -0.31117600 -0.54595000 0.21479000
1403636661.513555527 1.342904 4.681153 -0.054449 -0.74845900 -0.31134100 -0.54469300 0.21490800
1403636661.563555717 1.333076 4.690892 -0.065077 -0.74935700 -0.31083200 -0.54320200 0.21629000
1403636661.613555431 1.322113 4.700135 -0.074206 -0.75081100 -0.31038600 -0.54104400 0.21728900
1403636661.663555384 1.310434 4.709119 -0.081033 -0.75067700 -0.30973500 -0.54096900 0.21886400
1403636661.713555574 1.298472 4.718137 -0.086324 -0.74996000 -0.30958500 -0.54175100 0.21959500
1403636661.763555765 1.285651 4.726799 -0.089885 -0.75025300 -0.30661500 -0.54126500 0.22392400
1403636661.813555479 1.272296 4.734813 -0.091882 -0.75074900 -0.30403600 -0.54012400 0.22848500
1403636661.863555431 1.258626 4.741919 -0.091908 -0.75053400 -0.30248400 -0.53993200 0.23168400
1403636661.913555622 1.245067 4.748079 -0.089824 -0.75029400 -0.30159700 -0.54013700 0.23313400
1403636661.963555574 1.231216 4.753184 -0.086041 -0.75009300 -0.30151600 -0.53989100 0.23444900
1403636662.013555527 1.217356 4.757312 -0.080226 -0.74967800 -0.30167500 -0.54038500 0.23443500
1403636662.063555717 1.203233 4.760249 -0.072744 -0.74904500 -0.30207500 -0.54118300 0.23410000
1403636662.113555431 1.188992 4.762264 -0.064653 -0.74862200 -0.30268600 -0.54160500 0.23368800
1403636662.163555384 1.174471 4.763137 -0.057303 -0.74863200 -0.30474100 -0.54175700 0.23061600
1403636662.213555574 1.159350 4.763026 -0.051334 -0.74850900 -0.30755800 -0.54215800 0.22629200
1403636662.263555765 1.143733 4.762195 -0.046958 -0.74802400 -0.31071100 -0.54308500 0.22131500
1403636662.313555479 1.127513 4.760899 -0.044103 -0.74830800 -0.31261700 -0.54307100 0.21767000
1403636662.363555431 1.110717 4.759505 -0.042649 -0.74888800 -0.31454300 -0.54257200 0.21411500
1403636662.413555622 1.093414 4.758321 -0.042711 -0.75052100 -0.31562500 -0.54074600 0.21141000
1403636662.463555574 1.075355 4.757306 -0.044772 -0.75331400 -0.31679400 -0.53719000 0.20877800
1403636662.513555527 1.056574 4.756614 -0.047993 -0.75619000 -0.31762500 -0.53340500 0.20681000
1403636662.563555717 1.037518 4.756693 -0.052220 -0.75887000 -0.31688000 -0.53000100 0.20689600
1403636662.613555431 1.017972 4.757263 -0.057428 -0.76167300 -0.31395300 -0.52631600 0.21043200
1403636662.663555384 0.998649 4.758425 -0.063446 -0.76429100 -0.30845800 -0.52313500 0.21690200
1403636662.713555574 0.980046 4.760094 -0.070038 -0.76562100 -0.30342100 -0.52137300 0.22346100
1403636662.763555765 0.962447 4.761811 -0.077437 -0.76605200 -0.29933900 -0.52083600 0.22867700
1403636662.813555479 0.945786 4.763100 -0.085996 -0.76650500 -0.29596300 -0.52052100 0.23224000
1403636662.863555431 0.930001 4.764013 -0.096132 -0.76779400 -0.29511500 -0.51868800 0.23315900
1403636662.913555622 0.915271 4.764147 -0.107457 -0.76944700 -0.29647000 -0.51667400 0.23044700
1403636662.963555574 0.901611 4.763930 -0.119578 -0.77148200 -0.29697400 -0.51394000 0.22910400
1403636663.013555527 0.889207 4.763559 -0.131404 -0.77420100 -0.29590200 -0.51006400 0.22998300
1403636663.063555717 0.878344 4.762964 -0.141688 -0.77684200 -0.29382200 -0.50628600 0.23208100
1403636663.113555431 0.869237 4.761972 -0.150458 -0.77879900 -0.29192900 -0.50329900 0.23439600
1403636663.163555384 0.862312 4.760864 -0.157273 -0.78060900 -0.29160500 -0.50066700 0.23441400
1403636663.213555574 0.857907 4.759168 -0.162693 -0.78033300 -0.29366800 -0.50173500 0.23044400
1403636663.263555765 0.855725 4.757212 -0.168173 -0.77814500 -0.30006200 -0.50539500 0.22144600
1403636663.313555479 0.854814 4.755573 -0.175203 -0.77681400 -0.30578800 -0.50759100 0.21313300
1403636663.363555431 0.854985 4.754406 -0.184052 -0.77597100 -0.31106000 -0.50891000 0.20524400
1403636663.413555622 0.855792 4.754274 -0.195073 -0.77606000 -0.31598600 -0.50852000 0.19822900
1403636663.463555574 0.857379 4.755822 -0.207492 -0.77672000 -0.31944100 -0.50719200 0.19344900
1403636663.513555527 0.859885 4.759030 -0.221243 -0.77763300 -0.32227100 -0.50577900 0.18872500
1403636663.563555717 0.862853 4.764267 -0.235712 -0.77819600 -0.32417300 -0.50474100 0.18590900
1403636663.613555431 0.866695 4.771908 -0.251371 -0.77882500 -0.32501500 -0.50357900 0.18494500
1403636663.663555384 0.871582 4.781929 -0.267501 -0.77917000 -0.32598100 -0.50287900 0.18369600
1403636663.713555574 0.877559 4.794472 -0.282981 -0.77784200 -0.32867300 -0.50437400 0.18040300
1403636663.763555765 0.884080 4.809490 -0.297319 -0.77565600 -0.33153300 -0.50694100 0.17736200
1403636663.813555479 0.890970 4.827412 -0.309987 -0.77173600 -0.33493900 -0.51187200 0.17386500
1403636663.863555431 0.897940 4.848796 -0.320943 -0.76748400 -0.33818400 -0.51702100 0.17115600
1403636663.913555622 0.904603 4.873650 -0.330292 -0.76399500 -0.33967600 -0.52134200 0.17069400
1403636663.963555574 0.910633 4.901604 -0.337465 -0.75871800 -0.34175300 -0.52787200 0.17002400
1403636664.013555527 0.915406 4.932161 -0.342573 -0.75357200 -0.34311900 -0.53433300 0.16997500
1403636664.063555717 0.918172 4.964756 -0.346823 -0.75075700 -0.34300900 -0.53765500 0.17215600
1403636664.113555431 0.919213 5.000101 -0.349313 -0.74902300 -0.34153300 -0.53948400 0.17686800
1403636664.163555384 0.918909 5.036329 -0.349848 -0.74771700 -0.33891900 -0.54095400 0.18282500
1403636664.213555574 0.916806 5.074700 -0.349310 -0.74629100 -0.33610300 -0.54228100 0.18980300
1403636664.263555765 0.913310 5.112240 -0.348653 -0.74459700 -0.33372600 -0.54382300 0.19611500
1403636664.313555479 0.908222 5.150427 -0.351376 -0.74351300 -0.33170700 -0.54450900 0.20166900
1403636664.363555431 0.901690 5.188313 -0.358289 -0.74267000 -0.33092800 -0.54465500 0.20561800
1403636664.413555622 0.894104 5.226275 -0.369538 -0.74168100 -0.33040700 -0.54490800 0.20932400
1403636664.463555574 0.885066 5.264010 -0.383570 -0.74121200 -0.33056400 -0.54436500 0.21212900
1403636664.513555527 0.874962 5.301826 -0.398866 -0.73999000 -0.33051600 -0.54476500 0.21541900
1403636664.563555717 0.863841 5.339951 -0.414592 -0.73936900 -0.33052800 -0.54413700 0.21909200
1403636664.613555431 0.851180 5.378202 -0.429543 -0.73966200 -0.32833600 -0.54223700 0.22600600
1403636664.663555384 0.837561 5.416100 -0.443269 -0.73922300 -0.32813700 -0.54132500 0.22987700
1403636664.713555574 0.823312 5.453947 -0.455446 -0.74010300 -0.32767200 -0.53867400 0.23390100
1403636664.763555765 0.808487 5.491048 -0.465669 -0.74015600 -0.33100200 -0.53739800 0.23197600
1403636664.813555479 0.792608 5.527388 -0.473936 -0.73965700 -0.33455100 -0.53685600 0.22972100
1403636664.863555431 0.776409 5.564273 -0.480369 -0.73923800 -0.33657000 -0.53603400 0.23003500
1403636664.913555622 0.759627 5.601041 -0.485196 -0.73913100 -0.33707900 -0.53506800 0.23187400
1403636664.963555574 0.742262 5.637718 -0.489183 -0.74042800 -0.33891400 -0.53225300 0.23153800
1403636665.013555527 0.724473 5.674758 -0.491218 -0.74256000 -0.33978000 -0.52831400 0.23246300
1403636665.063555717 0.705777 5.710735 -0.491236 -0.74508500 -0.34165500 -0.52405500 0.23127600
1403636665.113555431 0.686506 5.746399 -0.489271 -0.74715200 -0.34295200 -0.52024000 0.23129700
1403636665.163555384 0.667461 5.782377 -0.485243 -0.74870400 -0.34399800 -0.51758100 0.23069200
1403636665.213555574 0.648143 5.818257 -0.480414 -0.74996400 -0.34251400 -0.51508100 0.23437600
1403636665.263555765 0.629129 5.854105 -0.474642 -0.74970700 -0.33857400 -0.51519600 0.24060200
1403636665.313555479 0.611577 5.890703 -0.467839 -0.74814500 -0.33595100 -0.51712200 0.24495600
1403636665.363555431 0.594417 5.926957 -0.461611 -0.74726900 -0.33498400 -0.51809200 0.24689400
1403636665.413555622 0.578177 5.962908 -0.454985 -0.74618800 -0.33583100 -0.51973200 0.24556000
1403636665.463555574 0.562435 5.998207 -0.448639 -0.74555600 -0.33851300 -0.52096300 0.24115500
1403636665.513555527 0.546306 6.032004 -0.442520 -0.74505500 -0.34180500 -0.52218200 0.23535300
1403636665.563555717 0.529738 6.065577 -0.435424 -0.74378700 -0.34460000 -0.52447800 0.23013400
1403636665.613555431 0.512642 6.099065 -0.428006 -0.74393200 -0.34713700 -0.52455000 0.22563300
1403636665.663555384 0.495012 6.133027 -0.420615 -0.74375900 -0.34790700 -0.52540300 0.22302100
1403636665.713555574 0.477050 6.167784 -0.412819 -0.74283700 -0.34772300 -0.52735800 0.22175800
1403636665.763555765 0.458736 6.203365 -0.404297 -0.74115800 -0.34693800 -0.53037200 0.22141400
1403636665.813555479 0.439501 6.239204 -0.395797 -0.74033700 -0.34484000 -0.53237300 0.22263800
1403636665.863555431 0.419298 6.275751 -0.386857 -0.74047700 -0.33922300 -0.53282400 0.22962200
1403636665.913555622 0.398684 6.312254 -0.377934 -0.74181400 -0.33336600 -0.53156100 0.23670100
1403636665.963555574 0.377636 6.348203 -0.369627 -0.74347200 -0.32813500 -0.52974700 0.24279100
1403636666.013555527 0.356517 6.383473 -0.362931 -0.74537200 -0.32451900 -0.52749800 0.24668800
1403636666.063555717 0.335636 6.417872 -0.357716 -0.74629900 -0.32265400 -0.52637500 0.24872100
1403636666.113555431 0.315072 6.451000 -0.353739 -0.74571900 -0.32304300 -0.52750300 0.24756200
1403636666.163555384 0.294857 6.483042 -0.351100 -0.74426900 -0.32486900 -0.52997200 0.24424200
1403636666.213555574 0.274568 6.514380 -0.349813 -0.74288800 -0.32571500 -0.53192800 0.24306400
1403636666.263555765 0.254187 6.545179 -0.350086 -0.74247900 -0.32584500 -0.53241400 0.24307600
1403636666.313555479 0.233828 6.575000 -0.351992 -0.74202600 -0.32462200 -0.53305200 0.24469200
1403636666.363555431 0.213309 6.604053 -0.355245 -0.74175500 -0.32324200 -0.53290400 0.24764700
1403636666.413555622 0.192601 6.631991 -0.358708 -0.74289700 -0.32187500 -0.53092500 0.25024000
1403636666.463555574 0.171957 6.658745 -0.361500 -0.74421200 -0.32140700 -0.52855700 0.25194100
1403636666.513555527 0.151562 6.684091 -0.362630 -0.74508700 -0.32214400 -0.52663100 0.25244800
1403636666.563555717 0.131079 6.707184 -0.361672 -0.74594800 -0.32445600 -0.52512300 0.25007700
1403636666.613555431 0.111047 6.729560 -0.358332 -0.74688100 -0.32771300 -0.52321400 0.24702500
1403636666.663555384 0.091165 6.751159 -0.353320 -0.74711300 -0.33172400 -0.52234900 0.24276500
1403636666.713555574 0.071049 6.771889 -0.347520 -0.74849600 -0.33551400 -0.51975700 0.23882800
1403636666.763555765 0.051234 6.792837 -0.340788 -0.75006500 -0.33871600 -0.51680900 0.23576400
1403636666.813555479 0.031425 6.813964 -0.333648 -0.75201900 -0.34017900 -0.51333200 0.23502900
1403636666.863555431 0.012213 6.835479 -0.327842 -0.75545200 -0.34033700 -0.50783900 0.23572400
1403636666.913555622 -0.006552 6.857378 -0.323976 -0.76076200 -0.33724600 -0.49947400 0.24091400
1403636666.963555574 -0.024358 6.879122 -0.321651 -0.76539900 -0.33383800 -0.49206600 0.24615700
1403636667.013555527 -0.040020 6.901414 -0.320041 -0.76667300 -0.33183700 -0.48979600 0.24939600
1403636667.063555717 -0.053696 6.923754 -0.319040 -0.76590200 -0.33104200 -0.49062900 0.25117600
1403636667.113555431 -0.065401 6.945939 -0.318082 -0.76074500 -0.33225900 -0.49830700 0.25013500
1403636667.163555384 -0.075363 6.968595 -0.317852 -0.75370300 -0.33473700 -0.50853900 0.24757500
1403636667.213555574 -0.084937 6.990725 -0.318933 -0.74782100 -0.33666300 -0.51685200 0.24554300
1403636667.263555765 -0.094083 7.012841 -0.320930 -0.74243500 -0.33950800 -0.52430100 0.24215300
1403636667.313555479 -0.103704 7.034724 -0.324699 -0.73903700 -0.34171500 -0.52871900 0.23982000
1403636667.363555431 -0.114041 7.056262 -0.329784 -0.73711400 -0.34247400 -0.53109500 0.23940300
1403636667.413555622 -0.124921 7.077580 -0.335848 -0.73691800 -0.34345400 -0.53120400 0.23835700
1403636667.463555574 -0.136779 7.098501 -0.342399 -0.73840700 -0.34507200 -0.52875400 0.23685700
1403636667.513555527 -0.149353 7.119303 -0.349553 -0.74064100 -0.34615600 -0.52534100 0.23589300
1403636667.563555717 -0.162008 7.140526 -0.356980 -0.74464400 -0.34609600 -0.51946500 0.23639200
1403636667.613555431 -0.175002 7.161907 -0.363093 -0.74874800 -0.34482100 -0.51364100 0.23802700
1403636667.663555384 -0.187657 7.183615 -0.366697 -0.75178700 -0.34366200 -0.50898800 0.24009600
1403636667.713555574 -0.199898 7.205388 -0.367964 -0.75348800 -0.34204800 -0.50642800 0.24246900
1403636667.763555765 -0.211455 7.227096 -0.367045 -0.75382900 -0.34091100 -0.50593600 0.24403000
1403636667.813555479 -0.222047 7.249181 -0.364922 -0.75352100 -0.33983800 -0.50657700 0.24514700
1403636667.863555431 -0.232381 7.271039 -0.362520 -0.75366000 -0.33886400 -0.50664500 0.24592400
1403636667.913555622 -0.242340 7.292309 -0.360281 -0.75385900 -0.33774500 -0.50671200 0.24671400
1403636667.963555574 -0.251443 7.313629 -0.359185 -0.75449900 -0.33783600 -0.50608200 0.24592500
1403636668.013555527 -0.259730 7.335218 -0.359294 -0.75428000 -0.33737600 -0.50678200 0.24578600
1403636668.063555717 -0.267158 7.356875 -0.361412 -0.75358300 -0.33802300 -0.50855900 0.24335700
1403636668.113555431 -0.273811 7.378860 -0.365558 -0.75283700 -0.33876100 -0.51042400 0.24072100
1403636668.163555384 -0.280034 7.400965 -0.371175 -0.75233900 -0.33959900 -0.51206100 0.23759800
1403636668.213555574 -0.285884 7.423465 -0.378636 -0.75290600 -0.34052400 -0.51216700 0.23422600
1403636668.263555765 -0.291387 7.446328 -0.387055 -0.75327300 -0.34131000 -0.51252700 0.23109200
1403636668.313555479 -0.296632 7.469636 -0.396451 -0.75372700 -0.34121300 -0.51311400 0.22843900
1403636668.363555431 -0.301993 7.493578 -0.406798 -0.75398000 -0.34062200 -0.51367100 0.22723100
1403636668.413555622 -0.307416 7.517872 -0.417810 -0.75362200 -0.33977300 -0.51512000 0.22640600
1403636668.463555574 -0.312649 7.542630 -0.429470 -0.75287800 -0.33859500 -0.51719100 0.22592500
1403636668.513555527 -0.317832 7.568024 -0.441684 -0.75258800 -0.33786000 -0.51842900 0.22515200
1403636668.563555717 -0.323396 7.593953 -0.454168 -0.75295300 -0.33679000 -0.51877700 0.22473500
1403636668.613555431 -0.329147 7.620330 -0.466562 -0.75307800 -0.33626500 -0.51928300 0.22393100
1403636668.663555384 -0.334803 7.647530 -0.478952 -0.75341000 -0.33576000 -0.51970200 0.22259500
1403636668.713555574 -0.340479 7.675353 -0.491268 -0.75240300 -0.33697400 -0.52174200 0.21937700
1403636668.763555765 -0.346164 7.704361 -0.503202 -0.75010200 -0.33887700 -0.52539600 0.21557200
1403636668.813555479 -0.352433 7.734199 -0.514529 -0.74748700 -0.33991000 -0.52966400 0.21256200
1403636668.863555431 -0.359918 7.765025 -0.524512 -0.74437100 -0.34245400 -0.53388400 0.20882400
1403636668.913555622 -0.368475 7.797285 -0.532334 -0.74101700 -0.34376700 -0.53864600 0.20635200
1403636668.963555574 -0.378514 7.830982 -0.538408 -0.73996900 -0.34187500 -0.54031000 0.20888500
1403636669.013555527 -0.390967 7.864588 -0.542486 -0.74021100 -0.33843200 -0.54018000 0.21391600
1403636669.063555717 -0.404860 7.898478 -0.544853 -0.74036700 -0.33495300 -0.54023700 0.21866400
1403636669.113555431 -0.420072 7.931743 -0.544804 -0.74081400 -0.33155400 -0.53987500 0.22316200
1403636669.163555384 -0.436250 7.964505 -0.544966 -0.74136300 -0.32946300 -0.53947700 0.22538800
1403636669.213555574 -0.453338 7.996793 -0.546098 -0.74127000 -0.32795200 -0.53988500 0.22691900
1403636669.263555765 -0.471179 8.027653 -0.547823 -0.74115300 -0.32725400 -0.54026400 0.22740300
1403636669.313555479 -0.490007 8.058466 -0.551461 -0.74117100 -0.32735200 -0.54053700 0.22655400
1403636669.363555431 -0.509578 8.088653 -0.556506 -0.74197000 -0.32687700 -0.53964000 0.22675900
1403636669.413555622 -0.529928 8.118840 -0.562528 -0.74138800 -0.32629300 -0.54051000 0.22743300
1403636669.463555574 -0.551242 8.148771 -0.569494 -0.74020100 -0.32511300 -0.54214900 0.22908200
1403636669.513555527 -0.573456 8.178370 -0.577563 -0.73846800 -0.32483300 -0.54419500 0.23021800
1403636669.563555717 -0.596696 8.207354 -0.586534 -0.73631300 -0.32420000 -0.54695300 0.23147400
1403636669.613555431 -0.621140 8.235431 -0.595497 -0.73284400 -0.32350100 -0.55136300 0.23299600
1403636669.663555384 -0.647162 8.262277 -0.603682 -0.72979400 -0.32263900 -0.55497200 0.23518500
1403636669.713555574 -0.674398 8.288367 -0.610370 -0.72667200 -0.32169000 -0.55874100 0.23721800
1403636669.763555765 -0.702994 8.313358 -0.615920 -0.72539400 -0.32068600 -0.56003600 0.23942700
1403636669.813555479 -0.733529 8.336903 -0.620487 -0.72732100 -0.31621100 -0.55658300 0.24746400
1403636669.863555431 -0.765638 8.358887 -0.623253 -0.73096300 -0.30932500 -0.55043900 0.25892500
1403636669.913555622 -0.799076 8.378191 -0.624236 -0.73698300 -0.30325000 -0.54096800 0.26882000
1403636669.963555574 -0.831906 8.395301 -0.623908 -0.74178600 -0.29909800 -0.53334200 0.27540300
1403636670.013555527 -0.864051 8.409455 -0.621867 -0.74575900 -0.29721800 -0.52726000 0.27840000
1403636670.063555717 -0.895501 8.420666 -0.618470 -0.74855700 -0.29585300 -0.52260800 0.28110900
1403636670.113555431 -0.925883 8.429333 -0.613479 -0.75050400 -0.29551200 -0.51830600 0.28421300
1403636670.163555384 -0.954680 8.435326 -0.606786 -0.74976700 -0.29432200 -0.51713300 0.28948100
1403636670.213555574 -0.981706 8.438924 -0.599412 -0.74805600 -0.29105400 -0.51613400 0.29885200
1403636670.263555765 -1.006986 8.439359 -0.592749 -0.74579300 -0.28822600 -0.51579700 0.30769700
1403636670.313555479 -1.030474 8.436551 -0.587741 -0.74414800 -0.28621600 -0.51463900 0.31539600
1403636670.363555431 -1.051897 8.430146 -0.584623 -0.74359800 -0.28635900 -0.51168500 0.32131200
1403636670.413555622 -1.071214 8.420029 -0.582760 -0.74317200 -0.28863900 -0.50796300 0.32612600
1403636670.463555574 -1.088186 8.405910 -0.581241 -0.74300500 -0.29161600 -0.50273500 0.33191200
1403636670.513555527 -1.102309 8.387509 -0.578012 -0.74182400 -0.29604200 -0.49815700 0.33749100
1403636670.563555717 -1.113363 8.365180 -0.573454 -0.73974300 -0.30234000 -0.49354000 0.34321200
1403636670.613555431 -1.121041 8.338749 -0.566779 -0.73707600 -0.30961700 -0.48927200 0.34854800
1403636670.663555384 -1.124842 8.308755 -0.557695 -0.73353200 -0.31805500 -0.48567500 0.35340900
1403636670.713555574 -1.125319 8.274677 -0.547283 -0.72925400 -0.32692800 -0.48239300 0.35862300
1403636670.763555765 -1.122029 8.237521 -0.535857 -0.72469900 -0.33562200 -0.47873600 0.36467800
1403636670.813555479 -1.115656 8.197162 -0.524907 -0.72016800 -0.34341900 -0.47384600 0.37269400
1403636670.863555431 -1.106296 8.153338 -0.514970 -0.71547400 -0.35059900 -0.46779700 0.38258800
1403636670.913555622 -1.093419 8.106645 -0.505931 -0.71007100 -0.35755700 -0.46171700 0.39342500
1403636670.963555574 -1.076770 8.056251 -0.496234 -0.70359000 -0.36401900 -0.45524300 0.40647300
1403636671.013555527 -1.055962 8.001805 -0.484771 -0.69564400 -0.37326800 -0.44985700 0.41760700
1403636671.063555717 -1.030225 7.942851 -0.470360 -0.68686600 -0.38490200 -0.44592200 0.42575200
1403636671.113555431 -0.999407 7.880044 -0.453780 -0.67771500 -0.39925600 -0.44292600 0.43027100
1403636671.163555384 -0.964102 7.812606 -0.435531 -0.66922700 -0.41437000 -0.43923300 0.43304200
1403636671.213555574 -0.923925 7.741909 -0.415333 -0.66216900 -0.42882900 -0.43493400 0.43414800
1403636671.263555765 -0.879617 7.666493 -0.393788 -0.65598900 -0.44374800 -0.43138400 0.43207700
1403636671.313555479 -0.831369 7.588362 -0.372576 -0.65071900 -0.46063600 -0.42941800 0.42430400
1403636671.363555431 -0.779890 7.507400 -0.350640 -0.64459800 -0.47952300 -0.42947800 0.41247000
1403636671.413555622 -0.726645 7.425703 -0.329184 -0.63759100 -0.49872100 -0.42990900 0.39995300
1403636671.463555574 -0.672602 7.343799 -0.309152 -0.63163000 -0.51613100 -0.42730400 0.38998400
1403636671.513555527 -0.618263 7.262009 -0.290390 -0.62734000 -0.53069700 -0.42237700 0.38264500
1403636671.563555717 -0.563884 7.180740 -0.273086 -0.62480700 -0.54218900 -0.41583000 0.37781500
1403636671.613555431 -0.509439 7.100718 -0.257492 -0.62342000 -0.55207300 -0.40908500 0.37312300
1403636671.663555384 -0.455169 7.022478 -0.243138 -0.62321900 -0.55961100 -0.40252300 0.36934300
1403636671.713555574 -0.400944 6.946603 -0.229771 -0.62317500 -0.56547100 -0.39694400 0.36651600
1403636671.763555765 -0.346900 6.872839 -0.217695 -0.62331400 -0.56981800 -0.39272500 0.36408500
1403636671.813555479 -0.293103 6.801742 -0.206375 -0.62320900 -0.57451500 -0.38981400 0.35998600
1403636671.863555431 -0.239805 6.733579 -0.194989 -0.62447200 -0.57761800 -0.38616300 0.35675200
1403636671.913555622 -0.186741 6.669052 -0.183065 -0.62682400 -0.58077900 -0.38213500 0.35180000
1403636671.963555574 -0.134098 6.608714 -0.168927 -0.62861900 -0.58432400 -0.37944000 0.34559200
1403636672.013555527 -0.082177 6.552808 -0.152677 -0.63024000 -0.58802000 -0.37734900 0.33858800
1403636672.063555717 -0.030974 6.502214 -0.133814 -0.62912500 -0.59127000 -0.37970000 0.33232600
1403636672.113555431 0.018943 6.456890 -0.112635 -0.62569800 -0.59444100 -0.38522900 0.32671900
1403636672.163555384 0.066986 6.416225 -0.089180 -0.62292100 -0.59586600 -0.39054700 0.32309300
1403636672.213555574 0.112890 6.379967 -0.064974 -0.62096500 -0.59701500 -0.39450600 0.31991600
1403636672.263555765 0.156677 6.348989 -0.040943 -0.62005500 -0.59678400 -0.39760200 0.31826700
1403636672.313555479 0.198408 6.322400 -0.018029 -0.61768800 -0.59711600 -0.40211000 0.31658200
1403636672.363555431 0.237895 6.300249 0.003576 -0.61307500 -0.59759800 -0.40942600 0.31526400
1403636672.413555622 0.274724 6.281623 0.022312 -0.60728100 -0.59793800 -0.41776800 0.31489100
1403636672.463555574 0.308582 6.266490 0.038042 -0.60083800 -0.59579300 -0.42729700 0.31851600
1403636672.513555527 0.339096 6.253877 0.050078 -0.59719200 -0.58846600 -0.43397600 0.32977400
1403636672.563555717 0.366644 6.243237 0.058225 -0.59385600 -0.58022600 -0.43954500 0.34276700
1403636672.613555431 0.391792 6.233891 0.060480 -0.59280700 -0.57187900 -0.44163800 0.35567300
1403636672.663555384 0.414943 6.225134 0.058335 -0.59244000 -0.56477700 -0.44277200 0.36606200
1403636672.713555574 0.436420 6.216480 0.050479 -0.59489400 -0.56061100 -0.43979700 0.37201900
1403636672.763555765 0.456508 6.207544 0.037582 -0.59921900 -0.55968700 -0.43374000 0.37358600
1403636672.813555479 0.474811 6.198440 0.022548 -0.60264600 -0.56106200 -0.42680300 0.37399200
1403636672.863555431 0.491811 6.190216 0.008823 -0.60220500 -0.56421900 -0.42302300 0.37425200
1403636672.913555622 0.507437 6.182927 -0.003007 -0.59952200 -0.56806800 -0.41979900 0.37636600
1403636672.963555574 0.521365 6.175652 -0.013758 -0.59538700 -0.57334800 -0.41694000 0.37808900
1403636673.013555527 0.533900 6.169478 -0.022482 -0.59032000 -0.57929200 -0.41384000 0.38038300
1403636673.063555717 0.545064 6.164068 -0.029509 -0.58492900 -0.58593000 -0.41109500 0.38150900
1403636673.113555431 0.554976 6.159534 -0.035128 -0.58052200 -0.59223000 -0.40695600 0.38294700
1403636673.163555384 0.563778 6.156708 -0.038122 -0.57868300 -0.59901500 -0.40053900 0.38194300
1403636673.213555574 0.571411 6.154491 -0.039333 -0.57810800 -0.60614600 -0.39321600 0.37916400
1403636673.263555765 0.577731 6.153834 -0.039243 -0.57727100 -0.61331100 -0.38683500 0.37546300
1403636673.313555479 0.582795 6.154744 -0.037170 -0.57748100 -0.61834300 -0.38080400 0.37304000
1403636673.363555431 0.586223 6.158234 -0.033570 -0.57685200 -0.62240700 -0.37676600 0.37134800
1403636673.413555622 0.588394 6.164459 -0.029804 -0.57520800 -0.62452200 -0.37507900 0.37205400
1403636673.463555574 0.589215 6.173284 -0.027039 -0.57354700 -0.62552700 -0.37422400 0.37378600
1403636673.513555527 0.588879 6.184562 -0.025813 -0.57166000 -0.62623400 -0.37447400 0.37524000
1403636673.563555717 0.587209 6.198110 -0.025454 -0.56922000 -0.62591700 -0.37573400 0.37821000
1403636673.613555431 0.584279 6.214076 -0.025777 -0.56530500 -0.62426700 -0.37979900 0.38272300
1403636673.663555384 0.579893 6.231834 -0.027129 -0.56155500 -0.62205200 -0.38383400 0.38779100
1403636673.713555574 0.574007 6.251238 -0.029181 -0.55796500 -0.61953400 -0.38766200 0.39315800
1403636673.763555765 0.566859 6.271151 -0.030990 -0.55342400 -0.61693200 -0.39307700 0.39826200
1403636673.813555479 0.558217 6.290559 -0.032579 -0.55071100 -0.61439200 -0.39567800 0.40333700
1403636673.863555431 0.548473 6.309778 -0.033381 -0.54850600 -0.61352300 -0.39802700 0.40534600
1403636673.913555622 0.537374 6.329809 -0.033614 -0.54754000 -0.61480400 -0.39881500 0.40393400
1403636673.963555574 0.524722 6.350438 -0.032256 -0.54734400 -0.61500900 -0.39884900 0.40385400
1403636674.013555527 0.510644 6.371380 -0.031658 -0.54837100 -0.61504300 -0.39740300 0.40383400
1403636674.063555717 0.495126 6.393076 -0.031884 -0.54875600 -0.61494300 -0.39701500 0.40384600
1403636674.113555431 0.478241 6.415044 -0.033408 -0.54962900 -0.61437200 -0.39578900 0.40473000
1403636674.163555384 0.460117 6.437014 -0.036312 -0.54967100 -0.61349000 -0.39579600 0.40600300
1403636674.213555574 0.440931 6.459099 -0.040842 -0.54986300 -0.61173600 -0.39585000 0.40833100
1403636674.263555765 0.420803 6.481086 -0.047335 -0.55088700 -0.60892000 -0.39474200 0.41221400
1403636674.313555479 0.399692 6.502645 -0.055899 -0.55349700 -0.60538100 -0.39134300 0.41714300
1403636674.363555431 0.377890 6.523489 -0.066151 -0.55612100 -0.60295300 -0.38650500 0.42165700
1403636674.413555622 0.355496 6.544141 -0.077876 -0.55749500 -0.60129300 -0.38076400 0.42739700
1403636674.463555574 0.333059 6.564618 -0.090763 -0.55680500 -0.60087400 -0.37583100 0.43321200
1403636674.513555527 0.310904 6.584746 -0.105101 -0.55448800 -0.60167100 -0.37138200 0.43887700
1403636674.563555717 0.289543 6.604494 -0.121006 -0.55132400 -0.60399800 -0.36795300 0.44254500
1403636674.613555431 0.269074 6.623962 -0.137943 -0.54764800 -0.60646800 -0.36608200 0.44526800
1403636674.663555384 0.249357 6.643548 -0.155695 -0.54335100 -0.60925400 -0.36535300 0.44732400
1403636674.713555574 0.230407 6.662768 -0.175254 -0.54144200 -0.61180100 -0.36226000 0.44867400
1403636674.763555765 0.212394 6.681926 -0.196471 -0.54108600 -0.61595300 -0.35742900 0.44729800
1403636674.813555479 0.195534 6.700762 -0.217697 -0.54237600 -0.62091000 -0.35097400 0.44399000
1403636674.863555431 0.179478 6.720743 -0.237665 -0.54400300 -0.62566800 -0.34494800 0.44001800
1403636674.913555622 0.164468 6.741439 -0.256021 -0.54534400 -0.62971300 -0.33980300 0.43657500
1403636674.963555574 0.150339 6.763949 -0.272486 -0.54657100 -0.63364300 -0.33565000 0.43254900
1403636675.013555527 0.136902 6.788576 -0.286181 -0.54804200 -0.63627700 -0.33186300 0.42973300
1403636675.063555717 0.124198 6.815149 -0.297289 -0.54841400 -0.63960100 -0.32987400 0.42583700
1403636675.113555431 0.112334 6.844172 -0.305832 -0.54718200 -0.64242500 -0.33136800 0.42199400
1403636675.163555384 0.100847 6.875389 -0.312099 -0.54450400 -0.64674000 -0.33462400 0.41626200
1403636675.213555574 0.089110 6.909668 -0.315562 -0.53982900 -0.65019200 -0.34083800 0.41191000
1403636675.263555765 0.076540 6.946984 -0.317852 -0.53635000 -0.65260000 -0.34602700 0.40830100
1403636675.313555479 0.062744 6.986613 -0.318327 -0.53336100 -0.65412100 -0.35058300 0.40589400
1403636675.363555431 0.047529 7.027700 -0.316492 -0.52890200 -0.65356200 -0.35641400 0.40755500
1403636675.413555622 0.030393 7.066978 -0.312790 -0.52306300 -0.65194900 -0.36209100 0.41263000
1403636675.463555574 0.011266 7.108813 -0.310405 -0.51750700 -0.65103000 -0.36496500 0.41852100
1403636675.513555527 -0.009429 7.151155 -0.309515 -0.51043400 -0.65178300 -0.36813500 0.42324300
1403636675.563555717 -0.031615 7.188916 -0.308364 -0.50321500 -0.65272500 -0.37126500 0.42765800
1403636675.613555431 -0.055250 7.228651 -0.309601 -0.49650700 -0.65398200 -0.37360100 0.43152600
1403636675.663555384 -0.080644 7.267818 -0.312295 -0.49078700 -0.65560000 -0.37377000 0.43544900
1403636675.713555574 -0.107669 7.306252 -0.316300 -0.48521700 -0.65688900 -0.37237200 0.44091300
1403636675.763555765 -0.136442 7.344038 -0.321543 -0.47975300 -0.65739000 -0.36937800 0.44859900
1403636675.813555479 -0.166800 7.381042 -0.328633 -0.47736000 -0.65662500 -0.36091000 0.45905000
1403636675.863555431 -0.198054 7.417422 -0.337380 -0.47570900 -0.65556600 -0.35021400 0.47042400
1403636675.913555622 -0.229455 7.452709 -0.348250 -0.47531700 -0.65634300 -0.33659200 0.47959200
1403636675.963555574 -0.260570 7.487108 -0.360454 -0.47403000 -0.65891300 -0.32324100 0.48647400
1403636676.013555527 -0.290844 7.520846 -0.373713 -0.47067100 -0.66371800 -0.31223500 0.49037300
1403636676.063555717 -0.319856 7.554331 -0.387714 -0.46487800 -0.66970900 -0.30445000 0.49265700
1403636676.113555431 -0.347647 7.587514 -0.402588 -0.45700200 -0.67757900 -0.29990700 0.49203800
1403636676.163555384 -0.374659 7.620746 -0.417716 -0.44545700 -0.68676300 -0.29953600 0.49011700
1403636676.213555574 -0.401352 7.653715 -0.433516 -0.43352600 -0.69567700 -0.29924400 0.48841800
1403636676.263555765 -0.427868 7.686447 -0.449978 -0.41960100 -0.70582600 -0.30075400 0.48508700
1403636676.313555479 -0.455069 7.718677 -0.467136 -0.40756300 -0.71525400 -0.29846000 0.48294700
1403636676.363555431 -0.483405 7.750745 -0.482713 -0.39340500 -0.72309500 -0.29862900 0.48291000
1403636676.413555622 -0.513110 7.782032 -0.496821 -0.38073700 -0.73070500 -0.29695000 0.48264100
1403636676.463555574 -0.544605 7.812304 -0.508932 -0.37086800 -0.73675000 -0.29130400 0.48456900
1403636676.513555527 -0.577252 7.840446 -0.519742 -0.36321500 -0.74174300 -0.28306200 0.48762400
1403636676.563555717 -0.612004 7.868421 -0.528591 -0.35774300 -0.74412600 -0.27286900 0.49382800
1403636676.613555431 -0.648407 7.896328 -0.534933 -0.35294000 -0.74619200 -0.26354200 0.49918300
1403636676.663555384 -0.685935 7.924433 -0.538905 -0.34926400 -0.74703000 -0.25560600 0.50461100
1403636676.713555574 -0.723905 7.952211 -0.541110 -0.34692700 -0.74724700 -0.24834400 0.50950200
1403636676.763555765 -0.762094 7.979924 -0.541662 -0.34536700 -0.74674000 -0.24229500 0.51419700
1403636676.813555479 -0.800588 8.007466 -0.540600 -0.34428800 -0.74690600 -0.23594800 0.51762500
1403636676.863555431 -0.839071 8.034725 -0.537445 -0.34375000 -0.74748400 -0.22886000 0.52031600
1403636676.913555622 -0.876400 8.061607 -0.533967 -0.34219900 -0.74744900 -0.22516500 0.52299600
1403636676.963555574 -0.913236 8.088155 -0.531798 -0.34123700 -0.74749100 -0.22213700 0.52485200
1403636677.013555527 -0.949492 8.115166 -0.533201 -0.33903500 -0.74804900 -0.22245800 0.52534800
1403636677.063555717 -0.985218 8.142542 -0.538260 -0.33536400 -0.74930800 -0.22610200 0.52435500
1403636677.113555431 -1.020925 8.170312 -0.546966 -0.33196200 -0.75045300 -0.23027500 0.52306500
1403636677.163555384 -1.056448 8.197874 -0.559040 -0.32926900 -0.75157500 -0.23412300 0.52144500
1403636677.213555574 -1.091918 8.224990 -0.573128 -0.32686700 -0.75135900 -0.23761600 0.52168700
1403636677.263555765 -1.127743 8.251283 -0.587453 -0.32390200 -0.75049700 -0.24050400 0.52345200
1403636677.313555479 -1.164003 8.276045 -0.600812 -0.32057600 -0.74938700 -0.24148100 0.52663000
1403636677.363555431 -1.200529 8.299717 -0.612647 -0.31516800 -0.74788200 -0.24229600 0.53164100
1403636677.413555622 -1.237575 8.321524 -0.621453 -0.30937900 -0.74622000 -0.24213500 0.53741500
1403636677.463555574 -1.274373 8.341727 -0.628264 -0.30348300 -0.74437700 -0.24037900 0.54408100
1403636677.513555527 -1.310435 8.359770 -0.633439 -0.29814600 -0.74338200 -0.23622100 0.55017900
1403636677.563555717 -1.345732 8.375937 -0.636935 -0.29246000 -0.74354600 -0.23103500 0.55518900
1403636677.613555431 -1.380237 8.390309 -0.639061 -0.28749100 -0.74476300 -0.22352900 0.55921900
1403636677.663555384 -1.413849 8.403262 -0.639412 -0.28266000 -0.74733200 -0.21511200 0.56154400
1403636677.713555574 -1.446188 8.414439 -0.638293 -0.27761600 -0.75005000 -0.20506300 0.56419000
1403636677.763555765 -1.476995 8.424120 -0.636019 -0.27206200 -0.75437100 -0.19506600 0.56468100
1403636677.813555479 -1.506263 8.432453 -0.633068 -0.26749900 -0.75977900 -0.18184500 0.56402600
1403636677.863555431 -1.533713 8.439917 -0.629807 -0.26316500 -0.76511800 -0.16703900 0.56342800
1403636677.913555622 -1.559939 8.447507 -0.625548 -0.25724800 -0.77091500 -0.15355000 0.56209400
1403636677.963555574 -1.584985 8.455510 -0.620196 -0.24983400 -0.77586500 -0.14181700 0.56170800
1403636678.013555527 -1.608813 8.464542 -0.615086 -0.24052600 -0.78114100 -0.13306300 0.56059700
1403636678.063555717 -1.631553 8.474795 -0.610600 -0.23054200 -0.78467000 -0.12666200 0.56136100
1403636678.113555431 -1.653243 8.486169 -0.607308 -0.21930000 -0.78765100 -0.12489300 0.56207100
1403636678.163555384 -1.674059 8.498644 -0.605476 -0.20889300 -0.78997800 -0.12425500 0.56290900
1403636678.213555574 -1.694047 8.511767 -0.605355 -0.19890500 -0.79277900 -0.12503400 0.56241400
1403636678.263555765 -1.713425 8.525143 -0.605760 -0.18976300 -0.79487200 -0.12476900 0.56267900
1403636678.313555479 -1.732412 8.538331 -0.605746 -0.18147400 -0.79661500 -0.12238300 0.56347000
1403636678.363555431 -1.751138 8.551174 -0.604368 -0.17504800 -0.79767100 -0.11665100 0.56522300
1403636678.413555622 -1.769599 8.563930 -0.601808 -0.16827300 -0.79985500 -0.11104900 0.56532200
1403636678.463555574 -1.787898 8.576569 -0.597403 -0.16089900 -0.80175000 -0.10591200 0.56577000
1403636678.513555527 -1.805945 8.589010 -0.591473 -0.15311300 -0.80402700 -0.10074400 0.56564400
1403636678.563555717 -1.823962 8.601175 -0.583655 -0.14526700 -0.80533600 -0.09502400 0.56684800
1403636678.613555431 -1.841529 8.612850 -0.574296 -0.13575900 -0.80674000 -0.08865200 0.56823300
1403636678.663555384 -1.858680 8.624496 -0.565434 -0.12376900 -0.80834300 -0.08481100 0.56928000
1403636678.713555574 -1.875745 8.635893 -0.557499 -0.10965600 -0.81018000 -0.08301100 0.56982900
1403636678.763555765 -1.892816 8.646785 -0.550798 -0.09407200 -0.81217300 -0.08164700 0.56997700
1403636678.813555479 -1.909805 8.656879 -0.546185 -0.07802400 -0.81424300 -0.08128200 0.56952100
1403636678.863555431 -1.926797 8.665948 -0.543252 -0.06346700 -0.81616300 -0.08077300 0.56862600
1403636678.913555622 -1.944084 8.673575 -0.541991 -0.04960000 -0.81734000 -0.08090500 0.56829500
1403636678.963555574 -1.961317 8.679118 -0.542462 -0.03839700 -0.81864000 -0.07762800 0.56774500
1403636679.013555527 -1.978718 8.682508 -0.543826 -0.02910400 -0.81870800 -0.07194800 0.56894600
1403636679.063555717 -1.996223 8.683704 -0.546550 -0.02128700 -0.81840200 -0.06383900 0.57070900
1403636679.113555431 -2.013634 8.682874 -0.550305 -0.01378000 -0.81739100 -0.05480800 0.57331100
1403636679.163555384 -2.030821 8.680065 -0.555572 -0.00841700 -0.81610300 -0.04239000 0.57629900
1403636679.213555574 -2.047618 8.675434 -0.561362 -0.00339600 -0.81378700 -0.02781600 0.58049900
1403636679.263555765 -2.063821 8.669576 -0.566591 0.00230400 -0.81168600 -0.01359100 0.58394300
1403636679.313555479 -2.079293 8.662913 -0.570579 0.00856500 -0.81031100 -0.00006300 0.58594600
1403636679.363555431 -2.093971 8.655863 -0.572901 0.01730100 -0.80895400 0.01124500 0.58752000
1403636679.413555622 -2.107786 8.648799 -0.573392 0.02631600 -0.80852300 0.02125800 0.58750100
1403636679.463555574 -2.120297 8.641845 -0.571838 0.03591800 -0.80801000 0.03056500 0.58730200
1403636679.513555527 -2.131813 8.635100 -0.568723 0.04567900 -0.80800300 0.03833000 0.58616100
1403636679.563555717 -2.142351 8.628816 -0.564138 0.05427200 -0.80820500 0.04470400 0.58469400
1403636679.613555431 -2.152670 8.622886 -0.557617 0.06111300 -0.80830800 0.05084000 0.58338200
1403636679.663555384 -2.161284 8.617639 -0.550069 0.06702500 -0.80940600 0.05552600 0.58076700
1403636679.713555574 -2.168684 8.613020 -0.540963 0.07251800 -0.80996200 0.05873200 0.57901300
1403636679.763555765 -2.174999 8.609278 -0.530037 0.07790100 -0.80974000 0.05956900 0.57853700
1403636679.813555479 -2.180646 8.605911 -0.516741 0.08174600 -0.80741500 0.06073500 0.58112900
1403636679.863555431 -2.186615 8.602642 -0.500969 0.08478400 -0.80489000 0.06055500 0.58420800
1403636679.913555622 -2.192133 8.599527 -0.483485 0.08920300 -0.80154100 0.05773000 0.58842600
1403636679.963555574 -2.197016 8.596111 -0.465008 0.09223800 -0.80065500 0.05506800 0.58941700
1403636680.013555527 -2.200538 8.592526 -0.445010 0.09678100 -0.79965400 0.04871400 0.59060900
1403636680.063555717 -2.201983 8.588591 -0.423834 0.10121600 -0.79891400 0.04187700 0.59139000
1403636680.113555431 -2.201827 8.583581 -0.402483 0.10611900 -0.79765400 0.03395400 0.59274500
1403636680.163555384 -2.200091 8.577256 -0.382645 0.10803700 -0.79732800 0.02965100 0.59305800
1403636680.213555574 -2.196694 8.569001 -0.364399 0.10701300 -0.79727800 0.03003800 0.59329000
1403636680.263555765 -2.191780 8.559015 -0.347177 0.10613400 -0.79566700 0.02998200 0.59561000
1403636680.313555479 -2.185243 8.547733 -0.332035 0.10717300 -0.79508800 0.02627600 0.59637400
1403636680.363555431 -2.177094 8.534832 -0.318873 0.10975200 -0.79627700 0.02007900 0.59455700
1403636680.413555622 -2.167253 8.520117 -0.307386 0.11133100 -0.79817300 0.01486100 0.59186700
1403636680.463555574 -2.156095 8.503273 -0.297190 0.11198200 -0.79990400 0.01124100 0.58948100
1403636680.513555527 -2.143732 8.484057 -0.288442 0.11214000 -0.80148200 0.00810600 0.58735500
1403636680.563555717 -2.130227 8.462407 -0.281197 0.10998700 -0.80298100 0.00861700 0.58570600
1403636680.613555431 -2.115609 8.438274 -0.275112 0.10668200 -0.80354000 0.01115300 0.58550700
1403636680.663555384 -2.100148 8.411958 -0.270188 0.10444800 -0.80406800 0.01199200 0.58516800
1403636680.713555574 -2.083815 8.383391 -0.266615 0.10108600 -0.80546300 0.01503400 0.58377000
1403636680.763555765 -2.066538 8.352752 -0.264180 0.09474500 -0.80749600 0.02232200 0.58179700
1403636680.813555479 -2.048724 8.320466 -0.262197 0.08829200 -0.80908200 0.03019400 0.58024600
1403636680.863555431 -2.030367 8.287088 -0.261220 0.08070000 -0.81101000 0.03972800 0.57808300
1403636680.913555622 -2.011670 8.253106 -0.261718 0.07329100 -0.81405900 0.04916500 0.57404500
1403636680.963555574 -1.992748 8.219231 -0.264076 0.06874200 -0.81867900 0.05496500 0.56747200
1403636681.013555527 -1.974593 8.185774 -0.267919 0.06720100 -0.82326700 0.05621500 0.56085600
1403636681.063555717 -1.957128 8.152797 -0.273216 0.06685800 -0.82782400 0.05627500 0.55414800
1403636681.113555431 -1.940961 8.120403 -0.279041 0.06797500 -0.83115200 0.05444800 0.54918400
1403636681.163555384 -1.926452 8.088330 -0.284690 0.06930800 -0.83128300 0.05248200 0.54900900
1403636681.213555574 -1.913788 8.056226 -0.289855 0.07254600 -0.82811800 0.04829900 0.55374000
1403636681.263555765 -1.902382 8.023707 -0.293986 0.07563600 -0.82318100 0.04477600 0.56093900
1403636681.313555479 -1.891346 7.990613 -0.297139 0.07701300 -0.81913100 0.04365000 0.56673700
1403636681.363555431 -1.881172 7.957023 -0.298591 0.07747400 -0.81524500 0.04324800 0.57228100
1403636681.413555622 -1.870649 7.923040 -0.298531 0.07725000 -0.81226100 0.04470100 0.57642700
1403636681.463555574 -1.859883 7.888876 -0.296900 0.07624200 -0.81038500 0.04708900 0.57900700
1403636681.513555527 -1.848673 7.854536 -0.293920 0.07597200 -0.80923600 0.04858300 0.58052100
1403636681.563555717 -1.837249 7.820111 -0.290552 0.07680200 -0.80892700 0.04929800 0.58078300
1403636681.613555431 -1.825471 7.786005 -0.287914 0.07898800 -0.80891600 0.04739400 0.58066400
1403636681.663555384 -1.813276 7.751886 -0.286476 0.08028200 -0.80866300 0.04685300 0.58088100
1403636681.713555574 -1.800633 7.717607 -0.286221 0.08191300 -0.80840200 0.04614400 0.58107500
1403636681.763555765 -1.787955 7.683170 -0.286940 0.08293400 -0.80799300 0.04591600 0.58151600
1403636681.813555479 -1.774760 7.648265 -0.288397 0.08389300 -0.80767100 0.04601000 0.58181800
1403636681.863555431 -1.761055 7.612981 -0.289386 0.08430800 -0.80723400 0.04691400 0.58229300
1403636681.913555622 -1.746929 7.577545 -0.289091 0.08469500 -0.80655200 0.04783800 0.58310500
1403636681.963555574 -1.732240 7.541907 -0.287089 0.08467800 -0.80646500 0.04953800 0.58308600
1403636682.013555527 -1.717804 7.505985 -0.283159 0.08446200 -0.80647400 0.05122000 0.58296100
1403636682.063555717 -1.702549 7.469959 -0.277087 0.08393300 -0.80668900 0.05320700 0.58256200
1403636682.113555431 -1.686268 7.434232 -0.269154 0.08383300 -0.80647900 0.05449500 0.58274600
1403636682.163555384 -1.669116 7.398468 -0.260382 0.08342700 -0.80675900 0.05590900 0.58228300
1403636682.213555574 -1.651418 7.362847 -0.252167 0.08320800 -0.80844400 0.05688200 0.57987900
1403636682.263555765 -1.633485 7.327473 -0.245405 0.08220200 -0.81079500 0.05840600 0.57657900
1403636682.313555479 -1.615396 7.292381 -0.240648 0.08213900 -0.81428200 0.05840000 0.57165700
1403636682.363555431 -1.597843 7.257438 -0.237363 0.08144800 -0.81778600 0.05896700 0.56667200
1403636682.413555622 -1.581023 7.222664 -0.235022 0.08087900 -0.81972000 0.05902800 0.56394600
1403636682.463555574 -1.564990 7.188176 -0.232808 0.08039200 -0.81872000 0.05883000 0.56548500
1403636682.513555527 -1.549420 7.153945 -0.231298 0.08067900 -0.81638000 0.05678100 0.56902600
1403636682.563555717 -1.534123 7.119657 -0.230770 0.08103600 -0.81387800 0.05470300 0.57275200
1403636682.613555431 -1.518812 7.085134 -0.231487 0.08151500 -0.81161800 0.05294500 0.57604600
1403636682.663555384 -1.503355 7.050543 -0.233124 0.08124900 -0.80961000 0.05141300 0.57904000
1403636682.713555574 -1.487629 7.015830 -0.234655 0.07982000 -0.80835800 0.05218100 0.58091600
1403636682.763555765 -1.471764 6.981282 -0.234927 0.07822700 -0.80703700 0.05285500 0.58290600
1403636682.813555479 -1.455317 6.947003 -0.233625 0.07690000 -0.80569000 0.05271800 0.58495600
1403636682.863555431 -1.438616 6.912800 -0.230945 0.07757600 -0.80475700 0.05072800 0.58632400
1403636682.913555622 -1.421210 6.878663 -0.226959 0.07820600 -0.80469100 0.04758400 0.58659400
1403636682.963555574 -1.402881 6.844065 -0.221259 0.07928100 -0.80466400 0.04495600 0.58669400
1403636683.013555527 -1.383583 6.809222 -0.214674 0.08107400 -0.80484300 0.04201600 0.58642100
1403636683.063555717 -1.364014 6.773802 -0.208432 0.08096700 -0.80412600 0.04174800 0.58743800
1403636683.113555431 -1.343668 6.737757 -0.203942 0.08092700 -0.80479300 0.04224700 0.58649400
1403636683.163555384 -1.322736 6.701250 -0.201294 0.08003500 -0.80520200 0.04413300 0.58591500
1403636683.213555574 -1.301131 6.664198 -0.200282 0.07921600 -0.80622800 0.04628400 0.58444800
1403636683.263555765 -1.278986 6.626784 -0.200336 0.07879200 -0.80667400 0.04775700 0.58377000
1403636683.313555479 -1.256227 6.588906 -0.201653 0.07850100 -0.80698400 0.04980000 0.58321000
1403636683.363555431 -1.233116 6.550971 -0.204060 0.07831400 -0.80727000 0.05151800 0.58269100
1403636683.413555622 -1.209632 6.513252 -0.207614 0.07854700 -0.80744700 0.05269000 0.58230900
1403636683.463555574 -1.186036 6.475486 -0.212302 0.07861100 -0.80776900 0.05453100 0.58168500
1403636683.513555527 -1.162185 6.438155 -0.217849 0.07931700 -0.80773500 0.05467600 0.58162100
1403636683.563555717 -1.138156 6.401016 -0.224190 0.07947700 -0.80766000 0.05558200 0.58161800
1403636683.613555431 -1.113687 6.364306 -0.231724 0.07993000 -0.80853200 0.05588500 0.58031400
1403636683.663555384 -1.089001 6.328006 -0.240218 0.08010400 -0.80979600 0.05689600 0.57842600
1403636683.713555574 -1.064136 6.292104 -0.248709 0.08046900 -0.81130300 0.05744200 0.57620600
1403636683.763555765 -1.039281 6.256426 -0.256020 0.07993700 -0.81280900 0.05904900 0.57399100
1403636683.813555479 -1.014448 6.221151 -0.261658 0.08084400 -0.81461100 0.05899200 0.57130900
1403636683.863555431 -0.989380 6.186185 -0.265549 0.08014100 -0.81596100 0.06176300 0.56918400
1403636683.913555622 -0.965306 6.151487 -0.268029 0.08211100 -0.81615300 0.06037900 0.56877600
1403636683.963555574 -0.942132 6.116831 -0.268263 0.08207900 -0.81598400 0.06161900 0.56889000
1403636684.013555527 -0.919642 6.082504 -0.265955 0.08238200 -0.81485100 0.06262200 0.57035900
1403636684.063555717 -0.898339 6.048369 -0.261258 0.08313600 -0.81356900 0.06314100 0.57202100
1403636684.113555431 -0.876076 6.014671 -0.254719 0.08413800 -0.81253000 0.06347700 0.57331200
1403636684.163555384 -0.853989 5.981094 -0.247183 0.08506700 -0.81189400 0.06414500 0.57400100
1403636684.213555574 -0.831825 5.947714 -0.237618 0.08560200 -0.81097200 0.06515200 0.57511000
1403636684.263555765 -0.809871 5.914427 -0.226743 0.08598500 -0.81000200 0.06654000 0.57626000
1403636684.313555479 -0.787819 5.881534 -0.215849 0.08705600 -0.80866900 0.06655400 0.57796700
1403636684.363555431 -0.765428 5.849196 -0.206443 0.08762400 -0.80749700 0.06720700 0.57944200
1403636684.413555622 -0.742904 5.817391 -0.198853 0.08822800 -0.80669100 0.06768200 0.58041800
1403636684.463555574 -0.720174 5.786073 -0.193256 0.08789900 -0.80634900 0.06911100 0.58077400
1403636684.513555527 -0.697198 5.755031 -0.189250 0.08674900 -0.80600800 0.07215500 0.58105100
1403636684.563555717 -0.674168 5.724817 -0.186489 0.08600600 -0.80526400 0.07378700 0.58198700
1403636684.613555431 -0.650651 5.695153 -0.185376 0.08505300 -0.80495100 0.07582200 0.58229900
1403636684.663555384 -0.626861 5.666220 -0.185691 0.08507900 -0.80456900 0.07667500 0.58271000
1403636684.713555574 -0.602762 5.638066 -0.187392 0.08492800 -0.80401400 0.07731000 0.58341400
1403636684.763555765 -0.578098 5.610814 -0.190686 0.08537200 -0.80367500 0.07700500 0.58385600
1403636684.813555479 -0.552894 5.584413 -0.195607 0.08532000 -0.80345400 0.07710900 0.58415500
1403636684.863555431 -0.527020 5.558995 -0.202322 0.08613700 -0.80371600 0.07619500 0.58379400
1403636684.913555622 -0.500595 5.534420 -0.209585 0.08803500 -0.80318000 0.07323600 0.58462800
1403636684.963555574 -0.473565 5.510418 -0.216667 0.09145700 -0.80378800 0.06815400 0.58388100
1403636685.013555527 -0.445769 5.486930 -0.222919 0.09325800 -0.80433200 0.06458900 0.58325200
1403636685.063555717 -0.418217 5.463387 -0.227583 0.09429100 -0.80486000 0.06214500 0.58262200
1403636685.113555431 -0.390164 5.439534 -0.229700 0.09439400 -0.80594900 0.06082700 0.58123700
1403636685.163555384 -0.361477 5.415813 -0.230333 0.09317600 -0.80755100 0.06104900 0.57918300
1403636685.213555574 -0.331908 5.392405 -0.229441 0.09375200 -0.80898100 0.05812500 0.57739300
1403636685.263555765 -0.302075 5.368799 -0.227387 0.09435700 -0.81030600 0.05494900 0.57574500
1403636685.313555479 -0.272664 5.344718 -0.223381 0.09460500 -0.81121200 0.05217500 0.57468600
1403636685.363555431 -0.243192 5.320069 -0.218167 0.09449600 -0.81160600 0.05030400 0.57431300
1403636685.413555622 -0.213980 5.295006 -0.213148 0.09316300 -0.81165400 0.04990700 0.57449800
1403636685.463555574 -0.184665 5.269454 -0.209500 0.09122400 -0.81207900 0.05091100 0.57412100
1403636685.513555527 -0.155536 5.243531 -0.207294 0.08933400 -0.81213600 0.05200400 0.57424000
1403636685.563555717 -0.126346 5.217459 -0.206882 0.08796400 -0.81268400 0.05262400 0.57361900
1403636685.613555431 -0.097229 5.190975 -0.207799 0.08608700 -0.81255100 0.05418600 0.57394600
1403636685.663555384 -0.068173 5.164439 -0.209994 0.08604700 -0.81220300 0.05309400 0.57454700
1403636685.713555574 -0.039025 5.137748 -0.213706 0.08643200 -0.81160600 0.05211000 0.57542100
1403636685.763555765 -0.010042 5.110668 -0.218761 0.08694300 -0.81126400 0.05129100 0.57590000
1403636685.813555479 0.018746 5.083307 -0.224649 0.08829600 -0.81041100 0.04905800 0.57708900
1403636685.863555431 0.047701 5.055719 -0.231680 0.08944400 -0.80957200 0.04725200 0.57823900
1403636685.913555622 0.076796 5.027395 -0.239900 0.08880100 -0.80980200 0.04822900 0.57793500
1403636685.963555574 0.106212 4.998562 -0.249047 0.08719600 -0.81047700 0.05112000 0.57698500
1403636686.013555527 0.135918 4.969549 -0.257861 0.08554800 -0.81161700 0.05367200 0.57539500
1403636686.063555717 0.165887 4.940262 -0.265209 0.08400700 -0.81318900 0.05663400 0.57311400
1403636686.113555431 0.195380 4.910969 -0.270438 0.08267500 -0.81421000 0.05873000 0.57164500
1403636686.163555384 0.224018 4.881790 -0.272955 0.08218000 -0.81400600 0.05920300 0.57195900
1403636686.213555574 0.252649 4.852905 -0.274259 0.08142400 -0.81462600 0.05984600 0.57111600
1403636686.263555765 0.280915 4.824248 -0.274250 0.08046200 -0.81529800 0.06093700 0.57017700
1403636686.313555479 0.308728 4.795870 -0.272338 0.07977000 -0.81601700 0.06144800 0.56919000
1403636686.363555431 0.335972 4.767809 -0.268683 0.07925900 -0.81654500 0.06223500 0.56841800
1403636686.413555622 0.362578 4.740260 -0.264354 0.07932300 -0.81715100 0.06172700 0.56759300
1403636686.463555574 0.388800 4.713134 -0.261104 0.07905600 -0.81804300 0.06216000 0.56629800
1403636686.513555527 0.414557 4.686575 -0.259465 0.07866300 -0.81884600 0.06299800 0.56509700
1403636686.563555717 0.439456 4.660389 -0.258915 0.07902300 -0.81888800 0.06242700 0.56504900
1403636686.613555431 0.463823 4.634619 -0.260325 0.08037500 -0.81908400 0.06154800 0.56467100
1403636686.663555384 0.487624 4.608892 -0.263285 0.08077300 -0.81901800 0.06112400 0.56475500
1403636686.713555574 0.510676 4.583083 -0.267263 0.08086800 -0.81878400 0.06139900 0.56505200
1403636686.763555765 0.532984 4.557363 -0.271379 0.08095000 -0.81781700 0.06204800 0.56636900
1403636686.813555479 0.554468 4.531930 -0.274574 0.08099700 -0.81677200 0.06208500 0.56786300
1403636686.863555431 0.575446 4.506703 -0.276484 0.08078400 -0.81594500 0.06332600 0.56894500
1403636686.913555622 0.596023 4.481890 -0.276488 0.08040500 -0.81513700 0.06444100 0.57003000
1403636686.963555574 0.616352 4.457488 -0.274712 0.08024000 -0.81455500 0.06517300 0.57080100
1403636687.013555527 0.636054 4.433399 -0.271402 0.08033200 -0.81385200 0.06593600 0.57170300
1403636687.063555717 0.655334 4.409808 -0.266319 0.07961300 -0.81366700 0.06682900 0.57196400
1403636687.113555431 0.674503 4.386678 -0.259715 0.07978700 -0.81361200 0.06714600 0.57198000
1403636687.163555384 0.693582 4.363871 -0.253082 0.08018100 -0.81339600 0.06733000 0.57221100
1403636687.213555574 0.712365 4.341576 -0.246935 0.08030600 -0.81251500 0.06713500 0.57346600
1403636687.263555765 0.731044 4.319835 -0.242334 0.08082500 -0.81224400 0.06697300 0.57379600
1403636687.313555479 0.749607 4.298510 -0.239228 0.08117300 -0.81172600 0.06709300 0.57446600
1403636687.363555431 0.768089 4.277840 -0.237655 0.08182000 -0.81070700 0.06629100 0.57590400
1403636687.413555622 0.786431 4.257418 -0.237486 0.08265000 -0.80992000 0.06581600 0.57694700
1403636687.463555574 0.804679 4.237121 -0.238677 0.08301900 -0.80938800 0.06566700 0.57765600
1403636687.513555527 0.822894 4.217005 -0.241547 0.08298900 -0.80900900 0.06585800 0.57817000
1403636687.563555717 0.841325 4.197129 -0.246504 0.08249400 -0.80909100 0.06728400 0.57796200
1403636687.613555431 0.859887 4.177468 -0.252824 0.08216400 -0.80838000 0.06838200 0.57887400
1403636687.663555384 0.878785 4.158366 -0.261048 0.08199500 -0.80829300 0.06949200 0.57888700
1403636687.713555574 0.897896 4.139810 -0.270688 0.08145600 -0.80737400 0.07089300 0.58007500
1403636687.763555765 0.917171 4.121586 -0.282285 0.08143200 -0.80764900 0.07162700 0.57960500
1403636687.813555479 0.936436 4.103957 -0.295101 0.08206900 -0.80774300 0.07107800 0.57945200
1403636687.863555431 0.955712 4.086826 -0.309159 0.08221900 -0.80795300 0.07120200 0.57912200
1403636687.913555622 0.975122 4.070316 -0.324588 0.08312700 -0.80815100 0.07011900 0.57884800
1403636687.963555574 0.994627 4.054248 -0.341045 0.08487200 -0.80826400 0.06795800 0.57869600
1403636688.013555527 1.014103 4.038337 -0.358297 0.08600500 -0.80804900 0.06629900 0.57902100
1403636688.063555717 1.033682 4.022665 -0.375867 0.08859500 -0.80802600 0.06311600 0.57901800
1403636688.113555431 1.053786 4.007207 -0.392435 0.09017100 -0.80803000 0.06069800 0.57902700
1403636688.163555384 1.074237 3.991586 -0.407446 0.09081600 -0.80828800 0.05997400 0.57864200
1403636688.213555574 1.094534 3.975664 -0.420686 0.09079500 -0.80842300 0.06002300 0.57845100
1403636688.263555765 1.115156 3.959425 -0.432299 0.09012500 -0.80800300 0.06126600 0.57901200
1403636688.313555479 1.135806 3.942851 -0.442709 0.08869200 -0.80863400 0.06357600 0.57810400
1403636688.363555431 1.156731 3.926307 -0.452314 0.08740400 -0.80887500 0.06567700 0.57772700
1403636688.413555622 1.177693 3.909830 -0.462594 0.08719100 -0.80974700 0.06629200 0.57646600
1403636688.463555574 1.198630 3.893721 -0.473404 0.08815000 -0.80961100 0.06448800 0.57671600
1403636688.513555527 1.219781 3.877552 -0.485364 0.08987400 -0.80991800 0.06232000 0.57625700
1403636688.563555717 1.240896 3.861405 -0.498129 0.09251300 -0.81006100 0.05824200 0.57606700
1403636688.613555431 1.262064 3.844921 -0.512176 0.09555700 -0.81028600 0.05422100 0.57564500
1403636688.663555384 1.283078 3.827704 -0.527037 0.09766300 -0.81017500 0.05190600 0.57566000
1403636688.713555574 1.304128 3.809849 -0.542844 0.09899200 -0.81002900 0.05093000 0.57572500
1403636688.763555765 1.325445 3.791305 -0.559303 0.10048900 -0.81029200 0.05039600 0.57514400
1403636688.813555479 1.346675 3.771790 -0.574921 0.10023600 -0.81042600 0.05258100 0.57480200
1403636688.863555431 1.367703 3.751299 -0.588889 0.10229600 -0.81095500 0.05363800 0.57359500
1403636688.913555622 1.388811 3.729682 -0.601054 0.10389400 -0.81151200 0.05738100 0.57215600
1403636688.963555574 1.409744 3.707380 -0.611356 0.10525900 -0.81236200 0.06134800 0.57028600
1403636689.013555527 1.430366 3.684456 -0.619606 0.10654800 -0.81300000 0.06526900 0.56870000
1403636689.063555717 1.450732 3.661086 -0.625467 0.10775000 -0.81352300 0.06962600 0.56720900
1403636689.113555431 1.470334 3.637247 -0.630079 0.10875400 -0.81415300 0.07416700 0.56553400
1403636689.163555384 1.489415 3.613176 -0.632783 0.10997000 -0.81502000 0.07806200 0.56352200
1403636689.213555574 1.508174 3.589116 -0.633405 0.11205600 -0.81564800 0.08039100 0.56187200
1403636689.263555765 1.526407 3.565225 -0.632211 0.11337300 -0.81595100 0.08315300 0.56076500
1403636689.313555479 1.543453 3.541385 -0.628977 0.11500200 -0.81656400 0.08507300 0.55925100
1403636689.363555431 1.558614 3.517353 -0.623593 0.11641300 -0.81625700 0.08652300 0.55918400
1403636689.413555622 1.572571 3.493394 -0.616198 0.11825000 -0.81597000 0.08728600 0.55909900
1403636689.463555574 1.585950 3.469574 -0.606810 0.11889300 -0.81560000 0.08875600 0.55927100
1403636689.513555527 1.598728 3.445953 -0.595348 0.11973500 -0.81593300 0.08958900 0.55847200
1403636689.563555717 1.611362 3.422655 -0.582771 0.11998800 -0.81682600 0.09092400 0.55689500
1403636689.613555431 1.624116 3.399928 -0.568716 0.11991000 -0.81822100 0.09195400 0.55469000
1403636689.663555384 1.635993 3.377383 -0.554786 0.11862000 -0.82001600 0.09427800 0.55192300
1403636689.713555574 1.644808 3.354520 -0.542929 0.11652900 -0.82230200 0.09720500 0.54844600
1403636689.763555765 1.653435 3.332505 -0.532125 0.11318900 -0.82512300 0.10097400 0.54421700
1403636689.813555479 1.660007 3.310942 -0.522303 0.11048700 -0.82662100 0.10405500 0.54190800
1403636689.863555431 1.664638 3.290015 -0.513096 0.10769400 -0.82655900 0.10681600 0.54202700
1403636689.913555622 1.667400 3.269915 -0.504759 0.10318200 -0.82583400 0.11212800 0.54293900
1403636689.963555574 1.668247 3.251169 -0.497179 0.10003000 -0.82469000 0.11476900 0.54471000
1403636690.013555527 1.667403 3.234072 -0.490704 0.09905900 -0.82388600 0.11467000 0.54612300
1403636690.063555717 1.665062 3.218684 -0.485337 0.09934700 -0.82358200 0.11286500 0.54690500
1403636690.113555431 1.661292 3.204763 -0.481293 0.10198600 -0.82442300 0.10811000 0.54611300
1403636690.163555384 1.655919 3.192041 -0.477500 0.10514600 -0.82474300 0.10228300 0.54615400
1403636690.213555574 1.648999 3.180044 -0.472717 0.10771000 -0.82504400 0.09757900 0.54606000
1403636690.263555765 1.640256 3.168367 -0.465811 0.10872500 -0.82483000 0.09532700 0.54657900
1403636690.313555479 1.629895 3.157103 -0.457494 0.11020700 -0.82443400 0.09277300 0.54731700
1403636690.363555431 1.617947 3.146157 -0.447706 0.11085900 -0.82412500 0.09088100 0.54796800
1403636690.413555622 1.604959 3.135404 -0.437288 0.11116200 -0.82390900 0.09001800 0.54837500
1403636690.463555574 1.590606 3.124753 -0.426855 0.11032200 -0.82325100 0.09102900 0.54936400
1403636690.513555527 1.575215 3.114212 -0.417276 0.10778300 -0.82236600 0.09448000 0.55061100
1403636690.563555717 1.558704 3.104117 -0.408986 0.10560300 -0.82162600 0.09747500 0.55161600
1403636690.613555431 1.541149 3.094421 -0.402315 0.10155300 -0.82184000 0.10291900 0.55106900
1403636690.663555384 1.522389 3.085577 -0.396742 0.09809000 -0.82111800 0.10761600 0.55187400
1403636690.713555574 1.502503 3.077638 -0.393417 0.09265300 -0.81933500 0.11537900 0.55389600
1403636690.763555765 1.481838 3.071113 -0.394228 0.08627100 -0.81759600 0.12405600 0.55561800
1403636690.813555479 1.460346 3.066448 -0.398909 0.08149900 -0.81557800 0.13075600 0.55776100
1403636690.863555431 1.437958 3.064210 -0.406623 0.07804500 -0.81240600 0.13570600 0.56168700
1403636690.913555622 1.414950 3.064640 -0.415879 0.07541700 -0.80831600 0.13957300 0.56697700
1403636690.963555574 1.391337 3.068112 -0.424581 0.07258400 -0.80305600 0.14378600 0.57372900
1403636691.013555527 1.366991 3.075053 -0.431520 0.07071100 -0.79696400 0.14681700 0.58163500
1403636691.063555717 1.343202 3.086148 -0.436227 0.07010800 -0.79139700 0.14837100 0.58887700
1403636691.113555431 1.320605 3.101313 -0.439683 0.07127900 -0.78777900 0.14808900 0.59362900
1403636691.163555384 1.299595 3.120873 -0.439924 0.07421800 -0.78338700 0.14489000 0.59984400
1403636691.213555574 1.280056 3.144424 -0.438784 0.08009200 -0.78020200 0.13774200 0.60490000
1403636691.263555765 1.263251 3.171666 -0.435746 0.08781100 -0.77762400 0.12787700 0.60930000
1403636691.313555479 1.250007 3.201982 -0.431600 0.09521100 -0.77678400 0.11861600 0.61114300
1403636691.363555431 1.239134 3.234230 -0.425963 0.10143900 -0.77762000 0.11129400 0.61046300
1403636691.413555622 1.230511 3.267682 -0.419454 0.10563700 -0.78198100 0.10791900 0.60476700
1403636691.463555574 1.223284 3.302128 -0.410786 0.10878900 -0.78757200 0.10570900 0.59730600
1403636691.513555527 1.217470 3.337261 -0.399686 0.11027500 -0.79262200 0.10612300 0.59024400
1403636691.563555717 1.212459 3.373040 -0.385573 0.11172900 -0.79557500 0.10636000 0.58594200
1403636691.613555431 1.209173 3.410879 -0.372805 0.11419600 -0.79829400 0.10525300 0.58190100
1403636691.663555384 1.205111 3.448190 -0.355309 0.11837700 -0.79992700 0.10057000 0.57964800
1403636691.713555574 1.201600 3.485865 -0.338011 0.12308100 -0.80170200 0.09503700 0.57715000
1403636691.763555765 1.198712 3.523165 -0.321380 0.12681000 -0.80184800 0.09067500 0.57683500
1403636691.813555479 1.196482 3.560037 -0.306681 0.12789500 -0.80248600 0.08978400 0.57584500
1403636691.863555431 1.195069 3.596468 -0.293985 0.12741500 -0.80309200 0.09103300 0.57491100
1403636691.913555622 1.194268 3.632789 -0.283014 0.12579400 -0.80300500 0.09334200 0.57501900
1403636691.963555574 1.193614 3.669072 -0.272582 0.12385500 -0.80055400 0.09638100 0.57834800
1403636692.013555527 1.193451 3.705491 -0.263072 0.12215600 -0.79804400 0.09855700 0.58180000
1403636692.063555717 1.193942 3.742003 -0.254295 0.12073800 -0.79779300 0.10038300 0.58213000
1403636692.113555431 1.195251 3.779273 -0.245077 0.12151400 -0.79826900 0.09869200 0.58160300
1403636692.163555384 1.196325 3.816346 -0.234021 0.12434600 -0.79830300 0.09372500 0.58178000
1403636692.213555574 1.197906 3.853020 -0.221446 0.12598200 -0.79914000 0.09093900 0.58071900
1403636692.263555765 1.200436 3.889337 -0.207628 0.12645400 -0.80009500 0.08950300 0.57952300
1403636692.313555479 1.204102 3.925139 -0.190863 0.12569700 -0.80079300 0.08994700 0.57865400
1403636692.363555431 1.209287 3.960851 -0.172404 0.12382400 -0.80150700 0.09204900 0.57773800
1403636692.413555622 1.214468 3.996276 -0.152596 0.12353400 -0.80254100 0.09139600 0.57646800
1403636692.463555574 1.219454 4.031125 -0.130667 0.12475400 -0.80309300 0.08881000 0.57584000
1403636692.513555527 1.224933 4.065590 -0.107287 0.12676200 -0.80314400 0.08447300 0.57598400
1403636692.563555717 1.230769 4.099162 -0.082599 0.12653500 -0.80314300 0.08376000 0.57613900
1403636692.613555431 1.236407 4.131642 -0.055844 0.12547600 -0.80352700 0.08458300 0.57571400
1403636692.663555384 1.242928 4.163967 -0.028022 0.12428500 -0.80377500 0.08482000 0.57559200
1403636692.713555574 1.249623 4.196166 -0.000780 0.12541500 -0.80518400 0.08193300 0.57379300
1403636692.763555765 1.256599 4.228216 0.025313 0.12959900 -0.80692100 0.07474400 0.57140300
1403636692.813555479 1.263702 4.259334 0.049994 0.13459300 -0.80880800 0.06612900 0.56863700
1403636692.863555431 1.270678 4.288802 0.073523 0.13834600 -0.80987600 0.05999800 0.56689800
1403636692.913555622 1.277754 4.316459 0.095890 0.14120400 -0.81083000 0.05542800 0.56528300
1403636692.963555574 1.284627 4.341578 0.117168 0.14119100 -0.81167800 0.05537000 0.56407200
1403636693.013555527 1.291235 4.364296 0.137547 0.13920100 -0.81270900 0.05854500 0.56276100
1403636693.063555717 1.297638 4.385178 0.157038 0.13683100 -0.81233900 0.06211900 0.56349400
1403636693.113555431 1.303686 4.404192 0.175338 0.13488600 -0.81125400 0.06563500 0.56512500
1403636693.163555384 1.309701 4.421576 0.191692 0.13282300 -0.81064600 0.06945300 0.56602900
1403636693.213555574 1.315508 4.437728 0.205953 0.13196700 -0.81167800 0.07144800 0.56449800
1403636693.263555765 1.321090 4.452709 0.218469 0.13065800 -0.81377500 0.07408600 0.56143700
1403636693.313555479 1.326435 4.466605 0.229350 0.12891000 -0.81649700 0.07737000 0.55743200
1403636693.363555431 1.331341 4.479587 0.239050 0.12753900 -0.81891300 0.08017000 0.55379500
1403636693.413555622 1.335421 4.491666 0.247837 0.12627700 -0.82106800 0.08291800 0.55047900
1403636693.463555574 1.338423 4.502999 0.255726 0.12579700 -0.82357200 0.08481000 0.54654700
1403636693.513555527 1.340226 4.513953 0.262551 0.12448000 -0.82713200 0.08652100 0.54117800
1403636693.563555717 1.340399 4.524324 0.268471 0.12438500 -0.83069400 0.08716300 0.53561700
1403636693.613555431 1.338697 4.533904 0.274010 0.12495800 -0.83316300 0.08712000 0.53163500
1403636693.663555384 1.334753 4.543037 0.279140 0.12513500 -0.83463300 0.08717600 0.52927400
1403636693.713555574 1.328462 4.551150 0.284279 0.12510200 -0.83393400 0.08787600 0.53026600
1403636693.763555765 1.319897 4.558558 0.289370 0.12551800 -0.83074200 0.08836900 0.53507700
1403636693.813555479 1.309587 4.565504 0.293681 0.12592200 -0.82758100 0.08820300 0.53988500
1403636693.863555431 1.297506 4.571973 0.297522 0.12583000 -0.82354400 0.08896800 0.54592500
1403636693.913555622 1.284226 4.577746 0.300785 0.12482900 -0.81870500 0.09111100 0.55303100
1403636693.963555574 1.269816 4.583190 0.303215 0.12518100 -0.81413800 0.09100800 0.55967700
1403636694.013555527 1.254877 4.588018 0.304887 0.12443900 -0.80938400 0.09301400 0.56636100
1403636694.063555717 1.239911 4.592859 0.305521 0.12437600 -0.80572800 0.09344700 0.57149100
1403636694.113555431 1.225493 4.597773 0.305434 0.12446200 -0.80397400 0.09413500 0.57382500
1403636694.163555384 1.211439 4.602716 0.306298 0.12457100 -0.80215700 0.09440600 0.57629300
1403636694.213555574 1.198222 4.607891 0.308820 0.12456200 -0.80112700 0.09468900 0.57768000
1403636694.263555765 1.185495 4.613157 0.311914 0.12542300 -0.80131200 0.09412800 0.57732900
1403636694.313555479 1.173039 4.618102 0.316949 0.12589900 -0.80234400 0.09419700 0.57577900
1403636694.363555431 1.161442 4.623208 0.323057 0.12516800 -0.80401300 0.09511200 0.57345500
1403636694.413555622 1.150093 4.628260 0.329263 0.12587800 -0.80587400 0.09480200 0.57073200
1403636694.463555574 1.138922 4.633467 0.335099 0.12584000 -0.80725400 0.09435900 0.56886000
1403636694.513555527 1.127615 4.638538 0.340167 0.12641300 -0.80817300 0.09314700 0.56762700
1403636694.563555717 1.116230 4.643409 0.343755 0.12651200 -0.80881300 0.09305100 0.56670800
1403636694.613555431 1.104949 4.648281 0.345968 0.12637400 -0.80932800 0.09257100 0.56608200
1403636694.663555384 1.093374 4.652900 0.346485 0.12648400 -0.80949800 0.09178400 0.56594200
1403636694.713555574 1.081764 4.657367 0.345831 0.12658200 -0.80878500 0.09118000 0.56703600
1403636694.763555765 1.070338 4.661531 0.344013 0.12470800 -0.80761400 0.09293400 0.56883400
1403636694.813555479 1.059172 4.665723 0.340870 0.12385400 -0.80659900 0.09271300 0.57049400
1403636694.863555431 1.048286 4.669590 0.335630 0.11993500 -0.80706500 0.09794800 0.56979900
1403636694.913555622 1.037320 4.673895 0.329232 0.11657500 -0.80737900 0.10160400 0.56940900
1403636694.963555574 1.026408 4.678646 0.322347 0.11325000 -0.80799500 0.10532700 0.56853000
1403636695.013555527 1.015475 4.684264 0.315049 0.11171100 -0.80854700 0.10680900 0.56777300
1403636695.063555717 1.004171 4.690701 0.308128 0.11242800 -0.80941200 0.10461300 0.56680500
1403636695.113555431 0.993119 4.698097 0.302951 0.11376600 -0.80918400 0.10137300 0.56745200
1403636695.163555384 0.981962 4.705980 0.299289 0.11413200 -0.80940000 0.09931400 0.56743500
1403636695.213555574 0.970243 4.714236 0.297813 0.11523900 -0.80917200 0.09592400 0.56812000
1403636695.263555765 0.958550 4.722813 0.298210 0.11633800 -0.80863200 0.09287400 0.56917000
1403636695.313555479 0.947329 4.731660 0.300511 0.11685000 -0.80824000 0.09058600 0.56999200
1403636695.363555431 0.935964 4.740433 0.304667 0.11701100 -0.80794800 0.08852500 0.57069400
1403636695.413555622 0.924981 4.749175 0.309951 0.11683500 -0.80784900 0.08767800 0.57100000
1403636695.463555574 0.914237 4.757863 0.316183 0.11697400 -0.80743000 0.08636900 0.57176400
1403636695.513555527 0.903711 4.766423 0.322233 0.11805200 -0.80706900 0.08378400 0.57243700
1403636695.563555717 0.893068 4.774321 0.327755 0.11833600 -0.80643800 0.08240600 0.57346600
1403636695.613555431 0.883003 4.782092 0.331777 0.11911600 -0.80606800 0.08017200 0.57414200
1403636695.663555384 0.873338 4.789414 0.334465 0.12029500 -0.80566800 0.07735200 0.57484400
1403636695.713555574 0.864023 4.796014 0.335730 0.12018400 -0.80542100 0.07669100 0.57530100
1403636695.763555765 0.855334 4.802042 0.335558 0.11780200 -0.80613000 0.07891300 0.57450000
1403636695.813555479 0.847149 4.807827 0.334413 0.11740700 -0.80647100 0.07900500 0.57408900
1403636695.863555431 0.839459 4.813400 0.332170 0.11651200 -0.80655600 0.07966700 0.57406100
1403636695.913555622 0.832208 4.818633 0.328721 0.11612600 -0.80724800 0.07922900 0.57322600
1403636695.963555574 0.825338 4.823523 0.324044 0.11514900 -0.80857900 0.08018300 0.57141200
1403636696.013555527 0.818666 4.828206 0.318379 0.11378600 -0.81010600 0.08114700 0.56938300
1403636696.063555717 0.812067 4.832678 0.311783 0.11365500 -0.81224300 0.08045100 0.56645700
1403636696.113555431 0.804858 4.836867 0.304722 0.11455300 -0.81440100 0.07797700 0.56351600
1403636696.163555384 0.797497 4.840735 0.297444 0.11625300 -0.81526300 0.07466000 0.56236800
1403636696.213555574 0.790121 4.844112 0.289306 0.11732000 -0.81609300 0.07238500 0.56123900
1403636696.263555765 0.782591 4.846777 0.281175 0.11808300 -0.81448000 0.07073100 0.56362900
1403636696.313555479 0.774810 4.848503 0.272542 0.11742800 -0.81236300 0.07162900 0.56669900
1403636696.363555431 0.766615 4.849520 0.264631 0.11616400 -0.80777600 0.07265300 0.57335100
1403636696.413555622 0.758686 4.849794 0.257539 0.11382900 -0.80296100 0.07559100 0.58016300
1403636696.463555574 0.751446 4.849821 0.250939 0.11086700 -0.80013500 0.07920500 0.58414100
1403636696.513555527 0.745255 4.849963 0.245840 0.11016800 -0.79920400 0.07936600 0.58552500
1403636696.563555717 0.740033 4.849835 0.242245 0.10887400 -0.79993100 0.08023300 0.58465300
1403636696.613555431 0.737045 4.849907 0.240157 0.10870400 -0.80043100 0.08031400 0.58398900
1403636696.663555384 0.734990 4.850055 0.239230 0.10747400 -0.80157500 0.08140200 0.58249500
1403636696.713555574 0.733687 4.850485 0.239679 0.10725200 -0.80188100 0.08165300 0.58208000
1403636696.763555765 0.733031 4.851093 0.239515 0.10705300 -0.80297200 0.08177900 0.58059200
1403636696.813555479 0.733031 4.852043 0.238147 0.10759200 -0.80319600 0.08047900 0.58036500
1403636696.863555431 0.733764 4.853020 0.235638 0.10814300 -0.80380700 0.07983800 0.57950500
1403636696.913555622 0.735021 4.854044 0.231859 0.10923400 -0.80388600 0.07810900 0.57942600
1403636696.963555574 0.736744 4.854913 0.227230 0.11310600 -0.80348400 0.07250100 0.57997200
1403636697.013555527 0.738922 4.855270 0.222209 0.11723700 -0.80311700 0.06633000 0.58039800
1403636697.063555717 0.741731 4.854952 0.217512 0.12098100 -0.80255000 0.06069800 0.58102900
1403636697.113555431 0.745460 4.853771 0.214083 0.12519900 -0.80235800 0.05403200 0.58106100
1403636697.163555384 0.750439 4.851177 0.212538 0.12822400 -0.80187600 0.04913300 0.58150000
1403636697.213555574 0.756117 4.846355 0.213894 0.12998000 -0.80115900 0.04633900 0.58232500
1403636697.263555765 0.763297 4.839509 0.216783 0.13020500 -0.80080200 0.04507200 0.58286600
1403636697.313555479 0.771752 4.830465 0.221112 0.12852300 -0.80251200 0.04753100 0.58068900
1403636697.363555431 0.781049 4.819380 0.227425 0.12448300 -0.80431500 0.05265800 0.57863000
1403636697.413555622 0.790698 4.806613 0.235312 0.12056100 -0.80643400 0.05838800 0.57595400
1403636697.463555574 0.800973 4.792663 0.245279 0.11748400 -0.80859100 0.06319900 0.57305000
1403636697.513555527 0.811616 4.777899 0.257586 0.11468400 -0.81032200 0.06635500 0.57081300
1403636697.563555717 0.822247 4.762658 0.272131 0.11185500 -0.81145500 0.06678000 0.56971100
1403636697.613555431 0.832725 4.747186 0.286927 0.10886300 -0.81186300 0.06425100 0.57000000
1403636697.663555384 0.842901 4.731515 0.300522 0.10423400 -0.81224600 0.05978100 0.57080800
1403636697.713555574 0.853246 4.715513 0.312397 0.09681300 -0.81331100 0.05517000 0.57106300
1403636697.763555765 0.863784 4.699292 0.322367 0.08856400 -0.81503200 0.04833600 0.57056900
1403636697.813555479 0.874308 4.682618 0.331089 0.07936900 -0.81579800 0.04165300 0.57135500
1403636697.863555431 0.884624 4.665205 0.338220 0.07039800 -0.81635800 0.03603300 0.57211200
1403636697.913555622 0.894988 4.646884 0.343874 0.06191800 -0.81711500 0.03103300 0.57230300
1403636697.963555574 0.905256 4.627834 0.348229 0.05377600 -0.81752000 0.02726200 0.57273900
1403636698.013555527 0.915364 4.608095 0.351044 0.04713600 -0.81813700 0.02385700 0.57259300
1403636698.063555717 0.925270 4.587752 0.352879 0.04194500 -0.81787000 0.02055600 0.57350500
1403636698.113555431 0.935213 4.566665 0.353320 0.03691800 -0.81828300 0.01859400 0.57332900
1403636698.163555384 0.944825 4.545175 0.352360 0.03263800 -0.81840500 0.01707000 0.57346100
1403636698.213555574 0.954220 4.523540 0.350300 0.02879500 -0.81816400 0.01511700 0.57406600
1403636698.263555765 0.963729 4.501841 0.346811 0.02381300 -0.81839400 0.01261500 0.57402600
1403636698.313555479 0.973057 4.480251 0.342258 0.01876500 -0.81867700 0.00794200 0.57389800
1403636698.363555431 0.982296 4.458279 0.337047 0.01249500 -0.81839800 0.00300800 0.57451100
1403636698.413555622 0.991530 4.436238 0.330843 0.00524100 -0.81889400 -0.00262800 0.57391900
1403636698.463555574 1.000722 4.414231 0.323545 -0.00307900 -0.81954000 -0.00807300 0.57296100
1403636698.513555527 1.009720 4.391964 0.315569 -0.01112000 -0.81980600 -0.01511400 0.57233900
1403636698.563555717 1.018307 4.369610 0.307187 -0.02065000 -0.81974400 -0.02171200 0.57196200
1403636698.613555431 1.026657 4.347001 0.297904 -0.03086500 -0.81954700 -0.02841000 0.57148000
1403636698.663555384 1.034893 4.324369 0.287547 -0.04229200 -0.81942600 -0.03460200 0.57059500
1403636698.713555574 1.042809 4.301327 0.276268 -0.05391100 -0.81890600 -0.04144000 0.56989300
1403636698.763555765 1.050272 4.278110 0.264067 -0.06604300 -0.81830100 -0.04872000 0.56890900
1403636698.813555479 1.057345 4.254710 0.250898 -0.07847300 -0.81755800 -0.05642200 0.56768600
1403636698.863555431 1.064110 4.231028 0.236926 -0.09210900 -0.81633000 -0.06289100 0.56672600
1403636698.913555622 1.070153 4.207532 0.223785 -0.10444000 -0.81472300 -0.07105500 0.56595400
1403636698.963555574 1.076012 4.183855 0.212241 -0.11756700 -0.81320200 -0.07785800 0.56464900
1403636699.013555527 1.081646 4.160130 0.202111 -0.12990300 -0.81124300 -0.08466500 0.56378300
1403636699.063555717 1.086323 4.136693 0.193842 -0.14258100 -0.80903700 -0.09119700 0.56286900
1403636699.113555431 1.091045 4.113302 0.187608 -0.15549800 -0.80621700 -0.09780700 0.56238500
1403636699.163555384 1.095931 4.090288 0.182951 -0.17025400 -0.80294000 -0.10201700 0.56205500
1403636699.213555574 1.101281 4.068007 0.179912 -0.18400400 -0.80031100 -0.10809000 0.56033200
1403636699.263555765 1.106705 4.046678 0.178432 -0.19864500 -0.79711400 -0.11401100 0.55871300
1403636699.313555479 1.111660 4.026338 0.178123 -0.21368000 -0.79441100 -0.11904100 0.55598400
1403636699.363555431 1.116186 4.007464 0.179898 -0.22713000 -0.79133700 -0.12544300 0.55359900
1403636699.413555622 1.120836 3.989691 0.182529 -0.24114300 -0.78804200 -0.13074600 0.55114000
1403636699.463555574 1.125437 3.973139 0.185814 -0.25360700 -0.78497800 -0.13654400 0.54850400
1403636699.513555527 1.129997 3.957870 0.188857 -0.26499400 -0.78170500 -0.14341600 0.54603500
1403636699.563555717 1.134767 3.943926 0.190705 -0.27687300 -0.77799300 -0.14928500 0.54388300
1403636699.613555431 1.139650 3.931125 0.191257 -0.28826600 -0.77414400 -0.15491800 0.54186000
1403636699.663555384 1.144780 3.920033 0.190414 -0.29974300 -0.76989300 -0.16079100 0.53997400
1403636699.713555574 1.150163 3.910749 0.188714 -0.30983200 -0.76548200 -0.16821800 0.53828500
1403636699.763555765 1.155913 3.902995 0.186034 -0.31683300 -0.76228600 -0.17740000 0.53579000
1403636699.813555479 1.161919 3.896307 0.182219 -0.32174300 -0.75928400 -0.18699400 0.53386000
1403636699.863555431 1.167981 3.890496 0.177782 -0.32549900 -0.75613100 -0.19496900 0.53320400
1403636699.913555622 1.174054 3.885499 0.173047 -0.32890700 -0.75312100 -0.20065300 0.53326400
1403636699.963555574 1.180164 3.881056 0.167401 -0.33213700 -0.75038100 -0.20385900 0.53390700
1403636700.013555527 1.186184 3.877272 0.160447 -0.33499500 -0.74876200 -0.20578200 0.53365600
1403636700.063555717 1.192832 3.873762 0.152530 -0.33681800 -0.74767300 -0.20721100 0.53348300
1403636700.113555431 1.199682 3.870707 0.143750 -0.33837400 -0.74658900 -0.20716200 0.53403400
1403636700.163555384 1.207206 3.868432 0.134061 -0.33902300 -0.74590300 -0.20841400 0.53409300
1403636700.213555574 1.214369 3.867246 0.123485 -0.33938500 -0.74559200 -0.20851700 0.53425800
1403636700.263555765 1.222420 3.866470 0.111791 -0.34035600 -0.74538000 -0.20842500 0.53397200
1403636700.313555479 1.231327 3.866434 0.098231 -0.34285700 -0.74532300 -0.20841700 0.53245300
1403636700.363555431 1.240495 3.867599 0.083030 -0.34700300 -0.74464100 -0.20778700 0.53096600
1403636700.413555622 1.250550 3.869642 0.066213 -0.35175200 -0.74315500 -0.20852600 0.52963200
1403636700.463555574 1.260968 3.873010 0.048645 -0.35486200 -0.74073100 -0.21267100 0.52930500
1403636700.513555527 1.271869 3.877154 0.030087 -0.35697200 -0.73797700 -0.21688600 0.53002200
1403636700.563555717 1.283316 3.882148 0.010831 -0.35853700 -0.73549900 -0.22229000 0.53017200
1403636700.613555431 1.295573 3.887777 -0.008665 -0.36070400 -0.73229100 -0.22837500 0.53055600
1403636700.663555384 1.308812 3.893894 -0.029044 -0.36349300 -0.72963000 -0.23545000 0.52922500
1403636700.713555574 1.322433 3.900114 -0.049534 -0.36741900 -0.72664300 -0.24078400 0.52822100
1403636700.763555765 1.336372 3.906035 -0.068578 -0.37025000 -0.72429400 -0.24573200 0.52719100
1403636700.813555479 1.350688 3.911722 -0.085994 -0.37301200 -0.72309600 -0.24932500 0.52520000
1403636700.863555431 1.365347 3.917070 -0.102175 -0.37612900 -0.72324800 -0.25084000 0.52203400
1403636700.913555622 1.380003 3.922570 -0.116142 -0.37857300 -0.72361700 -0.25205200 0.51916400
1403636700.963555574 1.394798 3.927905 -0.128308 -0.38070000 -0.72487800 -0.25236500 0.51568700
1403636701.013555527 1.409706 3.933234 -0.138837 -0.38250200 -0.72598800 -0.25183000 0.51304600
1403636701.063555717 1.424486 3.938770 -0.147601 -0.38386900 -0.72843200 -0.25066900 0.50911600
1403636701.113555431 1.439191 3.944575 -0.154469 -0.38522000 -0.73100000 -0.24869700 0.50536700
1403636701.163555384 1.453148 3.951353 -0.158518 -0.38445800 -0.73264000 -0.24873000 0.50355300
1403636701.213555574 1.466485 3.959172 -0.160205 -0.38391600 -0.73461700 -0.24780500 0.50153600
1403636701.263555765 1.479366 3.967671 -0.159317 -0.38315600 -0.73538300 -0.24692800 0.50142900
1403636701.313555479 1.491709 3.976822 -0.156986 -0.38198000 -0.73683700 -0.24625800 0.50052000
1403636701.363555431 1.503355 3.986645 -0.153304 -0.38116100 -0.73681000 -0.24546100 0.50157300
1403636701.413555622 1.514473 3.997259 -0.148957 -0.37889000 -0.73679400 -0.24617300 0.50296700
1403636701.463555574 1.524546 4.008297 -0.144098 -0.37653600 -0.73606400 -0.24649400 0.50563900
1403636701.513555527 1.534143 4.019934 -0.138829 -0.37376700 -0.73445400 -0.24792000 0.50932600
1403636701.563555717 1.543309 4.031646 -0.133705 -0.37107300 -0.73302200 -0.24873800 0.51294600
1403636701.613555431 1.552133 4.043431 -0.129028 -0.36869200 -0.73248500 -0.24903300 0.51528200
1403636701.663555384 1.560492 4.055271 -0.124665 -0.36595400 -0.73222500 -0.24991800 0.51717000
1403636701.713555574 1.569053 4.067047 -0.120824 -0.36545000 -0.73130200 -0.25020700 0.51869100
1403636701.763555765 1.577622 4.078978 -0.117932 -0.36671500 -0.73036000 -0.25057100 0.51894900
1403636701.813555479 1.586591 4.090985 -0.116918 -0.37006800 -0.72914800 -0.25124600 0.51794700
1403636701.863555431 1.596084 4.103330 -0.117447 -0.37400400 -0.72741000 -0.25445000 0.51599700
1403636701.913555622 1.605689 4.115810 -0.119848 -0.38025600 -0.72498300 -0.25622900 0.51396000
1403636701.963555574 1.615521 4.128427 -0.123340 -0.38641800 -0.72163500 -0.25998200 0.51218800
1403636702.013555527 1.625553 4.141041 -0.128197 -0.39374700 -0.71805100 -0.26387000 0.50965000
1403636702.063555717 1.635926 4.153420 -0.134329 -0.40177700 -0.71353900 -0.26843800 0.50733900
1403636702.113555431 1.646629 4.166032 -0.142140 -0.41042900 -0.70823700 -0.27362900 0.50505700
1403636702.163555384 1.657753 4.178803 -0.151261 -0.41903800 -0.70257700 -0.27975500 0.50252900
1403636702.213555574 1.668796 4.191937 -0.161714 -0.42701500 -0.69799100 -0.28498800 0.49925200
1403636702.263555765 1.679786 4.204833 -0.173706 -0.43380900 -0.69459800 -0.28924800 0.49566400
1403636702.313555479 1.690889 4.217519 -0.186983 -0.43977200 -0.69259200 -0.29286200 0.49107200
1403636702.363555431 1.701642 4.230356 -0.201088 -0.44433800 -0.69118700 -0.29630100 0.48685900
1403636702.413555622 1.712169 4.243197 -0.216145 -0.44725500 -0.69036300 -0.30060500 0.48270100
1403636702.463555574 1.722226 4.256182 -0.232367 -0.45071200 -0.68986800 -0.30315800 0.47857800
1403636702.513555527 1.731736 4.269449 -0.249350 -0.45260500 -0.68937400 -0.30627500 0.47551200
1403636702.563555717 1.740472 4.282657 -0.267756 -0.45422600 -0.68893100 -0.30824200 0.47333000
1403636702.613555431 1.748645 4.296316 -0.287475 -0.45594600 -0.68919400 -0.30949800 0.47046400
1403636702.663555384 1.756081 4.310285 -0.308289 -0.45717900 -0.68993100 -0.31022900 0.46769800
1403636702.713555574 1.762710 4.324512 -0.330010 -0.45745700 -0.69050000 -0.31148300 0.46574800
1403636702.763555765 1.768404 4.338887 -0.352821 -0.45853000 -0.69045500 -0.31095700 0.46511200
1403636702.813555479 1.773166 4.353882 -0.376546 -0.45844500 -0.69188300 -0.31123900 0.46288000
1403636702.863555431 1.776939 4.369496 -0.400957 -0.45860000 -0.69266300 -0.31092800 0.46176600
1403636702.913555622 1.779533 4.385880 -0.424683 -0.45912700 -0.69317000 -0.30994200 0.46114300
1403636702.963555574 1.781263 4.403189 -0.446643 -0.45867800 -0.69321900 -0.30984100 0.46158500
1403636703.013555527 1.782148 4.421451 -0.466866 -0.45908400 -0.69179500 -0.30868300 0.46408700
1403636703.063555717 1.782499 4.440315 -0.485294 -0.45868200 -0.69040400 -0.30856300 0.46662900
1403636703.113555431 1.782049 4.460151 -0.501536 -0.45943700 -0.68757600 -0.30692600 0.47112100
1403636703.163555384 1.781275 4.480250 -0.515058 -0.45988100 -0.68305900 -0.30547000 0.47815300
1403636703.213555574 1.780374 4.500721 -0.526909 -0.46090500 -0.67987600 -0.30278200 0.48339000
1403636703.263555765 1.779663 4.522365 -0.537264 -0.46277000 -0.67593400 -0.29964200 0.48905500
1403636703.313555479 1.779871 4.544088 -0.545952 -0.46405400 -0.67273000 -0.29702300 0.49382900
1403636703.363555431 1.781284 4.565846 -0.552943 -0.46346200 -0.67146600 -0.29724800 0.49596400
1403636703.413555622 1.784057 4.587894 -0.558111 -0.46121900 -0.67210600 -0.30041500 0.49528000
1403636703.463555574 1.787989 4.609904 -0.561862 -0.45843300 -0.67480500 -0.30425000 0.49184800
1403636703.513555527 1.792395 4.631222 -0.563779 -0.45533100 -0.67818000 -0.30828600 0.48755300
1403636703.563555717 1.797244 4.652532 -0.563816 -0.45301800 -0.68070400 -0.31136000 0.48423000
1403636703.613555431 1.801521 4.672803 -0.562056 -0.45239100 -0.68313900 -0.31162700 0.48120000
1403636703.663555384 1.805643 4.693124 -0.559451 -0.45207800 -0.68468300 -0.31135400 0.47947300
1403636703.713555574 1.809638 4.713053 -0.557247 -0.45185900 -0.68562600 -0.31097100 0.47857800
1403636703.763555765 1.813283 4.732904 -0.555650 -0.45149800 -0.68516400 -0.31043500 0.47992700
1403636703.813555479 1.816486 4.752562 -0.555369 -0.45150700 -0.68405500 -0.30948600 0.48210900
1403636703.863555431 1.819539 4.772171 -0.556292 -0.45158300 -0.68251600 -0.30828700 0.48497900
1403636703.913555622 1.822413 4.791714 -0.558352 -0.45159600 -0.68123300 -0.30672100 0.48775500
1403636703.963555574 1.825494 4.811092 -0.561465 -0.45129800 -0.68078500 -0.30616600 0.48900400
1403636704.013555527 1.828719 4.830103 -0.565635 -0.45166400 -0.68005100 -0.30414200 0.49094600
1403636704.063555717 1.832372 4.848949 -0.570872 -0.45159300 -0.67969800 -0.30272700 0.49237300
1403636704.113555431 1.836686 4.867663 -0.577743 -0.45162000 -0.68086800 -0.30140800 0.49154000
1403636704.163555384 1.841440 4.886446 -0.585922 -0.45143900 -0.68296900 -0.30046300 0.48936500
1403636704.213555574 1.846503 4.905479 -0.595338 -0.45116800 -0.68564700 -0.29973900 0.48630600
1403636704.263555765 1.851687 4.925007 -0.605338 -0.45093800 -0.68818200 -0.29928100 0.48321000
1403636704.313555479 1.856902 4.945027 -0.614316 -0.45008100 -0.69027800 -0.29967500 0.48077100
1403636704.363555431 1.861930 4.965747 -0.621746 -0.44925000 -0.69215200 -0.30022800 0.47850200
1403636704.413555622 1.866426 4.987020 -0.627184 -0.44938200 -0.69315700 -0.29924600 0.47753800
1403636704.463555574 1.870830 5.008150 -0.630189 -0.44869200 -0.69505400 -0.29964100 0.47517600
1403636704.513555527 1.874604 5.029910 -0.631269 -0.44816300 -0.69695100 -0.29991600 0.47271500
1403636704.563555717 1.877688 5.052170 -0.630526 -0.44863700 -0.69822800 -0.29898200 0.47096900
1403636704.613555431 1.880072 5.075067 -0.629347 -0.44855100 -0.69962400 -0.29855100 0.46925000
1403636704.663555384 1.881543 5.098664 -0.628819 -0.44867900 -0.70068600 -0.29828200 0.46771300
1403636704.713555574 1.882382 5.122624 -0.630231 -0.44876400 -0.70347300 -0.29753400 0.46390900
1403636704.763555765 1.882371 5.147255 -0.633114 -0.44857400 -0.70533700 -0.29688600 0.46167100
1403636704.813555479 1.881297 5.173003 -0.637884 -0.44942800 -0.70715600 -0.29482700 0.45937300
1403636704.863555431 1.878848 5.199737 -0.644302 -0.45020600 -0.70909800 -0.29269300 0.45697400
1403636704.913555622 1.875281 5.227944 -0.651974 -0.45064800 -0.71072800 -0.29057200 0.45535800
1403636704.963555574 1.870675 5.257787 -0.660934 -0.45069000 -0.71256600 -0.28951000 0.45311400
1403636705.013555527 1.865058 5.289141 -0.670912 -0.45037100 -0.71397800 -0.28898200 0.45154400
1403636705.063555717 1.857938 5.322329 -0.681133 -0.44902900 -0.71497600 -0.28996800 0.45066800
1403636705.113555431 1.849279 5.357646 -0.691767 -0.44714900 -0.71300700 -0.29209800 0.45426800
1403636705.163555384 1.839300 5.394002 -0.701740 -0.44390500 -0.70932300 -0.29622500 0.46050500
1403636705.213555574 1.827822 5.431562 -0.710602 -0.44020300 -0.70554100 -0.30097700 0.46674300
1403636705.263555765 1.815180 5.469889 -0.717952 -0.43703500 -0.70266400 -0.30477900 0.47157600
1403636705.313555479 1.801598 5.508103 -0.723508 -0.43539700 -0.70058000 -0.30674000 0.47489800
1403636705.363555431 1.787370 5.546056 -0.728163 -0.43441200 -0.69908900 -0.30783200 0.47728500
1403636705.413555622 1.772264 5.583908 -0.731868 -0.43494600 -0.69994100 -0.30691200 0.47614100
1403636705.463555574 1.756434 5.621535 -0.735163 -0.43620000 -0.70076100 -0.30545400 0.47472400
1403636705.513555527 1.739713 5.659107 -0.739275 -0.43782100 -0.70242800 -0.30362600 0.47193200
1403636705.563555717 1.722152 5.696703 -0.744598 -0.43863900 -0.70425800 -0.30246900 0.46917900
1403636705.613555431 1.703794 5.734487 -0.751287 -0.43964200 -0.70466500 -0.30135200 0.46834800
1403636705.663555384 1.684719 5.772610 -0.759456 -0.44025300 -0.70526500 -0.30107000 0.46705100
1403636705.713555574 1.664628 5.811659 -0.768193 -0.43999000 -0.70404700 -0.30171900 0.46871300
1403636705.763555765 1.643677 5.851298 -0.777852 -0.43993500 -0.70229000 -0.30216700 0.47110600
1403636705.813555479 1.621982 5.891142 -0.787424 -0.44008200 -0.69999300 -0.30175400 0.47464000
1403636705.863555431 1.599754 5.931451 -0.796001 -0.43978400 -0.69727100 -0.30191400 0.47880400
1403636705.913555622 1.577241 5.971819 -0.802984 -0.44079500 -0.69385900 -0.30025000 0.48384900
1403636705.963555574 1.554511 6.012344 -0.807911 -0.44195700 -0.69065300 -0.29803000 0.48872600
1403636706.013555527 1.532056 6.052350 -0.810739 -0.44416600 -0.68717800 -0.29373700 0.49419000
1403636706.063555717 1.510620 6.091789 -0.811710 -0.44662000 -0.68429500 -0.28891500 0.49880600
1403636706.113555431 1.489970 6.131982 -0.811790 -0.44804700 -0.68128500 -0.28591000 0.50334900
1403636706.163555384 1.471044 6.172199 -0.812555 -0.44581200 -0.68146600 -0.28800000 0.50389900
1403636706.213555574 1.453459 6.212703 -0.815073 -0.44186700 -0.68346000 -0.29262100 0.50200800
1403636706.263555765 1.436853 6.253076 -0.819936 -0.43883600 -0.68600300 -0.29604300 0.49918200
1403636706.313555479 1.420819 6.293006 -0.826602 -0.43481200 -0.68940200 -0.30073400 0.49520900
1403636706.363555431 1.405283 6.332667 -0.835835 -0.43234300 -0.69260500 -0.30323400 0.49135200
1403636706.413555622 1.389885 6.371728 -0.846095 -0.43019600 -0.69535300 -0.30548200 0.48795500
1403636706.463555574 1.374365 6.410568 -0.857035 -0.42889100 -0.69793300 -0.30652800 0.48475100
1403636706.513555527 1.358261 6.449426 -0.866666 -0.42790000 -0.69960700 -0.30745900 0.48261800
1403636706.563555717 1.342115 6.487479 -0.874875 -0.42782500 -0.70090500 -0.30790600 0.48051300
1403636706.613555431 1.325311 6.525179 -0.881003 -0.42787800 -0.70149600 -0.30746200 0.47988600
1403636706.663555384 1.308056 6.562489 -0.886199 -0.42818800 -0.70222100 -0.30761700 0.47844800
1403636706.713555574 1.289423 6.600732 -0.889504 -0.42888600 -0.70336300 -0.30689500 0.47660500
1403636706.763555765 1.269868 6.638764 -0.890306 -0.43083100 -0.70406100 -0.30487500 0.47511500
1403636706.813555479 1.249974 6.676477 -0.890344 -0.43197600 -0.70530600 -0.30429500 0.47259400
1403636706.863555431 1.229401 6.714144 -0.889520 -0.43329200 -0.70580100 -0.30388700 0.47090900
1403636706.913555622 1.207968 6.751855 -0.887578 -0.43470200 -0.70537100 -0.30333400 0.47061100
1403636706.963555574 1.185694 6.790130 -0.884781 -0.43536400 -0.70484300 -0.30435900 0.47012800
1403636707.013555527 1.162400 6.828448 -0.881011 -0.43564000 -0.70286300 -0.30571200 0.47195500
1403636707.063555717 1.138486 6.866842 -0.877053 -0.43528000 -0.70116000 -0.30800600 0.47332600
1403636707.113555431 1.114079 6.905171 -0.873091 -0.43561400 -0.69931400 -0.30957900 0.47472400
1403636707.163555384 1.089092 6.943257 -0.869339 -0.43655000 -0.69847900 -0.31050900 0.47448400
1403636707.213555574 1.063633 6.981058 -0.865332 -0.43789700 -0.69793300 -0.31140400 0.47345900
1403636707.263555765 1.037527 7.018829 -0.860065 -0.43891900 -0.69750100 -0.31239100 0.47249700
1403636707.313555479 1.010705 7.056412 -0.853003 -0.43964700 -0.69769600 -0.31360200 0.47072700
1403636707.363555431 0.982946 7.093703 -0.843995 -0.44070000 -0.69754000 -0.31401300 0.46970000
1403636707.413555622 0.954293 7.131100 -0.832919 -0.44182500 -0.69739900 -0.31393400 0.46890400
1403636707.463555574 0.924452 7.168886 -0.819436 -0.44213800 -0.69777400 -0.31441200 0.46772900
1403636707.513555527 0.893945 7.206138 -0.804201 -0.44333400 -0.69728000 -0.31359900 0.46788000
1403636707.563555717 0.862450 7.243657 -0.787358 -0.44449000 -0.69669300 -0.31264300 0.46829800
1403636707.613555431 0.830326 7.280945 -0.771282 -0.44636400 -0.69651700 -0.31054300 0.46817400
1403636707.663555384 0.797514 7.318644 -0.757261 -0.45042100 -0.69507300 -0.30480400 0.47020900
1403636707.713555574 0.764611 7.356794 -0.745915 -0.45266000 -0.69419700 -0.30136300 0.47156200
1403636707.763555765 0.731642 7.395653 -0.737728 -0.45461600 -0.69363600 -0.29802500 0.47262600
1403636707.813555479 0.698552 7.435499 -0.732343 -0.45523200 -0.69266500 -0.29703600 0.47407600
1403636707.863555431 0.665530 7.475826 -0.729784 -0.45478900 -0.69196000 -0.29655800 0.47582600
1403636707.913555622 0.632963 7.516415 -0.730042 -0.45387900 -0.69108400 -0.29653000 0.47798200
1403636707.963555574 0.600444 7.557546 -0.732808 -0.45213700 -0.69109800 -0.29731700 0.47912300
1403636708.013555527 0.567908 7.599286 -0.737957 -0.45001200 -0.69135200 -0.29845100 0.48005100
1403636708.063555717 0.535542 7.641213 -0.745231 -0.44746500 -0.69193000 -0.30004800 0.48060300
1403636708.113555431 0.503214 7.683452 -0.753738 -0.44459300 -0.69227500 -0.30184000 0.48164900
1403636708.163555384 0.470861 7.725702 -0.763535 -0.44202100 -0.69262600 -0.30351000 0.48246000
1403636708.213555574 0.438576 7.767617 -0.774825 -0.44124600 -0.69207100 -0.30274800 0.48444200
1403636708.263555765 0.406443 7.809112 -0.787271 -0.44168100 -0.69058100 -0.30080300 0.48737400
1403636708.313555479 0.374650 7.850472 -0.800549 -0.44349700 -0.68759900 -0.29713100 0.49217600
1403636708.363555431 0.343677 7.890940 -0.814190 -0.44679400 -0.68410200 -0.29151100 0.49739700
1403636708.413555622 0.314095 7.931529 -0.826672 -0.44913800 -0.68126200 -0.28745100 0.50153400
1403636708.463555574 0.285697 7.972948 -0.837821 -0.45072500 -0.67902000 -0.28449800 0.50481800
1403636708.513555527 0.258702 8.015650 -0.846612 -0.45122200 -0.67781400 -0.28368300 0.50645000
1403636708.563555717 0.233418 8.058892 -0.853587 -0.45016900 -0.67729900 -0.28497000 0.50735200
1403636708.613555431 0.210314 8.102230 -0.858964 -0.44769900 -0.67801600 -0.28928600 0.50613700
1403636708.663555384 0.188757 8.145390 -0.864788 -0.44442900 -0.68042400 -0.29480400 0.50259900
1403636708.713555574 0.168429 8.188193 -0.871203 -0.44016700 -0.68190600 -0.30210500 0.49999400
1403636708.763555765 0.148815 8.230482 -0.879077 -0.43631700 -0.68401000 -0.30871000 0.49644700
1403636708.813555479 0.129732 8.271960 -0.888048 -0.43247000 -0.68481600 -0.31555300 0.49439300
1403636708.863555431 0.110695 8.312131 -0.898504 -0.43167000 -0.68539600 -0.31862900 0.49230900
1403636708.913555622 0.091640 8.351206 -0.908352 -0.43093800 -0.68436000 -0.32222100 0.49205500
1403636708.963555574 0.072457 8.388793 -0.917125 -0.43071500 -0.68349100 -0.32552600 0.49128200
1403636709.013555527 0.052853 8.424795 -0.923725 -0.43107200 -0.68137000 -0.32723600 0.49277700
1403636709.063555717 0.033342 8.458900 -0.928586 -0.43018600 -0.68029700 -0.33125600 0.49234800
1403636709.113555431 0.013392 8.491253 -0.932055 -0.43122800 -0.67882200 -0.33231000 0.49276100
1403636709.163555384 -0.006963 8.522068 -0.933606 -0.43218000 -0.67893000 -0.33356400 0.49092700
1403636709.213555574 -0.027567 8.550894 -0.933544 -0.43464700 -0.67954000 -0.33251800 0.48861100
1403636709.263555765 -0.048488 8.578217 -0.932180 -0.43603600 -0.68130700 -0.33225500 0.48508000
1403636709.313555479 -0.070125 8.604165 -0.929232 -0.43788800 -0.68268500 -0.33076800 0.48248100
1403636709.363555431 -0.092350 8.629022 -0.926468 -0.43948200 -0.68401000 -0.32910800 0.48028500
1403636709.413555622 -0.115003 8.652883 -0.924492 -0.43916300 -0.68539200 -0.33023100 0.47783000
1403636709.463555574 -0.138491 8.675865 -0.924477 -0.43988500 -0.68552900 -0.32920200 0.47767900
1403636709.513555527 -0.162587 8.698020 -0.926480 -0.43954400 -0.68655000 -0.32979900 0.47611200
1403636709.563555717 -0.187495 8.719109 -0.930295 -0.43995600 -0.68707700 -0.32898000 0.47553900
1403636709.613555431 -0.213169 8.739541 -0.935369 -0.44029500 -0.68807600 -0.32837800 0.47419500
1403636709.663555384 -0.239639 8.759381 -0.941628 -0.44027600 -0.68878900 -0.32781900 0.47356300
1403636709.713555574 -0.267020 8.778886 -0.948136 -0.43963000 -0.68957200 -0.32769200 0.47311100
1403636709.763555765 -0.295465 8.797546 -0.954938 -0.43969300 -0.68992500 -0.32616000 0.47359700
1403636709.813555479 -0.324626 8.815428 -0.961268 -0.43830600 -0.69048800 -0.32671300 0.47368200
1403636709.863555431 -0.354940 8.832724 -0.966469 -0.43832400 -0.69034900 -0.32544600 0.47473800
1403636709.913555622 -0.386074 8.849714 -0.969681 -0.43722800 -0.69063100 -0.32596600 0.47498100
1403636709.963555574 -0.417978 8.865801 -0.971274 -0.43614100 -0.69076000 -0.32601400 0.47576000
1403636710.013555527 -0.450618 8.881181 -0.971479 -0.43586500 -0.69086400 -0.32498200 0.47656700
1403636710.063555717 -0.483837 8.895690 -0.970591 -0.43493600 -0.69099300 -0.32488100 0.47729700
1403636710.113555431 -0.518081 8.909941 -0.969995 -0.43380800 -0.69109900 -0.32466000 0.47831800
1403636710.163555384 -0.553013 8.923527 -0.971030 -0.43261200 -0.69153800 -0.32456600 0.47883100
1403636710.213555574 -0.588678 8.936636 -0.974154 -0.43133400 -0.69190900 -0.32425100 0.47966100
1403636710.263555765 -0.625030 8.948911 -0.979909 -0.43103900 -0.69177500 -0.32233800 0.48140600
1403636710.313555479 -0.661952 8.960270 -0.987784 -0.43266300 -0.68992000 -0.31752100 0.48579600
1403636710.363555431 -0.699287 8.970798 -0.997424 -0.43509800 -0.68831400 -0.31054800 0.49038600
1403636710.413555622 -0.736844 8.980573 -1.008166 -0.43594900 -0.68761700 -0.30363400 0.49491400
1403636710.463555574 -0.774261 8.989812 -1.020200 -0.43576400 -0.68811700 -0.29633300 0.49879200
1403636710.513555527 -0.811376 8.998832 -1.033239 -0.43430000 -0.68905100 -0.28911500 0.50299800
1403636710.563555717 -0.847574 9.007776 -1.047129 -0.43155000 -0.69071700 -0.28324600 0.50640800
1403636710.613555431 -0.882691 9.016806 -1.061942 -0.42794600 -0.69245600 -0.27867400 0.50961800
1403636710.663555384 -0.916866 9.025909 -1.077725 -0.42302300 -0.69515000 -0.27425800 0.51244800
1403636710.713555574 -0.949850 9.035141 -1.093989 -0.41645100 -0.69838100 -0.27141400 0.51494700
1403636710.763555765 -0.981740 9.044435 -1.109735 -0.40918200 -0.70198500 -0.26818900 0.51755700
1403636710.813555479 -1.012490 9.053710 -1.123407 -0.39899900 -0.70704000 -0.26795900 0.51875700
1403636710.863555431 -1.042209 9.062465 -1.135732 -0.38868000 -0.71287300 -0.26686400 0.51916300
1403636710.913555622 -1.071422 9.071104 -1.146461 -0.37863300 -0.71856900 -0.26531500 0.51952800
1403636710.963555574 -1.099980 9.079568 -1.155276 -0.36915700 -0.72323100 -0.26429800 0.52039500
1403636711.013555527 -1.128127 9.087752 -1.162399 -0.35947900 -0.72909900 -0.26487900 0.51868400
1403636711.063555717 -1.155925 9.094991 -1.168010 -0.35320300 -0.73199500 -0.26300400 0.51987500
1403636711.113555431 -1.183669 9.101845 -1.172330 -0.34669000 -0.73500300 -0.26331500 0.51984900
1403636711.163555384 -1.211406 9.107631 -1.175657 -0.34202800 -0.73650500 -0.26300700 0.52096600
1403636711.213555574 -1.239451 9.112542 -1.178742 -0.33847400 -0.73768900 -0.26264100 0.52179600
1403636711.263555765 -1.267208 9.115969 -1.181457 -0.33609400 -0.73846400 -0.26211900 0.52249900
1403636711.313555479 -1.295137 9.118024 -1.183122 -0.33560900 -0.73790100 -0.25961700 0.52485100
1403636711.363555431 -1.322897 9.118958 -1.184220 -0.33584400 -0.73693700 -0.25755400 0.52706600
1403636711.413555622 -1.351157 9.119273 -1.182931 -0.33575200 -0.73367900 -0.25670600 0.53206100
1403636711.463555574 -1.378430 9.117853 -1.180352 -0.33521300 -0.72913600 -0.25712800 0.53840700
1403636711.513555527 -1.404986 9.115190 -1.177674 -0.33451000 -0.72511200 -0.25854200 0.54358000
1403636711.563555717 -1.431207 9.111627 -1.174227 -0.33284700 -0.72229500 -0.26225300 0.54656000
1403636711.613555431 -1.456822 9.106291 -1.170641 -0.33182400 -0.72063500 -0.26524500 0.54792600
1403636711.663555384 -1.481597 9.098959 -1.167133 -0.33135900 -0.71991700 -0.26770500 0.54795400
1403636711.713555574 -1.505482 9.089593 -1.163337 -0.33125400 -0.72053900 -0.27005000 0.54604800
1403636711.763555765 -1.528632 9.077965 -1.159007 -0.33245500 -0.72066200 -0.27037400 0.54499300
1403636711.813555479 -1.551075 9.064406 -1.154802 -0.33506900 -0.72121200 -0.26851100 0.54358600
1403636711.863555431 -1.572764 9.048704 -1.150122 -0.33889200 -0.72208400 -0.26453300 0.54200700
1403636711.913555622 -1.593960 9.031498 -1.144709 -0.34376000 -0.72286700 -0.25904800 0.54054500
1403636711.963555574 -1.614135 9.013112 -1.138290 -0.34852400 -0.72342400 -0.25358100 0.53934400
1403636712.013555527 -1.633139 8.993375 -1.130778 -0.35333100 -0.72327000 -0.24786800 0.53907500
1403636712.063555717 -1.651216 8.973324 -1.121913 -0.35749500 -0.72280500 -0.24269700 0.53930500
1403636712.113555431 -1.668157 8.953278 -1.111566 -0.35966400 -0.72189000 -0.24002900 0.54028100
1403636712.163555384 -1.683936 8.933406 -1.100144 -0.36005200 -0.72127500 -0.23887700 0.54135300
1403636712.213555574 -1.698500 8.913394 -1.087728 -0.35571200 -0.72325200 -0.24095700 0.54066300
1403636712.263555765 -1.712297 8.892905 -1.073923 -0.34896400 -0.72636400 -0.24317600 0.53989600
1403636712.313555479 -1.725553 8.871908 -1.058584 -0.34062600 -0.72927400 -0.24498700 0.54047900
1403636712.363555431 -1.738208 8.850037 -1.042440 -0.33186600 -0.73279700 -0.24583100 0.54078900
1403636712.413555622 -1.750125 8.827262 -1.025308 -0.32448100 -0.73544600 -0.24560800 0.54176700
1403636712.463555574 -1.761396 8.803551 -1.007054 -0.31730100 -0.73747700 -0.24519600 0.54344200
1403636712.513555527 -1.772355 8.778847 -0.987741 -0.31119400 -0.73947000 -0.24349400 0.54503200
1403636712.563555717 -1.782827 8.752974 -0.967827 -0.30653000 -0.74076000 -0.24094900 0.54704500
1403636712.613555431 -1.792809 8.725714 -0.948486 -0.30229400 -0.74071700 -0.23810400 0.55069900
1403636712.663555384 -1.802099 8.697507 -0.930616 -0.29922200 -0.73976800 -0.23448400 0.55518300
1403636712.713555574 -1.810382 8.668236 -0.914435 -0.29662100 -0.73888400 -0.23139900 0.55903700
1403636712.763555765 -1.817857 8.638119 -0.900109 -0.29440900 -0.73902600 -0.22826200 0.56130300
1403636712.813555479 -1.824183 8.607197 -0.887682 -0.29304600 -0.74000100 -0.22561100 0.56180300
1403636712.863555431 -1.829233 8.575409 -0.876757 -0.29235900 -0.74180000 -0.22332800 0.56069900
1403636712.913555622 -1.833073 8.542714 -0.867009 -0.29192300 -0.74357200 -0.22154600 0.55928500
1403636712.963555574 -1.835551 8.509003 -0.859000 -0.29154300 -0.74578300 -0.22064600 0.55688900
1403636713.013555527 -1.837295 8.474937 -0.851904 -0.29053000 -0.74739200 -0.22151200 0.55491500
1403636713.063555717 -1.838149 8.439786 -0.843797 -0.29077300 -0.74708300 -0.22044900 0.55562600
1403636713.113555431 -1.837582 8.402989 -0.834382 -0.29112600 -0.74685300 -0.21826500 0.55661200
1403636713.163555384 -1.836015 8.365395 -0.823824 -0.29130400 -0.74764900 -0.21650000 0.55614000
1403636713.213555574 -1.833338 8.327231 -0.811142 -0.29221600 -0.74835100 -0.21484100 0.55535900
1403636713.263555765 -1.829864 8.288630 -0.796558 -0.29295800 -0.74977000 -0.21337100 0.55362000
1403636713.313555479 -1.825472 8.249682 -0.779816 -0.29311900 -0.75054000 -0.21341000 0.55247300
1403636713.363555431 -1.820629 8.210254 -0.761079 -0.29378300 -0.75170200 -0.21272800 0.55080200
1403636713.413555622 -1.815895 8.170602 -0.740035 -0.29526100 -0.75146300 -0.21097200 0.55101300
1403636713.463555574 -1.810347 8.130692 -0.718333 -0.29661200 -0.75148800 -0.20970100 0.55073800
1403636713.513555527 -1.803453 8.090174 -0.695757 -0.29831000 -0.75150000 -0.20783100 0.55051300
1403636713.563555717 -1.796109 8.049650 -0.673408 -0.30015100 -0.75092900 -0.20602000 0.55097400
1403636713.613555431 -1.787765 8.009406 -0.652435 -0.30326900 -0.75115700 -0.20301300 0.55007000
1403636713.663555384 -1.778953 7.969634 -0.632999 -0.30584800 -0.75135800 -0.20067000 0.54922800
1403636713.713555574 -1.769415 7.930687 -0.615097 -0.30848100 -0.75111400 -0.19826800 0.54896100
1403636713.763555765 -1.759169 7.892847 -0.598884 -0.31112800 -0.75078000 -0.19626100 0.54864500
1403636713.813555479 -1.748119 7.855885 -0.584071 -0.31299500 -0.75068500 -0.19487800 0.54820700
1403636713.863555431 -1.736189 7.820446 -0.570529 -0.31393200 -0.75042000 -0.19525800 0.54789800
1403636713.913555622 -1.723338 7.785775 -0.558065 -0.31376500 -0.75081900 -0.19732200 0.54670700
1403636713.963555574 -1.709650 7.751729 -0.546933 -0.31325200 -0.75128200 -0.19957000 0.54554700
1403636714.013555527 -1.695206 7.718034 -0.537336 -0.31344800 -0.75190200 -0.20123000 0.54396700
1403636714.063555717 -1.680066 7.684873 -0.528409 -0.31146800 -0.75218400 -0.20621700 0.54284700
1403636714.113555431 -1.664534 7.651965 -0.521130 -0.31184600 -0.75224500 -0.20773500 0.54196500
1403636714.163555384 -1.648553 7.619321 -0.514775 -0.31190700 -0.75214000 -0.20968300 0.54132600
1403636714.213555574 -1.632095 7.586941 -0.509353 -0.31246900 -0.75095800 -0.21072600 0.54223600
1403636714.263555765 -1.615362 7.554746 -0.505048 -0.31434100 -0.74952700 -0.20964100 0.54355300
1403636714.313555479 -1.598215 7.522794 -0.501688 -0.31631900 -0.74853200 -0.20845600 0.54423200
1403636714.363555431 -1.580369 7.491145 -0.499563 -0.31771900 -0.74862400 -0.20811500 0.54342000
1403636714.413555622 -1.561943 7.460017 -0.498821 -0.31892000 -0.75043200 -0.20779100 0.54033800
1403636714.463555574 -1.543313 7.429245 -0.499278 -0.31926800 -0.75321000 -0.20595700 0.53696000
1403636714.513555527 -1.524642 7.399099 -0.500553 -0.31836700 -0.75645200 -0.20338100 0.53391000
1403636714.563555717 -1.506202 7.369665 -0.502698 -0.31675900 -0.75962900 -0.19911400 0.53196300
1403636714.613555431 -1.488269 7.341207 -0.505739 -0.31308800 -0.76331500 -0.19482000 0.53044600
1403636714.663555384 -1.470774 7.313945 -0.508251 -0.30728400 -0.76697800 -0.19123800 0.52986100
1403636714.713555574 -1.453821 7.287727 -0.509651 -0.30036600 -0.77078100 -0.18640500 0.53003100
1403636714.763555765 -1.437190 7.262625 -0.509332 -0.29162000 -0.77488200 -0.18173100 0.53056000
1403636714.813555479 -1.421302 7.238607 -0.506793 -0.28052100 -0.77889700 -0.17783100 0.53200000
1403636714.863555431 -1.405967 7.215628 -0.502312 -0.26841000 -0.78279800 -0.17396900 0.53378400
1403636714.913555622 -1.391371 7.193498 -0.496206 -0.25662700 -0.78681300 -0.16883200 0.53532300
1403636714.963555574 -1.377699 7.172162 -0.488020 -0.24561500 -0.79081800 -0.16245400 0.53655900
1403636715.013555527 -1.364670 7.151685 -0.477835 -0.23539900 -0.79412700 -0.15715400 0.53782700
1403636715.063555717 -1.352584 7.132041 -0.465749 -0.22620300 -0.79715400 -0.15206000 0.53875900
1403636715.113555431 -1.340772 7.113036 -0.452245 -0.21770900 -0.80019200 -0.14877400 0.53867000
1403636715.163555384 -1.329990 7.094711 -0.437893 -0.21175100 -0.80211300 -0.14437100 0.53939100
1403636715.213555574 -1.320144 7.077374 -0.422990 -0.20637600 -0.80359800 -0.14190000 0.53991300
1403636715.263555765 -1.311275 7.060577 -0.409173 -0.20273200 -0.80396600 -0.13877500 0.54155500
1403636715.313555479 -1.303355 7.044425 -0.396959 -0.20044400 -0.80333800 -0.13567000 0.54411800
1403636715.363555431 -1.296409 7.028763 -0.386330 -0.19837500 -0.80288300 -0.13384100 0.54599800
1403636715.413555622 -1.290559 7.013626 -0.377296 -0.19859100 -0.80067900 -0.13023200 0.55001500
1403636715.463555574 -1.285119 6.999025 -0.370406 -0.19922500 -0.79845500 -0.12734400 0.55368200
1403636715.513555527 -1.279927 6.984786 -0.365818 -0.20176400 -0.79583600 -0.12234900 0.55764700
1403636715.563555717 -1.274567 6.971280 -0.363205 -0.20583800 -0.79324700 -0.11590600 0.56122000
1403636715.613555431 -1.268820 6.959007 -0.362888 -0.20759100 -0.79244200 -0.11335200 0.56222200
1403636715.663555384 -1.262625 6.948241 -0.363098 -0.20699200 -0.79011400 -0.11505200 0.56536600
1403636715.713555574 -1.255903 6.938684 -0.364242 -0.20414700 -0.78708600 -0.12042500 0.56949100
1403636715.763555765 -1.248352 6.929839 -0.365895 -0.20129200 -0.78456300 -0.12628500 0.57271000
1403636715.813555479 -1.240028 6.921335 -0.367343 -0.19906100 -0.78221400 -0.13153700 0.57551400
1403636715.863555431 -1.231491 6.913071 -0.367245 -0.19752400 -0.77987600 -0.13514600 0.57837200
1403636715.913555622 -1.221532 6.904546 -0.365008 -0.19562800 -0.77774600 -0.13974500 0.58078700
1403636715.963555574 -1.210372 6.895479 -0.361484 -0.19572700 -0.77602500 -0.14186000 0.58254000
1403636716.013555527 -1.197522 6.885638 -0.357648 -0.19615800 -0.77509400 -0.14302200 0.58334900
1403636716.063555717 -1.183968 6.875546 -0.353077 -0.19713700 -0.77514800 -0.14390300 0.58273100
1403636716.113555431 -1.169052 6.864842 -0.347379 -0.19945200 -0.77539300 -0.14277900 0.58189300
1403636716.163555384 -1.152859 6.853619 -0.340843 -0.20224300 -0.77782900 -0.14133000 0.57802000
1403636716.213555574 -1.135323 6.841765 -0.332996 -0.20568400 -0.78096100 -0.13933700 0.57304600
1403636716.263555765 -1.116836 6.829891 -0.325229 -0.20799000 -0.78282000 -0.13936300 0.56965900
1403636716.313555479 -1.097720 6.817980 -0.318592 -0.21009100 -0.78455900 -0.13930500 0.56650300
1403636716.363555431 -1.078229 6.806476 -0.313541 -0.21215500 -0.78564800 -0.13938000 0.56419900
1403636716.413555622 -1.058656 6.795137 -0.309828 -0.21348600 -0.78560000 -0.14002200 0.56360500
1403636716.463555574 -1.038870 6.783991 -0.308084 -0.21441400 -0.78598800 -0.14094300 0.56248100
1403636716.513555527 -1.019231 6.773125 -0.307693 -0.21540200 -0.78549700 -0.14192100 0.56254300
1403636716.563555717 -0.999687 6.762260 -0.308752 -0.21392200 -0.78545200 -0.14370400 0.56271900
1403636716.613555431 -0.980206 6.751206 -0.311319 -0.21190400 -0.78604500 -0.14388000 0.56260900
1403636716.663555384 -0.960699 6.739840 -0.315305 -0.20884600 -0.78650300 -0.14259400 0.56344000
1403636716.713555574 -0.941135 6.728125 -0.320634 -0.20475200 -0.78757700 -0.14041000 0.56399200
1403636716.763555765 -0.921391 6.716252 -0.327276 -0.20048900 -0.78830500 -0.13710100 0.56531800
1403636716.813555479 -0.901302 6.703938 -0.334450 -0.19486300 -0.78969000 -0.13277700 0.56638400
1403636716.863555431 -0.881229 6.691416 -0.341240 -0.18860600 -0.79141200 -0.12758500 0.56729200
1403636716.913555622 -0.860958 6.678504 -0.346868 -0.18108100 -0.79328800 -0.12156100 0.56844600
1403636716.963555574 -0.840456 6.665307 -0.350904 -0.17167300 -0.79611300 -0.11541700 0.56869900
1403636717.013555527 -0.819679 6.652282 -0.353025 -0.16214700 -0.79789500 -0.10894200 0.57027100
1403636717.063555717 -0.799087 6.639381 -0.353397 -0.15208700 -0.80033500 -0.10241100 0.57083400
1403636717.113555431 -0.778420 6.626391 -0.351964 -0.14239300 -0.80212900 -0.09624000 0.57190100
1403636717.163555384 -0.757743 6.613793 -0.348976 -0.13381200 -0.80371500 -0.09195600 0.57243800
1403636717.213555574 -0.737239 6.601415 -0.345125 -0.12624000 -0.80511900 -0.08806600 0.57279500
1403636717.263555765 -0.716252 6.589254 -0.340859 -0.11868100 -0.80635000 -0.08672600 0.57288200
1403636717.313555479 -0.694981 6.577087 -0.336465 -0.11118700 -0.80779600 -0.08753300 0.57223100
1403636717.363555431 -0.673633 6.564775 -0.331341 -0.10355200 -0.80853900 -0.09049700 0.57215100
1403636717.413555622 -0.652358 6.551865 -0.326584 -0.09718100 -0.80911300 -0.09313400 0.57203700
1403636717.463555574 -0.630964 6.538129 -0.322382 -0.09300200 -0.80941100 -0.09423900 0.57212300
1403636717.513555527 -0.609802 6.523169 -0.319973 -0.09114900 -0.80980100 -0.09372600 0.57195300
1403636717.563555717 -0.589062 6.506953 -0.319107 -0.09125300 -0.80948100 -0.09122800 0.57279300
1403636717.613555431 -0.568658 6.489714 -0.320155 -0.09285900 -0.80958400 -0.08755000 0.57296200
1403636717.663555384 -0.548370 6.471694 -0.322745 -0.09362600 -0.80903900 -0.08619100 0.57381300
1403636717.713555574 -0.528343 6.452786 -0.327052 -0.09463700 -0.80853900 -0.08488000 0.57454700
1403636717.763555765 -0.508452 6.432893 -0.332588 -0.09219500 -0.80921700 -0.08682400 0.57369800
1403636717.813555479 -0.488747 6.411722 -0.338330 -0.08985000 -0.80977400 -0.08640800 0.57334800
1403636717.863555431 -0.469427 6.389197 -0.343074 -0.08559200 -0.81065500 -0.08576900 0.57285000
1403636717.913555622 -0.450634 6.365247 -0.346333 -0.08041500 -0.81139500 -0.08394100 0.57282300
1403636717.963555574 -0.432039 6.339817 -0.347959 -0.07433800 -0.81194000 -0.08181100 0.57318000
1403636718.013555527 -0.413881 6.312556 -0.347593 -0.06776000 -0.81252500 -0.07751600 0.57376900
1403636718.063555717 -0.396223 6.283863 -0.345663 -0.06113000 -0.81335100 -0.07195000 0.57406500
1403636718.113555431 -0.378875 6.253534 -0.342228 -0.05529300 -0.81366300 -0.06306800 0.57525900
1403636718.163555384 -0.362079 6.222220 -0.338791 -0.04949400 -0.81438100 -0.05389500 0.57571400
1403636718.213555574 -0.345593 6.190252 -0.336395 -0.04427200 -0.81481800 -0.04551300 0.57623400
1403636718.263555765 -0.328586 6.157901 -0.336127 -0.03958600 -0.81544600 -0.03827300 0.57621100
1403636718.313555479 -0.311470 6.125207 -0.338047 -0.03569800 -0.81605400 -0.03121200 0.57603500
1403636718.363555431 -0.294537 6.092096 -0.341825 -0.03066300 -0.81636600 -0.02498400 0.57618100
1403636718.413555622 -0.277819 6.058527 -0.347171 -0.02570300 -0.81712700 -0.01831000 0.57559700
1403636718.463555574 -0.261562 6.024674 -0.353805 -0.02111100 -0.81727200 -0.01061100 0.57577100
1403636718.513555527 -0.245296 5.990793 -0.361809 -0.01520900 -0.81722900 -0.00396000 0.57610200
1403636718.563555717 -0.229166 5.957262 -0.371010 -0.01123800 -0.81726500 0.00328400 0.57614500
1403636718.613555431 -0.213445 5.924228 -0.381180 -0.00792600 -0.81756200 0.01018000 0.57569800
1403636718.663555384 -0.197996 5.892052 -0.392311 -0.00644500 -0.81774000 0.01836600 0.57526200
1403636718.713555574 -0.182903 5.861098 -0.404737 -0.00451400 -0.81829200 0.02489800 0.57424700
1403636718.763555765 -0.168281 5.831551 -0.417638 -0.00156900 -0.81800000 0.02877000 0.57450000
1403636718.813555479 -0.153549 5.803576 -0.431600 0.00329400 -0.81823500 0.02844200 0.57417200
1403636718.863555431 -0.139443 5.776749 -0.444758 0.00923700 -0.81829400 0.02541000 0.57416500
1403636718.913555622 -0.125788 5.750739 -0.456678 0.01424100 -0.81794000 0.02257000 0.57468500
1403636718.963555574 -0.111850 5.725399 -0.466869 0.01866700 -0.81732200 0.01946500 0.57555100
1403636719.013555527 -0.098596 5.700317 -0.474624 0.02192700 -0.81688000 0.01745200 0.57612600
1403636719.063555717 -0.085088 5.675370 -0.480117 0.02386800 -0.81570100 0.01660900 0.57774300
1403636719.113555431 -0.071410 5.650465 -0.483845 0.02532000 -0.81420800 0.01561300 0.57981100
1403636719.163555384 -0.058429 5.625288 -0.485327 0.02556000 -0.81219500 0.01583900 0.58261100
1403636719.213555574 -0.045107 5.600007 -0.485338 0.02517800 -0.81022600 0.01616300 0.58535400
1403636719.263555765 -0.031411 5.574719 -0.485914 0.02464600 -0.80827200 0.01625200 0.58806900
1403636719.313555479 -0.017106 5.549422 -0.487954 0.02257800 -0.80681300 0.01825600 0.59009400
1403636719.363555431 -0.002148 5.524415 -0.491557 0.02172000 -0.80531900 0.01840800 0.59215800
1403636719.413555622 0.013661 5.499543 -0.497016 0.02051700 -0.80447200 0.01898400 0.59333300
1403636719.463555574 0.030197 5.475124 -0.504074 0.01903800 -0.80397700 0.01959000 0.59403200
1403636719.513555527 0.047474 5.451223 -0.512903 0.01764700 -0.80397800 0.02000400 0.59406100
1403636719.563555717 0.065535 5.427735 -0.523133 0.01656700 -0.80570900 0.01975400 0.59175000
1403636719.613555431 0.084522 5.404595 -0.533110 0.01459800 -0.80726700 0.02085800 0.58963800
1403636719.663555384 0.103548 5.382091 -0.541150 0.01374300 -0.80946000 0.01973700 0.58668200
1403636719.713555574 0.123223 5.360122 -0.547121 0.01225600 -0.81158300 0.01916900 0.58379400
1403636719.763555765 0.143522 5.338615 -0.550856 0.01067000 -0.81302300 0.01849400 0.58184000
1403636719.813555479 0.163393 5.317593 -0.552332 0.00901000 -0.81430000 0.01791000 0.58009800
1403636719.863555431 0.183513 5.297150 -0.551708 0.00741700 -0.81464500 0.01736100 0.57965200
1403636719.913555622 0.203889 5.277121 -0.549952 0.00583600 -0.81502600 0.01695400 0.57914700
1403636719.963555574 0.224128 5.257488 -0.548410 0.00454000 -0.81604700 0.01667100 0.57772800
1403636720.013555527 0.244256 5.238573 -0.547584 0.00381600 -0.81627900 0.01528100 0.57744400
1403636720.063555717 0.263826 5.219973 -0.548326 0.00309900 -0.81663300 0.01535600 0.57694500
1403636720.113555431 0.283033 5.201876 -0.550480 0.00288900 -0.81687800 0.01459300 0.57661900
1403636720.163555384 0.302130 5.184252 -0.554611 0.00259900 -0.81755500 0.01432200 0.57566600
1403636720.213555574 0.320776 5.167042 -0.559920 0.00208800 -0.81762000 0.01500300 0.57555900
1403636720.263555765 0.339078 5.150132 -0.566043 0.00201600 -0.81750500 0.01519500 0.57571700
1403636720.313555479 0.356951 5.133604 -0.573143 0.00161800 -0.81741800 0.01590300 0.57582300
1403636720.363555431 0.374538 5.117572 -0.581109 0.00209000 -0.81740400 0.01591000 0.57584200
1403636720.413555622 0.391951 5.101978 -0.589991 0.00233300 -0.81740700 0.01665500 0.57581500
1403636720.463555574 0.409113 5.086931 -0.598711 0.00240600 -0.81767900 0.01775800 0.57539600
1403636720.513555527 0.426263 5.072554 -0.606003 0.00255700 -0.81792800 0.01850200 0.57501700
1403636720.563555717 0.443096 5.058848 -0.611657 0.00272400 -0.81790200 0.01973100 0.57501200
1403636720.613555431 0.459635 5.045850 -0.615696 0.00393100 -0.81834800 0.01906000 0.57439300
1403636720.663555384 0.475813 5.033350 -0.617666 0.00418600 -0.81831800 0.02038900 0.57438900
1403636720.713555574 0.492443 5.021710 -0.617590 0.00423800 -0.81748000 0.02007700 0.57559100
1403636720.763555765 0.508466 5.010837 -0.615797 0.00264900 -0.81771100 0.01986300 0.57528100
1403636720.813555479 0.523780 5.000943 -0.612973 0.00012700 -0.81792700 0.01766300 0.57505100
1403636720.863555431 0.538503 4.991842 -0.610258 -0.00284100 -0.81812800 0.01378600 0.57486600
1403636720.913555622 0.553156 4.983461 -0.608681 -0.00783100 -0.81816800 0.01002200 0.57484100
1403636720.963555574 0.567335 4.975694 -0.608629 -0.01336800 -0.81751400 0.00612600 0.57572300
1403636721.013555527 0.581371 4.968188 -0.610348 -0.01941000 -0.81657000 0.00363200 0.57691000
1403636721.063555717 0.595136 4.961191 -0.613440 -0.02560200 -0.81533700 0.00032300 0.57842600
1403636721.113555431 0.608840 4.954922 -0.618190 -0.03240700 -0.81455200 -0.00342100 0.57917700
1403636721.163555384 0.622488 4.949484 -0.623634 -0.03936800 -0.81302000 -0.00910800 0.58083600
1403636721.213555574 0.636412 4.944399 -0.628949 -0.04668300 -0.81198700 -0.01377200 0.58164500
1403636721.263555765 0.650621 4.939845 -0.632600 -0.05343600 -0.80998400 -0.01777500 0.58374400
1403636721.313555479 0.664500 4.935886 -0.634636 -0.05890400 -0.80962600 -0.02191800 0.58357300
1403636721.363555431 0.679362 4.932446 -0.634620 -0.06379700 -0.80916600 -0.02611200 0.58352400
1403636721.413555622 0.694539 4.929450 -0.632437 -0.06738800 -0.80841000 -0.03005700 0.58397800
1403636721.463555574 0.710099 4.926526 -0.629231 -0.07096300 -0.80833700 -0.03283700 0.58350500
1403636721.513555527 0.726172 4.924025 -0.625479 -0.07437300 -0.80855100 -0.03703300 0.58253500
1403636721.563555717 0.742434 4.921968 -0.622464 -0.07865700 -0.80871100 -0.04087400 0.58149000
1403636721.613555431 0.758940 4.920089 -0.620798 -0.08242500 -0.80895700 -0.04552800 0.58027800
1403636721.663555384 0.775579 4.918194 -0.620769 -0.08572100 -0.80941000 -0.04919300 0.57887100
1403636721.713555574 0.792244 4.916363 -0.621683 -0.08791500 -0.80875900 -0.05249900 0.57915900
1403636721.763555765 0.809210 4.914427 -0.624210 -0.08915500 -0.80899300 -0.05600600 0.57831300
1403636721.813555479 0.826451 4.912234 -0.628084 -0.09062400 -0.80866900 -0.05742400 0.57839900
1403636721.863555431 0.843652 4.910005 -0.633257 -0.09194400 -0.80816800 -0.05779200 0.57885300
1403636721.913555622 0.860688 4.907538 -0.639364 -0.09234500 -0.80805000 -0.05853800 0.57887900
1403636721.963555574 0.877710 4.905021 -0.645814 -0.09063800 -0.80813800 -0.06102500 0.57877000
1403636722.013555527 0.894727 4.902366 -0.651331 -0.08848000 -0.80837400 -0.06391400 0.57846200
1403636722.063555717 0.911646 4.899323 -0.655068 -0.08626500 -0.80863300 -0.06624800 0.57817100
1403636722.113555431 0.928667 4.895707 -0.656876 -0.08513200 -0.80893300 -0.06619400 0.57792600
1403636722.163555384 0.945941 4.891505 -0.657080 -0.08545600 -0.80919500 -0.06442600 0.57771200
1403636722.213555574 0.963187 4.886836 -0.655254 -0.08550200 -0.80936000 -0.06276300 0.57765600
1403636722.263555765 0.980472 4.881655 -0.652303 -0.08575600 -0.80972400 -0.06078600 0.57732000
1403636722.313555479 0.997590 4.876108 -0.649276 -0.08598600 -0.80949100 -0.05860100 0.57783800
1403636722.363555431 1.014884 4.870471 -0.647494 -0.08625100 -0.80974200 -0.05780700 0.57752700
1403636722.413555622 1.032314 4.865038 -0.647031 -0.08719300 -0.80981800 -0.05873600 0.57718600
1403636722.463555574 1.049886 4.859650 -0.647794 -0.08898400 -0.80930200 -0.06032100 0.57747100
1403636722.513555527 1.067482 4.854142 -0.649806 -0.09134900 -0.80893500 -0.06133200 0.57751100
1403636722.563555717 1.085130 4.848464 -0.652808 -0.09319700 -0.80885800 -0.06274800 0.57717100
1403636722.613555431 1.102446 4.842594 -0.656367 -0.09377000 -0.80887300 -0.06505700 0.57680100
1403636722.663555384 1.119718 4.836563 -0.660561 -0.09480600 -0.80899600 -0.06655900 0.57628800
1403636722.713555574 1.136788 4.830265 -0.664964 -0.09542600 -0.80867200 -0.06811500 0.57645800
1403636722.763555765 1.153685 4.823652 -0.669583 -0.09561900 -0.80891700 -0.06995600 0.57586200
1403636722.813555479 1.170402 4.816787 -0.672960 -0.09570300 -0.80936100 -0.07109300 0.57508500
1403636722.863555431 1.187339 4.809339 -0.673761 -0.09562100 -0.80931500 -0.07236200 0.57500300
1403636722.913555622 1.204203 4.801336 -0.673171 -0.09658800 -0.80936600 -0.07173500 0.57484900
1403636722.963555574 1.221008 4.792869 -0.670879 -0.09736200 -0.80958300 -0.07069500 0.57454200
1403636723.013555527 1.238781 4.783838 -0.667557 -0.09836300 -0.80919300 -0.06900900 0.57512600
1403636723.063555717 1.255158 4.774816 -0.661645 -0.09962200 -0.80852900 -0.06704300 0.57607400
1403636723.113555431 1.271529 4.765731 -0.655754 -0.10014600 -0.80833600 -0.06616300 0.57635600
1403636723.163555384 1.287896 4.756686 -0.650412 -0.10037100 -0.80821900 -0.06608300 0.57649000
1403636723.213555574 1.304260 4.747543 -0.646282 -0.10083900 -0.80825300 -0.06575900 0.57639800
1403636723.263555765 1.320637 4.738349 -0.643348 -0.10026700 -0.80881900 -0.06681600 0.57558100
1403636723.313555479 1.337006 4.729237 -0.641474 -0.09918400 -0.80878600 -0.06910400 0.57554600
1403636723.363555431 1.353442 4.720046 -0.640554 -0.10002300 -0.80866100 -0.07100200 0.57534600
1403636723.413555622 1.370077 4.710921 -0.640634 -0.10142100 -0.80809200 -0.07506100 0.57538500
1403636723.463555574 1.386700 4.701797 -0.640867 -0.10344400 -0.80659500 -0.08035300 0.57641100
1403636723.513555527 1.403415 4.692305 -0.641239 -0.10789800 -0.80366600 -0.08418800 0.57913200
1403636723.563555717 1.419095 4.682411 -0.639773 -0.11337400 -0.79909800 -0.08620700 0.58409000
1403636723.613555431 1.435482 4.671854 -0.636912 -0.11826100 -0.79456400 -0.08808300 0.58901200
1403636723.663555384 1.452911 4.660980 -0.632865 -0.12282300 -0.79319500 -0.08982200 0.58965100
1403636723.713555574 1.470701 4.649431 -0.627947 -0.12647400 -0.79483700 -0.09163600 0.58638200
1403636723.763555765 1.489705 4.637132 -0.622136 -0.13051000 -0.79692800 -0.09311100 0.58241300
1403636723.813555479 1.509133 4.624318 -0.617006 -0.13460900 -0.79915400 -0.09304100 0.57843100
1403636723.863555431 1.528941 4.611355 -0.612468 -0.13786700 -0.80073000 -0.09344600 0.57540700
1403636723.913555622 1.548722 4.598201 -0.609489 -0.14090500 -0.80233900 -0.09353300 0.57240800
1403636723.963555574 1.568447 4.585035 -0.608222 -0.14392400 -0.80439300 -0.09339500 0.56878500
1403636724.013555527 1.588084 4.572198 -0.608298 -0.14685900 -0.80635800 -0.09481900 0.56500400
1403636724.063555717 1.607293 4.559984 -0.609553 -0.15104100 -0.80762800 -0.09686300 0.56173200
1403636724.113555431 1.626333 4.548284 -0.612404 -0.15600700 -0.80886600 -0.10001300 0.55803000
1403636724.163555384 1.644846 4.537158 -0.615801 -0.16106600 -0.80795900 -0.10485900 0.55701600
1403636724.213555574 1.662658 4.526484 -0.620802 -0.16800600 -0.80731100 -0.10853400 0.55519800
1403636724.263555765 1.679592 4.516491 -0.626425 -0.17504500 -0.80575000 -0.11391200 0.55421600
1403636724.313555479 1.695788 4.506829 -0.632429 -0.18181000 -0.80352800 -0.12044600 0.55389000
1403636724.363555431 1.710815 4.497614 -0.638526 -0.18907500 -0.80059500 -0.12662800 0.55431700
1403636724.413555622 1.726105 4.488222 -0.643143 -0.19606600 -0.79707100 -0.13324300 0.55541400
1403636724.463555574 1.740811 4.478724 -0.646294 -0.20241100 -0.79426900 -0.13820200 0.55594100
1403636724.513555527 1.754940 4.469155 -0.647381 -0.20687300 -0.79133900 -0.14374200 0.55707000
1403636724.563555717 1.769170 4.459074 -0.647434 -0.21098700 -0.78878100 -0.14764800 0.55813200
1403636724.613555431 1.782583 4.449142 -0.645859 -0.21463400 -0.78747100 -0.15091400 0.55771700
1403636724.663555384 1.795466 4.438869 -0.641546 -0.21730900 -0.78624500 -0.15336500 0.55774100
1403636724.713555574 1.808030 4.428234 -0.635363 -0.21979100 -0.78558300 -0.15484400 0.55729200
1403636724.763555765 1.820118 4.417381 -0.627004 -0.22174300 -0.78536400 -0.15581600 0.55655600
1403636724.813555479 1.832056 4.406117 -0.616689 -0.22301400 -0.78555400 -0.15624000 0.55566200
1403636724.863555431 1.843587 4.394633 -0.604378 -0.22411700 -0.78587400 -0.15565300 0.55492900
1403636724.913555622 1.854720 4.382835 -0.590274 -0.22527100 -0.78608800 -0.15384600 0.55466200
1403636724.963555574 1.865552 4.370884 -0.574344 -0.22646200 -0.78631100 -0.15134400 0.55454900
1403636725.013555527 1.875926 4.359001 -0.556518 -0.22749400 -0.78620300 -0.14836600 0.55508600
1403636725.063555717 1.886267 4.347278 -0.536524 -0.22815700 -0.78580200 -0.14604600 0.55599600
1403636725.113555431 1.896587 4.335937 -0.514910 -0.22860300 -0.78596100 -0.14391800 0.55614300
1403636725.163555384 1.906570 4.325295 -0.492627 -0.22916600 -0.78644100 -0.14180700 0.55577400
1403636725.213555574 1.916612 4.315239 -0.470569 -0.22824700 -0.78661700 -0.14204500 0.55584200
1403636725.263555765 1.926494 4.305528 -0.449671 -0.22788400 -0.78699800 -0.14116600 0.55567600
1403636725.313555479 1.936431 4.296584 -0.429990 -0.22652100 -0.78767400 -0.14282300 0.55485100
1403636725.363555431 1.946245 4.288179 -0.411732 -0.22563300 -0.78799300 -0.14356700 0.55456700
1403636725.413555622 1.955879 4.280150 -0.394857 -0.22434600 -0.78810900 -0.14510700 0.55452500
1403636725.463555574 1.965262 4.272366 -0.379689 -0.22385100 -0.78820600 -0.14576500 0.55441300
1403636725.513555527 1.974598 4.264908 -0.365983 -0.22288800 -0.78851600 -0.14703400 0.55402500
1403636725.563555717 1.983966 4.257671 -0.354140 -0.22268600 -0.78901300 -0.14780500 0.55319300
1403636725.613555431 1.992975 4.250724 -0.343502 -0.22191300 -0.78910700 -0.14911400 0.55301900
1403636725.663555384 2.001583 4.243853 -0.334447 -0.22171100 -0.78815800 -0.14961400 0.55431700
1403636725.713555574 2.009784 4.237090 -0.327013 -0.22214700 -0.78787300 -0.14936600 0.55461400
1403636725.763555765 2.017646 4.230269 -0.321218 -0.22207600 -0.78816800 -0.14927200 0.55424800
1403636725.813555479 2.025376 4.223553 -0.316822 -0.22174400 -0.78803400 -0.14943200 0.55452900
1403636725.863555431 2.032818 4.216955 -0.314028 -0.22209200 -0.78887600 -0.14837800 0.55347400
1403636725.913555622 2.039826 4.210585 -0.312230 -0.22293900 -0.78858700 -0.14648900 0.55404900
1403636725.963555574 2.046624 4.204401 -0.311759 -0.22296600 -0.78893500 -0.14556200 0.55378700
1403636726.013555527 2.053268 4.198460 -0.312235 -0.22294400 -0.78840000 -0.14481600 0.55475100
1403636726.063555717 2.059615 4.192854 -0.313809 -0.22193600 -0.78841900 -0.14521200 0.55502600
1403636726.113555431 2.065910 4.187481 -0.316580 -0.22083900 -0.78846400 -0.14597300 0.55520000
1403636726.163555384 2.072009 4.182253 -0.320360 -0.21963000 -0.78761600 -0.14670200 0.55668900
1403636726.213555574 2.078159 4.177055 -0.325655 -0.21888600 -0.78734400 -0.14670100 0.55736600
1403636726.263555765 2.084488 4.171750 -0.331403 -0.21774500 -0.78750500 -0.14720400 0.55745300
1403636726.313555479 2.090714 4.166275 -0.336249 -0.21705700 -0.78743100 -0.14678300 0.55793700
1403636726.363555431 2.097184 4.160727 -0.339674 -0.21594400 -0.78697200 -0.14729900 0.55888000
1403636726.413555622 2.102896 4.155280 -0.340552 -0.21508800 -0.78689300 -0.14694900 0.55941300
1403636726.463555574 2.108224 4.149787 -0.339173 -0.21464500 -0.78652800 -0.14603000 0.56033600
1403636726.513555527 2.113317 4.144326 -0.336348 -0.21546800 -0.78602800 -0.14365700 0.56133500
1403636726.563555717 2.118124 4.138911 -0.331587 -0.21857500 -0.78445700 -0.13776200 0.56380800
1403636726.613555431 2.124116 4.133298 -0.325613 -0.22290200 -0.78272600 -0.13031100 0.56628300
1403636726.663555384 2.130166 4.128722 -0.318150 -0.22636400 -0.78023200 -0.12416600 0.56972200
1403636726.713555574 2.137813 4.125109 -0.309294 -0.22661500 -0.78011900 -0.12324400 0.56997500
1403636726.763555765 2.146387 4.122710 -0.298100 -0.22427300 -0.78019900 -0.12627300 0.57012900
1403636726.813555479 2.155217 4.121424 -0.284583 -0.22054000 -0.78106900 -0.13068300 0.56940100
1403636726.863555431 2.165132 4.120231 -0.269211 -0.21548800 -0.78209700 -0.13449200 0.56903700
1403636726.913555622 2.175970 4.119066 -0.252690 -0.21123300 -0.78328500 -0.13694500 0.56841200
1403636726.963555574 2.187563 4.117735 -0.234908 -0.20780000 -0.78424000 -0.13821000 0.56805400
1403636727.013555527 2.198949 4.116705 -0.215753 -0.20566800 -0.78464900 -0.13844900 0.56820800
1403636727.063555717 2.210948 4.115568 -0.195732 -0.20329700 -0.78506600 -0.13965000 0.56819000
1403636727.113555431 2.223160 4.114280 -0.176784 -0.20113400 -0.78590200 -0.14055800 0.56758000
1403636727.163555384 2.235950 4.112721 -0.159184 -0.19878900 -0.78698800 -0.14231400 0.56646200
1403636727.213555574 2.248813 4.110502 -0.143189 -0.19667000 -0.78788300 -0.14408100 0.56551100
1403636727.263555765 2.261520 4.107655 -0.128730 -0.19471500 -0.78871000 -0.14586700 0.56457600
1403636727.313555479 2.274237 4.104057 -0.115700 -0.19286400 -0.78952000 -0.14800500 0.56352300
1403636727.363555431 2.286876 4.099715 -0.103596 -0.19231600 -0.79070900 -0.14833200 0.56195400
1403636727.413555622 2.299176 4.094611 -0.092104 -0.19157200 -0.79100600 -0.14902100 0.56160700
1403636727.463555574 2.311290 4.088829 -0.081261 -0.19085000 -0.79109600 -0.14992800 0.56148500
1403636727.513555527 2.323267 4.082104 -0.070252 -0.19175000 -0.78998900 -0.14852500 0.56310700
1403636727.563555717 2.335049 4.074515 -0.058453 -0.19368200 -0.78872600 -0.14569900 0.56495200
1403636727.613555431 2.347151 4.066214 -0.045365 -0.19418700 -0.78771200 -0.14498000 0.56637600
1403636727.663555384 2.359258 4.057213 -0.031379 -0.19538900 -0.78728300 -0.14314400 0.56702600
1403636727.713555574 2.370896 4.048169 -0.015506 -0.19546800 -0.78822800 -0.14326200 0.56565500
1403636727.763555765 2.382159 4.038718 0.002474 -0.19489900 -0.78874300 -0.14403300 0.56493700
1403636727.813555479 2.393459 4.028506 0.021973 -0.19393200 -0.78932900 -0.14503700 0.56419400
1403636727.863555431 2.405002 4.017683 0.043110 -0.19132300 -0.79044800 -0.14931100 0.56240100
1403636727.913555622 2.416494 4.005833 0.064147 -0.18869200 -0.79098400 -0.15332000 0.56145600
1403636727.963555574 2.427607 3.993046 0.083898 -0.18800600 -0.79116300 -0.15432100 0.56115900
1403636728.013555527 2.438360 3.979201 0.101964 -0.18897900 -0.79117600 -0.15326200 0.56110500
1403636728.063555717 2.448704 3.964497 0.118378 -0.19011600 -0.79107600 -0.15178600 0.56126300
1403636728.113555431 2.458752 3.948818 0.133397 -0.19204900 -0.78974300 -0.14909200 0.56320100
1403636728.163555384 2.468764 3.932685 0.147041 -0.19322000 -0.78881100 -0.14814900 0.56435400
1403636728.213555574 2.478645 3.915845 0.159156 -0.19421400 -0.78794600 -0.14672100 0.56559200
1403636728.263555765 2.488413 3.898604 0.169756 -0.19494300 -0.78740600 -0.14592500 0.56630000
1403636728.313555479 2.498257 3.880706 0.178754 -0.19597700 -0.78730300 -0.14468900 0.56640400
1403636728.363555431 2.508159 3.862311 0.186279 -0.19599600 -0.78751200 -0.14504000 0.56601500
1403636728.413555622 2.517960 3.843216 0.191977 -0.19835700 -0.78729600 -0.14146500 0.56640000
1403636728.463555574 2.527808 3.824032 0.196151 -0.20208700 -0.78612600 -0.13640200 0.56794700
1403636728.513555527 2.538168 3.804887 0.198726 -0.20651900 -0.78532100 -0.13026300 0.56891200
1403636728.563555717 2.549082 3.785953 0.200026 -0.20815500 -0.78522800 -0.12670800 0.56924000
1403636728.613555431 2.560399 3.767551 0.200600 -0.20802000 -0.78498500 -0.12394000 0.57023300
1403636728.663555384 2.572451 3.749643 0.201048 -0.20330600 -0.78659400 -0.12514900 0.56945300
1403636728.713555574 2.584862 3.732029 0.202595 -0.19648600 -0.78811700 -0.12660600 0.56941900
1403636728.763555765 2.597231 3.714483 0.205986 -0.18866100 -0.79009400 -0.12656300 0.56933500
1403636728.813555479 2.609782 3.696882 0.211145 -0.17988800 -0.79231600 -0.12589500 0.56924300
1403636728.863555431 2.622873 3.678683 0.218090 -0.17225000 -0.79394700 -0.12400200 0.56974000
1403636728.913555622 2.636274 3.660450 0.225837 -0.16490000 -0.79469000 -0.12224900 0.57125500
1403636728.963555574 2.649803 3.641969 0.233162 -0.15944900 -0.79523300 -0.11961200 0.57260400
1403636729.013555527 2.663585 3.623084 0.239562 -0.15438100 -0.79541300 -0.11717100 0.57424500
1403636729.063555717 2.677618 3.603946 0.244711 -0.14967800 -0.79530000 -0.11554800 0.57597300
1403636729.113555431 2.691915 3.584530 0.248150 -0.14613200 -0.79535700 -0.11329900 0.57724900
1403636729.163555384 2.706724 3.564863 0.250133 -0.14323200 -0.79601600 -0.11187800 0.57734500
1403636729.213555574 2.721805 3.544715 0.250512 -0.14166000 -0.79758800 -0.10971300 0.57597700
1403636729.263555765 2.736908 3.523981 0.249936 -0.14121000 -0.79829300 -0.10649400 0.57571500
1403636729.313555479 2.752330 3.503112 0.248224 -0.13998800 -0.79869900 -0.10562200 0.57561100
1403636729.363555431 2.768034 3.481634 0.245949 -0.13959800 -0.79873300 -0.10415100 0.57592600
1403636729.413555622 2.784058 3.460072 0.243887 -0.13867600 -0.79843200 -0.10406900 0.57658100
1403636729.463555574 2.800787 3.438048 0.243172 -0.13816700 -0.79838500 -0.10380500 0.57681500
1403636729.513555527 2.818326 3.415436 0.243982 -0.13790600 -0.79843000 -0.10323900 0.57691800
1403636729.563555717 2.836129 3.392675 0.246300 -0.13804600 -0.79874300 -0.10244700 0.57659200
1403636729.613555431 2.853484 3.369864 0.250948 -0.13800000 -0.79927000 -0.10212000 0.57592900
1403636729.663555384 2.871590 3.346803 0.257307 -0.13823300 -0.79956600 -0.10176900 0.57552500
1403636729.713555574 2.889784 3.323591 0.264514 -0.13894100 -0.79929200 -0.10058600 0.57594300
1403636729.763555765 2.907720 3.300474 0.272101 -0.13909600 -0.80041000 -0.10095200 0.57428600
1403636729.813555479 2.925936 3.277128 0.278941 -0.13996400 -0.80152200 -0.10050900 0.57260100
1403636729.863555431 2.944544 3.253824 0.284701 -0.14018300 -0.80311100 -0.10075800 0.57027200
1403636729.913555622 2.963290 3.230291 0.288994 -0.14180900 -0.80388800 -0.09903400 0.56907500
1403636729.963555574 2.981796 3.206836 0.292124 -0.14141500 -0.80499300 -0.09971100 0.56749100
1403636730.013555527 2.999758 3.183311 0.294205 -0.14226500 -0.80578800 -0.09880000 0.56630800
1403636730.063555717 3.017425 3.159658 0.295467 -0.14223800 -0.80629500 -0.09840000 0.56566200
1403636730.113555431 3.034596 3.135990 0.295644 -0.14193000 -0.80672900 -0.09791500 0.56520500
1403636730.163555384 3.051576 3.112372 0.294842 -0.14252300 -0.80651300 -0.09701700 0.56552000
1403636730.213555574 3.068386 3.088951 0.292842 -0.14203100 -0.80728500 -0.09746500 0.56446400
1403636730.263555765 3.084859 3.065645 0.289965 -0.14161600 -0.80737900 -0.09733300 0.56445600
1403636730.313555479 3.101128 3.042561 0.286156 -0.14253900 -0.80690600 -0.09562700 0.56519200
1403636730.363555431 3.117430 3.019622 0.281052 -0.14238100 -0.80722200 -0.09515500 0.56485900
1403636730.413555622 3.133542 2.996900 0.275278 -0.14184200 -0.80805600 -0.09538400 0.56376300
1403636730.463555574 3.148688 2.974572 0.270306 -0.14217200 -0.81011000 -0.09422900 0.56092100
1403636730.513555527 3.164156 2.952379 0.267046 -0.14167500 -0.81240500 -0.09461800 0.55765100
1403636730.563555717 3.178428 2.930507 0.266012 -0.14241400 -0.81467900 -0.09316700 0.55438200
1403636730.613555431 3.191186 2.909305 0.266698 -0.14285500 -0.81626000 -0.09215800 0.55210500
1403636730.663555384 3.202236 2.889006 0.269649 -0.14330300 -0.81706000 -0.09147400 0.55091800
1403636730.713555574 3.211470 2.869404 0.276050 -0.14323900 -0.81763000 -0.09088200 0.55018500
1403636730.763555765 3.218914 2.850454 0.284950 -0.14304400 -0.81833900 -0.09133000 0.54910800
1403636730.813555479 3.225926 2.831779 0.295169 -0.14259100 -0.81863400 -0.09131600 0.54878700
1403636730.863555431 3.232714 2.813708 0.306096 -0.14402200 -0.81880100 -0.08948900 0.54846600
1403636730.913555622 3.238382 2.796055 0.316837 -0.14639600 -0.81877900 -0.08647700 0.54835400
1403636730.963555574 3.243349 2.779226 0.326671 -0.14943100 -0.81748100 -0.08242700 0.55009300
1403636731.013555527 3.247281 2.763209 0.335018 -0.15273200 -0.81606800 -0.07846200 0.55186200
1403636731.063555717 3.250186 2.748270 0.342777 -0.15646400 -0.81216600 -0.07367400 0.55720800
1403636731.113555431 3.252618 2.734910 0.349800 -0.15857000 -0.80791400 -0.07165400 0.56302700
1403636731.163555384 3.254948 2.722945 0.355320 -0.15951700 -0.80463800 -0.07088400 0.56752800
1403636731.213555574 3.257381 2.712570 0.359666 -0.15846500 -0.80258400 -0.07320900 0.57042900
1403636731.263555765 3.260220 2.703595 0.363046 -0.15603200 -0.80107500 -0.07734800 0.57267100
1403636731.313555479 3.263505 2.695798 0.365174 -0.15315300 -0.80054800 -0.08242400 0.57347900
1403636731.363555431 3.267005 2.688607 0.366174 -0.15094500 -0.80062500 -0.08620500 0.57339700
1403636731.413555622 3.270916 2.681937 0.365703 -0.14818100 -0.80173300 -0.09056400 0.57189600
1403636731.463555574 3.274920 2.675496 0.364300 -0.14725900 -0.80154400 -0.09202000 0.57216700
1403636731.513555527 3.279305 2.669164 0.361453 -0.14807300 -0.80192300 -0.09094300 0.57159700
1403636731.563555717 3.283847 2.662928 0.357613 -0.15038700 -0.80180500 -0.08712700 0.57175300
1403636731.613555431 3.288603 2.657265 0.353198 -0.15218700 -0.80132200 -0.08464700 0.57232700
1403636731.663555384 3.293763 2.652250 0.347765 -0.15359100 -0.80113100 -0.08238300 0.57255000
1403636731.713555574 3.299119 2.648336 0.341483 -0.15336200 -0.80104600 -0.08299000 0.57264100
1403636731.763555765 3.304939 2.645128 0.334242 -0.15153700 -0.80159000 -0.08558000 0.57198500
1403636731.813555479 3.311262 2.642484 0.326004 -0.15030000 -0.80176600 -0.08720300 0.57181800
1403636731.863555431 3.317822 2.640324 0.316813 -0.14866600 -0.80218500 -0.08914800 0.57135800
1403636731.913555622 3.324431 2.638412 0.306839 -0.14720000 -0.80224200 -0.09028100 0.57148000
1403636731.963555574 3.331122 2.636672 0.296069 -0.14675300 -0.80185700 -0.09048400 0.57210200
1403636732.013555527 3.337774 2.635150 0.284296 -0.14606800 -0.80183400 -0.09078900 0.57226200
1403636732.063555717 3.344580 2.633923 0.271761 -0.14510300 -0.80108000 -0.09156000 0.57344000
1403636732.113555431 3.351551 2.633018 0.257775 -0.14529400 -0.80096700 -0.09095000 0.57364700
1403636732.163555384 3.358693 2.632218 0.242970 -0.14426300 -0.80103800 -0.09155000 0.57371100
1403636732.213555574 3.366054 2.631905 0.229013 -0.14359100 -0.80020200 -0.09200900 0.57497200
1403636732.263555765 3.373936 2.631746 0.216329 -0.14207000 -0.79997500 -0.09343500 0.57543600
1403636732.313555479 3.382729 2.631193 0.204942 -0.14226500 -0.79939000 -0.09235200 0.57637500
1403636732.363555431 3.392033 2.631045 0.195067 -0.14064200 -0.79999100 -0.09439900 0.57560600
1403636732.413555622 3.401670 2.630737 0.188224 -0.13783500 -0.79951800 -0.09835900 0.57628100
1403636732.463555574 3.411631 2.630244 0.184038 -0.13320200 -0.79880000 -0.10466700 0.57725500
1403636732.513555527 3.422971 2.628701 0.181995 -0.12762800 -0.79789900 -0.11215000 0.57835500
1403636732.563555717 3.434631 2.625898 0.181015 -0.12344000 -0.79668600 -0.11758600 0.57985300
1403636732.613555431 3.446331 2.621475 0.181279 -0.11991000 -0.79531600 -0.12197000 0.58156500
1403636732.663555384 3.458301 2.614960 0.182687 -0.11950100 -0.79387000 -0.12160600 0.58369700
1403636732.713555574 3.470664 2.606428 0.185353 -0.12133300 -0.79251100 -0.11829700 0.58584200
1403636732.763555765 3.483736 2.596062 0.189340 -0.12383200 -0.79204400 -0.11402900 0.58679900
1403636732.813555479 3.496223 2.584008 0.195325 -0.12640300 -0.79116100 -0.10954800 0.58829200
1403636732.863555431 3.509799 2.570972 0.200983 -0.12741100 -0.79092400 -0.10778100 0.58871800
1403636732.913555622 3.524398 2.556686 0.205359 -0.12798400 -0.79145800 -0.10642200 0.58812300
1403636732.963555574 3.539939 2.541254 0.208057 -0.12859100 -0.79266000 -0.10501700 0.58662300
1403636733.013555527 3.556134 2.524989 0.209279 -0.12879500 -0.79436200 -0.10400400 0.58445200
1403636733.063555717 3.572904 2.507957 0.210288 -0.12889100 -0.79600200 -0.10348800 0.58228700
1403636733.113555431 3.590189 2.490265 0.212764 -0.12927800 -0.79830300 -0.10237900 0.57924100
1403636733.163555384 3.608084 2.471989 0.218081 -0.12749300 -0.79865600 -0.10476800 0.57872100
1403636733.213555574 3.626124 2.452886 0.224787 -0.12726300 -0.79950300 -0.10439900 0.57766800
1403636733.263555765 3.644391 2.433004 0.233451 -0.12631100 -0.80007600 -0.10472100 0.57702500
1403636733.313555479 3.663814 2.412101 0.243103 -0.12707100 -0.80031600 -0.10290000 0.57685200
1403636733.363555431 3.684036 2.390639 0.253526 -0.12808800 -0.80147200 -0.10069200 0.57541000
1403636733.413555622 3.703822 2.368867 0.265174 -0.12882000 -0.80288800 -0.09848200 0.57365300
1403636733.463555574 3.723483 2.346800 0.278518 -0.13056600 -0.80369000 -0.09604000 0.57254800
1403636733.513555527 3.742582 2.324635 0.292742 -0.13080900 -0.80491500 -0.09525900 0.57089900
1403636733.563555717 3.761810 2.302239 0.306179 -0.13142700 -0.80571900 -0.09425200 0.56979100
1403636733.613555431 3.781090 2.279806 0.318806 -0.13060800 -0.80664900 -0.09451500 0.56861700
1403636733.663555384 3.800290 2.257248 0.329686 -0.13178900 -0.80719900 -0.09288700 0.56783300
1403636733.713555574 3.819235 2.234769 0.339067 -0.13157700 -0.80792300 -0.09273800 0.56687600
1403636733.763555765 3.837747 2.212396 0.346962 -0.13093000 -0.80821400 -0.09323400 0.56652900
1403636733.813555479 3.855964 2.189955 0.352842 -0.13130900 -0.80933000 -0.09241400 0.56498100
1403636733.863555431 3.874012 2.167479 0.357613 -0.13123700 -0.80987900 -0.09215600 0.56425200
1403636733.913555622 3.891543 2.145086 0.361445 -0.13009300 -0.80939000 -0.09358500 0.56498300
1403636733.963555574 3.908734 2.122732 0.364375 -0.12803700 -0.80844600 -0.09658500 0.56629900
1403636734.013555527 3.925375 2.100183 0.366565 -0.12697300 -0.80670500 -0.09803500 0.56876600
1403636734.063555717 3.941985 2.077383 0.367731 -0.12698200 -0.80523600 -0.09873900 0.57072000
1403636734.113555431 3.958164 2.054295 0.368661 -0.12809100 -0.80384700 -0.09815500 0.57252800
1403636734.163555384 3.974577 2.030785 0.370132 -0.12844600 -0.80337800 -0.09813200 0.57311100
1403636734.213555574 3.990666 2.006903 0.373083 -0.12922500 -0.80310900 -0.09665000 0.57356400
1403636734.263555765 4.007209 1.982578 0.378203 -0.12944300 -0.80267900 -0.09519000 0.57436000
1403636734.313555479 4.024162 1.958038 0.384180 -0.13024300 -0.80326300 -0.09336400 0.57366400
1403636734.363555431 4.040947 1.933607 0.392091 -0.13070500 -0.80405600 -0.09196500 0.57267100
1403636734.413555622 4.057819 1.909081 0.402035 -0.13137300 -0.80487800 -0.09008600 0.57166100
1403636734.463555574 4.074718 1.884709 0.412931 -0.13125600 -0.80603000 -0.08927800 0.57019000
1403636734.513555527 4.091466 1.860506 0.423621 -0.13128600 -0.80696700 -0.08823400 0.56901900
1403636734.563555717 4.108026 1.836449 0.433173 -0.13125400 -0.80831000 -0.08738700 0.56724900
1403636734.613555431 4.124360 1.812543 0.441470 -0.13121700 -0.80948300 -0.08638600 0.56573600
1403636734.663555384 4.140504 1.788949 0.448292 -0.13052200 -0.81067800 -0.08660600 0.56414900
1403636734.713555574 4.156209 1.765571 0.453650 -0.12961200 -0.81128300 -0.08669200 0.56347700
1403636734.763555765 4.171602 1.742553 0.457721 -0.12825200 -0.81127600 -0.08728800 0.56370500
1403636734.813555479 4.186645 1.719665 0.459878 -0.12802800 -0.81192100 -0.08655900 0.56294000
1403636734.863555431 4.201170 1.696954 0.460619 -0.12752000 -0.81205400 -0.08595400 0.56295600
1403636734.913555622 4.215019 1.674519 0.460050 -0.12734000 -0.81221000 -0.08505000 0.56290800
1403636734.963555574 4.228387 1.652466 0.458400 -0.12755100 -0.81229100 -0.08427100 0.56286100
1403636735.013555527 4.241218 1.630755 0.455787 -0.12669800 -0.81231400 -0.08502000 0.56290700
1403636735.063555717 4.253436 1.609202 0.452380 -0.12694700 -0.81193000 -0.08437400 0.56350200
1403636735.113555431 4.265939 1.587790 0.448238 -0.12753900 -0.81180500 -0.08376500 0.56364000
1403636735.163555384 4.278291 1.566783 0.444865 -0.12832100 -0.81177500 -0.08267300 0.56366600
1403636735.213555574 4.289964 1.546279 0.442561 -0.12921300 -0.81220300 -0.08205100 0.56293800
1403636735.263555765 4.300704 1.526216 0.442289 -0.13056300 -0.81270800 -0.08090700 0.56206200
1403636735.313555479 4.310764 1.506702 0.444344 -0.13206800 -0.81329600 -0.08006800 0.56097800
1403636735.363555431 4.319508 1.487919 0.449560 -0.13350000 -0.81369200 -0.07963700 0.56012600
1403636735.413555622 4.327373 1.469880 0.458539 -0.13415900 -0.81265800 -0.08076200 0.56130800
1403636735.463555574 4.335269 1.452311 0.469898 -0.13598500 -0.81170800 -0.08091000 0.56222100
1403636735.513555527 4.342554 1.435510 0.482543 -0.13680400 -0.81096200 -0.08285100 0.56281700
1403636735.563555717 4.349682 1.419470 0.496707 -0.13776600 -0.80992700 -0.08449000 0.56382600
1403636735.613555431 4.356151 1.403975 0.511871 -0.13841800 -0.80912600 -0.08624600 0.56455100
1403636735.663555384 4.362457 1.388959 0.526339 -0.13938600 -0.80871600 -0.08793300 0.56464000
1403636735.713555574 4.368482 1.374099 0.539133 -0.14083200 -0.80895100 -0.08811600 0.56391500
1403636735.763555765 4.374034 1.359778 0.550676 -0.14120200 -0.80914700 -0.08968700 0.56329400
1403636735.813555479 4.379066 1.345766 0.560974 -0.14251200 -0.80876700 -0.08954500 0.56353200
1403636735.863555431 4.383822 1.332274 0.570011 -0.14270700 -0.80832500 -0.09020300 0.56401100
1403636735.913555622 4.388159 1.319178 0.577711 -0.14286000 -0.80801300 -0.09025500 0.56441100
1403636735.963555574 4.392035 1.306654 0.584240 -0.14261800 -0.80791500 -0.09098300 0.56449600
1403636736.013555527 4.395331 1.294102 0.590973 -0.14061100 -0.80771200 -0.09092800 0.56529800
1403636736.063555717 4.398170 1.281606 0.598694 -0.13743300 -0.80780900 -0.08979100 0.56612200
1403636736.113555431 4.400763 1.269019 0.608413 -0.13388100 -0.80714200 -0.08675100 0.56839500
1403636736.163555384 4.403245 1.256364 0.619787 -0.12863000 -0.80680700 -0.08360000 0.57055300
1403636736.213555574 4.406002 1.243736 0.633135 -0.12334000 -0.80650100 -0.07970800 0.57270600
1403636736.263555765 4.408775 1.231227 0.647078 -0.11803200 -0.80679500 -0.07634800 0.57387100
1403636736.313555479 4.411614 1.219134 0.660784 -0.11290200 -0.80720700 -0.07378100 0.57465400
1403636736.363555431 4.414525 1.207125 0.673055 -0.10818400 -0.80770200 -0.07183200 0.57511200
1403636736.413555622 4.417579 1.195177 0.683788 -0.10428100 -0.80826600 -0.06992000 0.57527800
1403636736.463555574 4.420546 1.183472 0.693324 -0.09910200 -0.80874400 -0.07097600 0.57539200
1403636736.513555527 4.423315 1.171621 0.700985 -0.09387300 -0.80887600 -0.07306900 0.57582100
1403636736.563555717 4.426189 1.159486 0.706787 -0.08932200 -0.80905400 -0.07492600 0.57605800
1403636736.613555431 4.429195 1.147065 0.711288 -0.08571600 -0.80920000 -0.07661500 0.57617500
1403636736.663555384 4.432555 1.133700 0.714619 -0.08376800 -0.80894700 -0.07666200 0.57681100
1403636736.713555574 4.435846 1.119662 0.717095 -0.08202000 -0.80875500 -0.07697600 0.57729000
1403636736.763555765 4.439266 1.104796 0.718144 -0.08092900 -0.80934600 -0.07684700 0.57663100
1403636736.813555479 4.442783 1.088954 0.718734 -0.07946700 -0.80892500 -0.07703000 0.57740100
1403636736.863555431 4.446433 1.072339 0.718365 -0.07957900 -0.80875200 -0.07518200 0.57787100
1403636736.913555622 4.450373 1.054892 0.717255 -0.07838600 -0.80949100 -0.07507000 0.57701300
1403636736.963555574 4.454162 1.036524 0.715430 -0.07885400 -0.80950000 -0.07254300 0.57726100
1403636737.013555527 4.458105 1.017220 0.712866 -0.08011800 -0.80960500 -0.06864500 0.57741800
1403636737.063555717 4.461942 0.997479 0.709874 -0.08087100 -0.80930900 -0.06508900 0.57813800
1403636737.113555431 4.465933 0.977243 0.706310 -0.08219700 -0.80869000 -0.06062700 0.57930100
1403636737.163555384 4.470094 0.957016 0.701886 -0.08178000 -0.80889300 -0.05868100 0.57927600
1403636737.213555574 4.474484 0.936620 0.696614 -0.08144000 -0.80900500 -0.05668800 0.57936600
1403636737.263555765 4.479303 0.916084 0.690262 -0.08193900 -0.80935900 -0.05357600 0.57909700
1403636737.313555479 4.484205 0.895702 0.683573 -0.08071000 -0.81078100 -0.05309400 0.57732300
1403636737.363555431 4.488769 0.875483 0.678111 -0.08056400 -0.81189500 -0.05110400 0.57595500
1403636737.413555622 4.494489 0.855255 0.674315 -0.07951500 -0.81330800 -0.05026700 0.57417900
1403636737.463555574 4.500187 0.835273 0.672464 -0.07879100 -0.81477300 -0.04921100 0.57228900
1403636737.513555527 4.505191 0.815660 0.673047 -0.07747600 -0.81597400 -0.04934700 0.57074400
1403636737.563555717 4.509836 0.796339 0.674856 -0.07797500 -0.81647400 -0.04736000 0.57013000
1403636737.613555431 4.513873 0.777372 0.678319 -0.07896200 -0.81700100 -0.04502800 0.56942700
1403636737.663555384 4.518281 0.758690 0.682699 -0.08076600 -0.81757700 -0.04143300 0.56862000
1403636737.713555574 4.522872 0.740636 0.688271 -0.08265600 -0.81825800 -0.03850100 0.56757500
1403636737.763555765 4.526573 0.723411 0.695685 -0.08401900 -0.81843200 -0.03624800 0.56727000
1403636737.813555479 4.529667 0.707155 0.704540 -0.08578300 -0.81860700 -0.03402900 0.56689100
1403636737.863555431 4.532601 0.691881 0.715919 -0.08692200 -0.81853600 -0.03290000 0.56688700
1403636737.913555622 4.535116 0.677766 0.728989 -0.08735800 -0.81853700 -0.03259600 0.56683600
1403636737.963555574 4.537024 0.665007 0.744294 -0.08797200 -0.81827800 -0.03234900 0.56713000
1403636738.013555527 4.538467 0.653526 0.761691 -0.08837900 -0.81798600 -0.03306300 0.56744600
1403636738.063555717 4.540112 0.643165 0.780302 -0.08853500 -0.81815900 -0.03420100 0.56710500
1403636738.113555431 4.541244 0.634102 0.799247 -0.08705000 -0.81757600 -0.03743700 0.56797000
1403636738.163555384 4.542006 0.625599 0.817078 -0.08691700 -0.81687400 -0.03898800 0.56889600
1403636738.213555574 4.542739 0.617922 0.833435 -0.08652200 -0.81623900 -0.04107500 0.56972000
1403636738.263555765 4.543412 0.610838 0.847858 -0.08712800 -0.81607900 -0.04181700 0.56980300
1403636738.313555479 4.543764 0.604203 0.860630 -0.08727500 -0.81612400 -0.04289600 0.56963600
1403636738.363555431 4.543785 0.598092 0.871912 -0.08825500 -0.81618100 -0.04340100 0.56936500
1403636738.413555622 4.543356 0.592466 0.881699 -0.08891400 -0.81630400 -0.04382700 0.56905400
1403636738.463555574 4.542774 0.587664 0.889954 -0.09017600 -0.81640200 -0.04534600 0.56859500
1403636738.513555527 4.541934 0.583822 0.896678 -0.09347700 -0.81666000 -0.04698500 0.56755800
1403636738.563555717 4.540880 0.580888 0.901470 -0.09804900 -0.81711600 -0.04951500 0.56591500
1403636738.613555431 4.539386 0.578784 0.904501 -0.10426000 -0.81735800 -0.05202900 0.56422600
1403636738.663555384 4.537495 0.577655 0.906179 -0.11127200 -0.81666400 -0.05617400 0.56349500
1403636738.713555574 4.535397 0.577483 0.906339 -0.11975100 -0.81518000 -0.06040700 0.56346800
1403636738.763555765 4.533354 0.578005 0.905036 -0.12883400 -0.81221800 -0.06568100 0.56515100
1403636738.813555479 4.531508 0.579252 0.902214 -0.13924400 -0.80904700 -0.07075500 0.56662900
1403636738.863555431 4.529718 0.581657 0.898015 -0.15040500 -0.80520300 -0.07573800 0.56859200
1403636738.913555622 4.528440 0.584953 0.892053 -0.16182700 -0.80208300 -0.08154300 0.56906300
1403636738.963555574 4.527471 0.589160 0.884608 -0.17438400 -0.79880500 -0.08647100 0.56925400
1403636739.013555527 4.526865 0.594439 0.875683 -0.18752000 -0.79512600 -0.09160500 0.56940900
1403636739.063555717 4.526825 0.601087 0.865361 -0.20070900 -0.79189100 -0.09744000 0.56845300
1403636739.113555431 4.527320 0.609155 0.854255 -0.21197600 -0.78885100 -0.10654300 0.56695500
1403636739.163555384 4.528569 0.618226 0.841775 -0.22174300 -0.78670400 -0.11761200 0.56400900
1403636739.213555574 4.530466 0.628305 0.828573 -0.23167600 -0.78358000 -0.12891900 0.56188800
1403636739.263555765 4.533136 0.639178 0.814434 -0.24091600 -0.78095500 -0.14124600 0.55868500
1403636739.313555479 4.536261 0.650466 0.799708 -0.24952200 -0.77800500 -0.15394700 0.55568300
1403636739.363555431 4.539709 0.661998 0.785091 -0.25762300 -0.77526700 -0.16701700 0.55200300
1403636739.413555622 4.543758 0.673345 0.771802 -0.26630800 -0.77245600 -0.17785400 0.54842400
1403636739.463555574 4.547997 0.684595 0.760338 -0.27523900 -0.76924600 -0.18787000 0.54517700
1403636739.513555527 4.552115 0.695423 0.750939 -0.28533800 -0.76590300 -0.19519700 0.54210900
1403636739.563555717 4.555967 0.705934 0.744380 -0.29506600 -0.76162700 -0.20035300 0.54104100
1403636739.613555431 4.559655 0.716024 0.739358 -0.30359100 -0.75825800 -0.20390200 0.53972700
1403636739.663555384 4.563243 0.725999 0.736142 -0.30975400 -0.75646200 -0.20809500 0.53713900
1403636739.713555574 4.566671 0.735668 0.733959 -0.31452600 -0.75412000 -0.21119000 0.53644800
1403636739.763555765 4.569611 0.745239 0.731101 -0.31992400 -0.75204900 -0.21125300 0.53613800
1403636739.813555479 4.572633 0.754706 0.726894 -0.32336900 -0.75054700 -0.21188000 0.53592800
1403636739.863555431 4.575512 0.764388 0.721423 -0.32584600 -0.74981000 -0.21254200 0.53519700
1403636739.913555622 4.578374 0.774440 0.714957 -0.32701500 -0.74936900 -0.21327600 0.53480900
1403636739.963555574 4.581389 0.784726 0.707085 -0.32730300 -0.74911200 -0.21423500 0.53460900
1403636740.013555527 4.584652 0.794963 0.698225 -0.32698900 -0.74965400 -0.21500200 0.53373300
1403636740.063555717 4.587966 0.805292 0.688320 -0.32568700 -0.75043700 -0.21603800 0.53301100
1403636740.113555431 4.591565 0.815320 0.677493 -0.32329700 -0.75099700 -0.21826300 0.53277100
1403636740.163555384 4.595410 0.825592 0.665726 -0.32037500 -0.75214200 -0.22092900 0.53182300
1403636740.213555574 4.599228 0.835532 0.653017 -0.31688200 -0.75294900 -0.22380000 0.53157200
1403636740.263555765 4.602879 0.845005 0.639418 -0.31405500 -0.75395100 -0.22582300 0.53097200
1403636740.313555479 4.606271 0.853848 0.625309 -0.31331400 -0.75321500 -0.22492600 0.53283300
1403636740.363555431 4.609306 0.862052 0.609764 -0.31310500 -0.75292400 -0.22249200 0.53438600
1403636740.413555622 4.612090 0.869849 0.592969 -0.31412000 -0.75212200 -0.21921100 0.53627300
1403636740.463555574 4.614880 0.877277 0.574757 -0.31468500 -0.75230800 -0.21647700 0.53679100
1403636740.513555527 4.617812 0.884471 0.556807 -0.31469600 -0.75103100 -0.21421700 0.53947300
1403636740.563555717 4.621116 0.891394 0.539785 -0.31384400 -0.75102400 -0.21359200 0.54022500
1403636740.613555431 4.624576 0.898137 0.524353 -0.31290900 -0.75116900 -0.21278600 0.54088300
1403636740.663555384 4.628153 0.904756 0.510407 -0.31338400 -0.75175500 -0.21048500 0.54069600
1403636740.713555574 4.632161 0.911270 0.498101 -0.31381900 -0.75299000 -0.20845900 0.53950800
1403636740.763555765 4.636604 0.917961 0.486960 -0.31299100 -0.75492500 -0.20786300 0.53751100
1403636740.813555479 4.641368 0.924746 0.476051 -0.31271200 -0.75539100 -0.20680200 0.53742800
1403636740.863555431 4.646254 0.931514 0.464269 -0.31215000 -0.75508800 -0.20647200 0.53830600
1403636740.913555622 4.651494 0.938440 0.451128 -0.30958100 -0.75518600 -0.20882300 0.53874700
1403636740.963555574 4.656922 0.945363 0.436710 -0.30624600 -0.75511100 -0.21287200 0.53917400
1403636741.013555527 4.662485 0.951879 0.420734 -0.30156200 -0.75610200 -0.21882200 0.53804200
1403636741.063555717 4.668203 0.957970 0.403076 -0.29804400 -0.75612200 -0.22522900 0.53733600
1403636741.113555431 4.673668 0.963355 0.383387 -0.29810400 -0.75492400 -0.22862400 0.53754500
1403636741.163555384 4.679563 0.967695 0.361880 -0.30097900 -0.75265200 -0.23076000 0.53821600
1403636741.213555574 4.685332 0.971044 0.338683 -0.30620600 -0.74976600 -0.23046100 0.53942400
1403636741.263555765 4.690877 0.973265 0.313931 -0.31234200 -0.74715000 -0.22823400 0.54048200
1403636741.313555479 4.696557 0.974417 0.288017 -0.31754200 -0.74573300 -0.22573700 0.54045800
1403636741.363555431 4.702744 0.974752 0.261907 -0.32335300 -0.74609600 -0.22244300 0.53787100
1403636741.413555622 4.709108 0.974725 0.237337 -0.32779800 -0.74681800 -0.22069000 0.53489100
1403636741.463555574 4.715487 0.974527 0.214386 -0.33123900 -0.74822100 -0.21957900 0.53125600
1403636741.513555527 4.721867 0.974639 0.192813 -0.33454400 -0.75145100 -0.21800000 0.52524200
1403636741.563555717 4.728032 0.975024 0.173235 -0.33894800 -0.75221500 -0.21402000 0.52296200
1403636741.613555431 4.734519 0.975929 0.155680 -0.33894000 -0.75448800 -0.21577000 0.51895200
1403636741.663555384 4.740570 0.977537 0.139942 -0.33951100 -0.75535000 -0.21579700 0.51731000
1403636741.713555574 4.746105 0.980085 0.126502 -0.33908000 -0.75522900 -0.21676300 0.51736700
1403636741.763555765 4.750766 0.983770 0.115195 -0.33750700 -0.75436100 -0.21861300 0.51888200
1403636741.813555479 4.755028 0.988141 0.104687 -0.33531400 -0.75367600 -0.22068700 0.52041900
1403636741.863555431 4.759219 0.992763 0.093588 -0.33228800 -0.75303200 -0.22347000 0.52210100
1403636741.913555622 4.763193 0.997536 0.080637 -0.32912300 -0.75326700 -0.22604600 0.52265800
1403636741.963555574 4.766721 1.002404 0.066087 -0.32481300 -0.75399400 -0.22965300 0.52273400
1403636742.013555527 4.769654 1.007196 0.049755 -0.32151600 -0.75591500 -0.23196800 0.52097200
1403636742.063555717 4.771885 1.011647 0.032936 -0.31986200 -0.75824300 -0.23139500 0.51885700
1403636742.113555431 4.773182 1.015776 0.016737 -0.32021500 -0.76122200 -0.22803800 0.51575600
1403636742.163555384 4.773477 1.019771 0.002281 -0.32146500 -0.76289200 -0.22383300 0.51435100
1403636742.213555574 4.772654 1.024150 -0.010554 -0.32197600 -0.76368300 -0.22064000 0.51423600
1403636742.263555765 4.770837 1.028942 -0.021111 -0.32335300 -0.76366900 -0.21616000 0.51529400
1403636742.313555479 4.768734 1.033866 -0.029762 -0.32244100 -0.76273500 -0.21446400 0.51795000
1403636742.363555431 4.766499 1.038778 -0.036934 -0.32203200 -0.76057200 -0.21354200 0.52175300
1403636742.413555622 4.763361 1.044513 -0.041627 -0.32033700 -0.75860700 -0.21354800 0.52564000
1403636742.463555574 4.760081 1.050679 -0.044618 -0.31947600 -0.75727200 -0.21320700 0.52822100
1403636742.513555527 4.756750 1.056962 -0.046929 -0.31821600 -0.75650500 -0.21329700 0.53004100
1403636742.563555717 4.752702 1.063998 -0.048734 -0.31737600 -0.75621900 -0.21286500 0.53112500
1403636742.613555431 4.748622 1.071173 -0.049367 -0.31608900 -0.75537900 -0.21345300 0.53284900
1403636742.663555384 4.744635 1.078378 -0.051208 -0.31509400 -0.75406800 -0.21399600 0.53507300
1403636742.713555574 4.740652 1.085461 -0.055149 -0.31401200 -0.75289400 -0.21393000 0.53738400
1403636742.763555765 4.736711 1.092446 -0.061579 -0.31289600 -0.75203500 -0.21409600 0.53916900
1403636742.813555479 4.733169 1.099161 -0.069837 -0.31226000 -0.75141400 -0.21415800 0.54037700
1403636742.863555431 4.729995 1.105423 -0.079984 -0.31190800 -0.75082200 -0.21320800 0.54177700
1403636742.913555622 4.727595 1.111168 -0.092105 -0.31177700 -0.75057600 -0.21238000 0.54251800
1403636742.963555574 4.725979 1.116627 -0.106165 -0.31279200 -0.75021300 -0.21235200 0.54244600
1403636743.013555527 4.724610 1.122151 -0.122497 -0.31476500 -0.75077400 -0.21306500 0.54024500
1403636743.063555717 4.723792 1.127623 -0.140848 -0.31890700 -0.75264900 -0.21249400 0.53541500
1403636743.113555431 4.723233 1.133140 -0.159748 -0.32435400 -0.75595200 -0.21073600 0.52813500
1403636743.163555384 4.722482 1.139186 -0.178186 -0.32978500 -0.76071300 -0.20828200 0.51882800
1403636743.213555574 4.721198 1.146246 -0.195288 -0.33371200 -0.76409600 -0.20703900 0.51179300
1403636743.263555765 4.719351 1.154417 -0.211367 -0.33670500 -0.76799600 -0.20694400 0.50397300
1403636743.313555479 4.716309 1.163773 -0.224482 -0.33971300 -0.76889900 -0.20589300 0.50099700
1403636743.363555431 4.712048 1.174784 -0.235471 -0.34221900 -0.76905900 -0.20474700 0.49951300
1403636743.413555622 4.706248 1.187919 -0.243944 -0.34375600 -0.76840000 -0.20465900 0.49950900
1403636743.463555574 4.698708 1.203037 -0.250646 -0.34374300 -0.76618600 -0.20616100 0.50229400
1403636743.513555527 4.690664 1.219444 -0.257825 -0.34333200 -0.76414400 -0.20811200 0.50487300
1403636743.563555717 4.681999 1.236958 -0.266022 -0.34238400 -0.76138100 -0.21047600 0.50870000
1403636743.613555431 4.672291 1.255806 -0.275796 -0.33980400 -0.75924600 -0.21427900 0.51202000
1403636743.663555384 4.661984 1.275465 -0.287497 -0.33785700 -0.75780300 -0.21718800 0.51421500
1403636743.713555574 4.651207 1.295815 -0.300586 -0.33574000 -0.75547400 -0.22072300 0.51751400
1403636743.763555765 4.639994 1.316813 -0.315042 -0.33482700 -0.75236500 -0.22501600 0.52077500
1403636743.813555479 4.628662 1.337776 -0.331262 -0.33670200 -0.74966900 -0.22743100 0.52240500
1403636743.863555431 4.617093 1.358618 -0.348789 -0.34019300 -0.74608000 -0.22802000 0.52501600
1403636743.913555622 4.605363 1.379391 -0.367261 -0.34094600 -0.74363000 -0.23193000 0.52628800
1403636743.963555574 4.593564 1.400134 -0.387321 -0.34166800 -0.74139900 -0.23494800 0.52762700
1403636744.013555527 4.581395 1.420852 -0.408977 -0.34323500 -0.73977100 -0.23625300 0.52831100
1403636744.063555717 4.569150 1.441503 -0.431651 -0.34431800 -0.73823000 -0.24030800 0.52793500
1403636744.113555431 4.556889 1.461883 -0.456216 -0.34727600 -0.73639500 -0.24305500 0.52730400
1403636744.163555384 4.544776 1.481545 -0.481246 -0.35039700 -0.73421000 -0.24568800 0.52706300
1403636744.213555574 4.533125 1.499915 -0.508180 -0.35385900 -0.73172100 -0.24667400 0.52775100
1403636744.263555765 4.521609 1.517663 -0.536248 -0.35731200 -0.72887700 -0.24683000 0.52928700
1403636744.313555479 4.510436 1.534597 -0.565747 -0.35998200 -0.72739700 -0.24724900 0.52931600
1403636744.363555431 4.499308 1.551253 -0.596856 -0.36327700 -0.72578500 -0.24601600 0.52985200
1403636744.413555622 4.488548 1.567409 -0.629313 -0.36599300 -0.72433800 -0.24404500 0.53087300
1403636744.463555574 4.478218 1.583168 -0.662840 -0.36873300 -0.72289100 -0.24154500 0.53209100
1403636744.513555527 4.468456 1.598560 -0.697577 -0.37173500 -0.72117300 -0.23706300 0.53434500
1403636744.563555717 4.459544 1.614479 -0.733283 -0.37197400 -0.71988200 -0.23632700 0.53624300
1403636744.613555431 4.451247 1.630342 -0.770499 -0.37300300 -0.71845800 -0.23406900 0.53842300
1403636744.663555384 4.444243 1.646517 -0.808401 -0.37269400 -0.71749100 -0.23382700 0.54002900
1403636744.713555574 4.438738 1.662824 -0.847344 -0.37059500 -0.71712200 -0.23642600 0.54083100
1403636744.763555765 4.434750 1.678881 -0.886516 -0.36746600 -0.71809300 -0.24094200 0.53968500
1403636744.813555479 4.432069 1.694445 -0.924485 -0.36536300 -0.71936100 -0.24407300 0.53801300
1403636744.863555431 4.430769 1.709053 -0.960760 -0.36365200 -0.72136900 -0.24638800 0.53542300
1403636744.913555622 4.430477 1.722947 -0.995348 -0.36248900 -0.72449400 -0.24779600 0.53132800
1403636744.963555574 4.430725 1.736070 -1.027349 -0.36182700 -0.72667600 -0.24741700 0.52897000
1403636745.013555527 4.431202 1.748992 -1.057033 -0.36201100 -0.72949800 -0.24557600 0.52580900
1403636745.063555717 4.431275 1.762262 -1.084301 -0.36134200 -0.73221600 -0.24419600 0.52312800
1403636745.113555431 4.431251 1.775372 -1.109914 -0.36121500 -0.73539600 -0.24147200 0.52000900
1403636745.163555384 4.431166 1.788437 -1.133526 -0.36157200 -0.73649500 -0.23793300 0.51983500
1403636745.213555574 4.430645 1.802274 -1.155692 -0.35922500 -0.73807700 -0.23760300 0.51937000
1403636745.263555765 4.429742 1.816527 -1.177187 -0.35733600 -0.73959200 -0.23630200 0.51911100
1403636745.313555479 4.428535 1.831082 -1.197570 -0.35465100 -0.74033000 -0.23618500 0.51995500
1403636745.363555431 4.426620 1.846312 -1.214723 -0.35094000 -0.73924600 -0.23726800 0.52350900
1403636745.413555622 4.425112 1.861340 -1.228763 -0.34787700 -0.73738300 -0.23877300 0.52748100
1403636745.463555574 4.423853 1.875909 -1.240276 -0.34513800 -0.73594100 -0.24099000 0.53027900
1403636745.513555527 4.422421 1.890125 -1.250100 -0.34469500 -0.73415500 -0.24145900 0.53282200
1403636745.563555717 4.421255 1.903721 -1.258463 -0.34496900 -0.73302300 -0.24214200 0.53389300
1403636745.613555431 4.420417 1.916640 -1.265323 -0.34606500 -0.73171300 -0.24338500 0.53441500
1403636745.663555384 4.419940 1.928666 -1.270465 -0.34752400 -0.73056800 -0.24500300 0.53429500
1403636745.713555574 4.419214 1.940235 -1.273139 -0.34879400 -0.72950300 -0.24735400 0.53383900
1403636745.763555765 4.418599 1.951234 -1.274313 -0.35013100 -0.72890700 -0.25052200 0.53229800
1403636745.813555479 4.417986 1.961409 -1.274096 -0.35200500 -0.72877200 -0.25281400 0.53016000
1403636745.863555431 4.417069 1.971137 -1.271741 -0.35334300 -0.72836700 -0.25637400 0.52811400
1403636745.913555622 4.416087 1.979908 -1.268208 -0.35510400 -0.72736300 -0.25971100 0.52668200
1403636745.963555574 4.415033 1.987563 -1.263146 -0.35581000 -0.72714500 -0.26435300 0.52419300
1403636746.013555527 4.413057 1.994455 -1.256088 -0.35695100 -0.72684400 -0.26799100 0.52198200
1403636746.063555717 4.410973 1.999838 -1.247466 -0.35790500 -0.72662800 -0.27140700 0.51986100
1403636746.113555431 4.408244 2.004082 -1.237184 -0.35868700 -0.72703600 -0.27467700 0.51702700
1403636746.163555384 4.404865 2.006868 -1.225140 -0.35954000 -0.72607200 -0.27689300 0.51660600
1403636746.213555574 4.401021 2.007807 -1.211141 -0.35983100 -0.72462200 -0.27903100 0.51728700
1403636746.263555765 4.396174 2.007694 -1.195709 -0.36009500 -0.72151200 -0.28104100 0.52035700
1403636746.313555479 4.390421 2.006432 -1.180004 -0.35851100 -0.71656300 -0.28464800 0.52629500
1403636746.363555431 4.384320 2.003127 -1.166287 -0.35833300 -0.71267700 -0.28577700 0.53105700
1403636746.413555622 4.377875 1.998025 -1.154709 -0.35804800 -0.71081300 -0.28661500 0.53329000
1403636746.463555574 4.371247 1.990980 -1.146337 -0.36025400 -0.71148500 -0.28335900 0.53265000
1403636746.513555527 4.364756 1.982101 -1.140403 -0.36262400 -0.71408200 -0.27928100 0.52971600
1403636746.563555717 4.358055 1.971757 -1.136797 -0.36621000 -0.71859600 -0.27265200 0.52457200
1403636746.613555431 4.351243 1.960572 -1.135558 -0.36987600 -0.72445700 -0.26542900 0.51759800
1403636746.663555384 4.343978 1.948975 -1.135530 -0.37397300 -0.73020500 -0.25676800 0.51090300
1403636746.713555574 4.336054 1.937450 -1.136533 -0.37863600 -0.73490100 -0.24723600 0.50540700
1403636746.763555765 4.327635 1.926511 -1.138234 -0.38213500 -0.73756600 -0.23934500 0.50267800
1403636746.813555479 4.318556 1.917358 -1.139833 -0.38436900 -0.73800200 -0.23346000 0.50310800
1403636746.863555431 4.309426 1.909282 -1.141891 -0.38575600 -0.73763000 -0.22920300 0.50454000
1403636746.913555622 4.300197 1.902881 -1.143756 -0.38561400 -0.73693600 -0.22710400 0.50660700
1403636746.963555574 4.291460 1.897888 -1.145100 -0.38411900 -0.73679200 -0.22714300 0.50793400
1403636747.013555527 4.282803 1.894714 -1.144247 -0.38265300 -0.73596800 -0.22760900 0.51002200
1403636747.063555717 4.274337 1.893263 -1.140133 -0.37806700 -0.73561600 -0.23284000 0.51158800
1403636747.113555431 4.265945 1.892877 -1.133579 -0.37355300 -0.73504000 -0.23896400 0.51290600
1403636747.163555384 4.256922 1.893707 -1.125525 -0.37052400 -0.73352600 -0.24323800 0.51525500
1403636747.213555574 4.247187 1.895844 -1.115561 -0.36654100 -0.73305400 -0.24912500 0.51596300
1403636747.263555765 4.236820 1.898505 -1.103308 -0.36410500 -0.73225100 -0.25320500 0.51684000
1403636747.313555479 4.226193 1.900754 -1.088874 -0.36271700 -0.73219500 -0.25599700 0.51652200
1403636747.363555431 4.215755 1.902102 -1.073915 -0.36234900 -0.73170600 -0.25745800 0.51674500
1403636747.413555622 4.204442 1.903503 -1.059145 -0.36242500 -0.73103800 -0.25893800 0.51689800
1403636747.463555574 4.193061 1.904357 -1.046529 -0.36281500 -0.73064200 -0.26035300 0.51647300
1403636747.513555527 4.181171 1.904818 -1.035685 -0.36477200 -0.73054100 -0.25980400 0.51551200
1403636747.563555717 4.168703 1.904933 -1.025991 -0.36600200 -0.73078800 -0.25962300 0.51438000
1403636747.613555431 4.155798 1.904745 -1.017287 -0.36786100 -0.73054200 -0.25896600 0.51373400
1403636747.663555384 4.142518 1.904234 -1.007360 -0.36894500 -0.73052200 -0.25927400 0.51283000
1403636747.713555574 4.129025 1.903179 -0.996006 -0.37026900 -0.73001300 -0.25960200 0.51243300
1403636747.763555765 4.115204 1.901922 -0.982821 -0.37137600 -0.72998400 -0.26023100 0.51135400
1403636747.813555479 4.100538 1.900792 -0.967286 -0.37262400 -0.72953800 -0.26038800 0.51100300
1403636747.863555431 4.084997 1.899910 -0.949378 -0.37418300 -0.72824100 -0.26018700 0.51181600
1403636747.913555622 4.068844 1.898916 -0.929893 -0.37882800 -0.72565200 -0.25559500 0.51438600
1403636747.963555574 4.052325 1.898167 -0.909496 -0.38363800 -0.72143900 -0.25072800 0.51912100
1403636748.013555527 4.036158 1.897736 -0.890051 -0.38852700 -0.71838200 -0.24554300 0.52220200
1403636748.063555717 4.021107 1.897685 -0.872306 -0.39234600 -0.71607400 -0.24207900 0.52412000
1403636748.113555431 4.006918 1.898211 -0.856212 -0.39432800 -0.71530500 -0.24069300 0.52432000
1403636748.163555384 3.993529 1.899327 -0.841836 -0.39697700 -0.71447400 -0.23843200 0.52448700
1403636748.213555574 3.981299 1.901191 -0.829008 -0.39687600 -0.71506000 -0.23992500 0.52308300
1403636748.263555765 3.970117 1.903919 -0.817830 -0.39409000 -0.71720200 -0.24433800 0.52020800
1403636748.313555479 3.959681 1.907619 -0.808081 -0.39037000 -0.71949600 -0.25023000 0.51704000
1403636748.363555431 3.949518 1.911978 -0.799229 -0.38594000 -0.72195000 -0.25656400 0.51382500
1403636748.413555622 3.939165 1.916798 -0.790749 -0.38174800 -0.72387900 -0.26188700 0.51155200
1403636748.463555574 3.928530 1.921609 -0.781505 -0.37989800 -0.72419200 -0.26429100 0.51124800
1403636748.513555527 3.917681 1.926062 -0.770809 -0.37765300 -0.72457000 -0.26691100 0.51101500
1403636748.563555717 3.906621 1.929981 -0.759046 -0.37756300 -0.72439600 -0.26720500 0.51117300
1403636748.613555431 3.895318 1.933610 -0.745703 -0.37960300 -0.72275900 -0.26456300 0.51335000
1403636748.663555384 3.884026 1.937148 -0.731116 -0.38165300 -0.72116800 -0.26200100 0.51537700
1403636748.713555574 3.872749 1.940809 -0.716081 -0.38464800 -0.71910600 -0.25837900 0.51785500
1403636748.763555765 3.862022 1.944366 -0.701945 -0.38743900 -0.71745400 -0.25509400 0.51969400
1403636748.813555479 3.851633 1.948212 -0.689082 -0.39002900 -0.71609200 -0.25255800 0.52086900
1403636748.863555431 3.841745 1.952389 -0.677429 -0.39184200 -0.71475600 -0.25151800 0.52184500
1403636748.913555622 3.832468 1.956934 -0.667077 -0.39409700 -0.71316400 -0.25059600 0.52276900
1403636748.963555574 3.824147 1.962017 -0.657712 -0.39580600 -0.71202000 -0.25086300 0.52290700
1403636749.013555527 3.816689 1.967551 -0.649208 -0.39743400 -0.71086800 -0.25119200 0.52308400
1403636749.063555717 3.809982 1.973380 -0.641490 -0.40012100 -0.70916800 -0.24951800 0.52414200
1403636749.113555431 3.804324 1.979647 -0.634265 -0.40302200 -0.70702400 -0.24727900 0.52587600
1403636749.163555384 3.799870 1.986537 -0.627687 -0.40445200 -0.70581400 -0.24690800 0.52657600
1403636749.213555574 3.796808 1.994123 -0.620491 -0.40443100 -0.70571300 -0.24884400 0.52581600
1403636749.263555765 3.795437 2.002101 -0.611429 -0.40179600 -0.70677900 -0.25473100 0.52358200
1403636749.313555479 3.794998 2.010391 -0.600784 -0.39917100 -0.70765900 -0.26003600 0.52179400
1403636749.363555431 3.795246 2.018967 -0.588325 -0.39698500 -0.70904300 -0.26433800 0.51941200
1403636749.413555622 3.796162 2.027024 -0.574156 -0.39477200 -0.71014800 -0.26821000 0.51760100
1403636749.463555574 3.797481 2.034916 -0.558763 -0.39226100 -0.71120300 -0.27221600 0.51596700
1403636749.513555527 3.798928 2.042315 -0.542646 -0.39002300 -0.71261400 -0.27541000 0.51401700
1403636749.563555717 3.800337 2.049374 -0.526134 -0.38726700 -0.71448800 -0.27888500 0.51162300
1403636749.613555431 3.801588 2.056406 -0.510012 -0.38442900 -0.71529700 -0.28235200 0.51072800
1403636749.663555384 3.802249 2.062710 -0.495749 -0.38329900 -0.71590200 -0.28305100 0.51034100
1403636749.713555574 3.802191 2.068265 -0.483027 -0.38285900 -0.71545100 -0.28251700 0.51159800
1403636749.763555765 3.801664 2.073165 -0.471591 -0.38210300 -0.71397000 -0.28219800 0.51440200
1403636749.813555479 3.800969 2.077315 -0.461647 -0.38095000 -0.71176400 -0.28216000 0.51832000
1403636749.863555431 3.800114 2.080672 -0.453255 -0.38011200 -0.70916500 -0.28159900 0.52278500
1403636749.913555622 3.799334 2.083106 -0.446534 -0.37876200 -0.70778400 -0.28130500 0.52578400
1403636749.963555574 3.798779 2.084398 -0.441074 -0.37720200 -0.70658700 -0.28087800 0.52873600
1403636750.013555527 3.798602 2.084334 -0.437104 -0.37584800 -0.70631400 -0.27994000 0.53055900
1403636750.063555717 3.798960 2.082705 -0.434259 -0.37497000 -0.70647400 -0.27870900 0.53161400
1403636750.113555431 3.799856 2.079739 -0.431917 -0.37452700 -0.70786700 -0.27679600 0.53107300
1403636750.163555384 3.801361 2.075466 -0.428754 -0.37419300 -0.70953900 -0.27518200 0.52991600
1403636750.213555574 3.803733 2.069474 -0.424501 -0.37411000 -0.71085900 -0.27302000 0.52932200
1403636750.263555765 3.806231 2.062877 -0.418871 -0.37368700 -0.71339100 -0.27152800 0.52697600
1403636750.313555479 3.808381 2.056118 -0.410670 -0.37366000 -0.71508500 -0.26908800 0.52595100
1403636750.363555431 3.811308 2.048227 -0.400206 -0.37264100 -0.71759000 -0.26805700 0.52378300
1403636750.413555622 3.813880 2.040288 -0.387049 -0.37313500 -0.71853000 -0.26529100 0.52355200
1403636750.463555574 3.816808 2.031395 -0.371751 -0.37163900 -0.72014400 -0.26444600 0.52282600
1403636750.513555527 3.819896 2.022060 -0.353139 -0.37009100 -0.72076000 -0.26343800 0.52358400
1403636750.563555717 3.823000 2.012347 -0.332484 -0.36856700 -0.72206400 -0.26251100 0.52332600
1403636750.613555431 3.826175 2.002322 -0.310163 -0.36746900 -0.72318500 -0.26111100 0.52325100
1403636750.663555384 3.829465 1.992676 -0.286319 -0.36545600 -0.72419800 -0.26173000 0.52294900
1403636750.713555574 3.832731 1.982803 -0.260832 -0.36459200 -0.72528600 -0.26076800 0.52252600
1403636750.763555765 3.836134 1.972409 -0.234460 -0.36386100 -0.72646900 -0.25977000 0.52188900
1403636750.813555479 3.839282 1.961948 -0.206453 -0.36291100 -0.72745300 -0.25973900 0.52119400
1403636750.863555431 3.842567 1.950761 -0.176506 -0.36229300 -0.72821400 -0.25921100 0.52082500
1403636750.913555622 3.846214 1.938735 -0.145138 -0.36142400 -0.72987700 -0.25973300 0.51883700
1403636750.963555574 3.849621 1.926317 -0.114009 -0.36036300 -0.73104300 -0.26063400 0.51748000
1403636751.013555527 3.852648 1.914033 -0.083723 -0.36010900 -0.73201300 -0.26117500 0.51601000
1403636751.063555717 3.855118 1.901568 -0.054462 -0.36010900 -0.73219500 -0.26147700 0.51559800
1403636751.113555431 3.856918 1.888885 -0.027213 -0.36069200 -0.73211100 -0.26106600 0.51551800
1403636751.163555384 3.858026 1.876052 -0.001859 -0.36251600 -0.73291100 -0.25947100 0.51390600
1403636751.213555574 3.858447 1.863331 0.022287 -0.36353200 -0.73537100 -0.25897300 0.50991000
1403636751.263555765 3.858121 1.850637 0.045585 -0.36602000 -0.73731100 -0.25642200 0.50660700
1403636751.313555479 3.857366 1.837991 0.068688 -0.36822500 -0.73784200 -0.25426600 0.50532100
1403636751.363555431 3.855954 1.825885 0.091669 -0.37109200 -0.73671700 -0.25139200 0.50630200
1403636751.413555622 3.853853 1.814480 0.114687 -0.37343200 -0.73424500 -0.24924600 0.50922600
1403636751.463555574 3.851484 1.803796 0.137490 -0.37629400 -0.73101800 -0.24629700 0.51318200
1403636751.513555527 3.848983 1.793738 0.160091 -0.37757200 -0.72831100 -0.24401400 0.51717000
1403636751.563555717 3.846626 1.784305 0.182194 -0.37695300 -0.72620300 -0.24187300 0.52156900
1403636751.613555431 3.844598 1.775401 0.203266 -0.37642900 -0.72575700 -0.23829800 0.52420700
1403636751.663555384 3.843426 1.767160 0.223624 -0.37559200 -0.72629100 -0.23500700 0.52555200
1403636751.713555574 3.842975 1.759535 0.242655 -0.37502400 -0.72864000 -0.23123000 0.52438000
1403636751.763555765 3.843496 1.752762 0.260790 -0.37468000 -0.73161600 -0.22760600 0.52206200
1403636751.813555479 3.844660 1.747118 0.278212 -0.37445800 -0.73477400 -0.22404600 0.51932000
1403636751.863555431 3.846386 1.743148 0.295521 -0.37259100 -0.73888200 -0.22382000 0.51491400
1403636751.913555622 3.848485 1.740392 0.313278 -0.36921600 -0.74213600 -0.22561400 0.51187300
1403636751.963555574 3.850421 1.739039 0.330877 -0.36568900 -0.74490700 -0.22814100 0.50925300
1403636752.013555527 3.851928 1.739070 0.348118 -0.36261800 -0.74696400 -0.23077400 0.50724500
1403636752.063555717 3.852910 1.739991 0.365149 -0.36039500 -0.74743600 -0.23271600 0.50724700
1403636752.113555431 3.853227 1.742024 0.381858 -0.35857100 -0.74690300 -0.23425100 0.50861500
1403636752.163555384 3.852683 1.744752 0.398519 -0.35558700 -0.74531300 -0.23573800 0.51234400
1403636752.213555574 3.851511 1.747980 0.414548 -0.35176500 -0.74375400 -0.23655600 0.51685100
1403636752.263555765 3.850112 1.751135 0.430817 -0.34738200 -0.74282500 -0.23565500 0.52154200
1403636752.313555479 3.848295 1.754553 0.448421 -0.34198100 -0.74170700 -0.23428700 0.52728800
1403636752.363555431 3.846357 1.757773 0.467235 -0.33573700 -0.74152100 -0.23189700 0.53259300
1403636752.413555622 3.844555 1.760650 0.487342 -0.32908200 -0.74280500 -0.22820000 0.53653900
1403636752.463555574 3.842932 1.763163 0.508777 -0.32209400 -0.74560300 -0.22300800 0.53907700
1403636752.513555527 3.841598 1.765392 0.531048 -0.31388300 -0.74896400 -0.21824200 0.54121800
1403636752.563555717 3.840528 1.767455 0.552461 -0.30576800 -0.75317700 -0.21256500 0.54226600
1403636752.613555431 3.839518 1.769336 0.572541 -0.29707300 -0.75736200 -0.20684100 0.54348300
1403636752.663555384 3.838939 1.770898 0.590665 -0.28856800 -0.76226000 -0.20056500 0.54357000
1403636752.713555574 3.838337 1.772417 0.607550 -0.27993700 -0.76565800 -0.19411100 0.54564500
1403636752.763555765 3.837759 1.773867 0.622751 -0.27097900 -0.76943000 -0.18745800 0.54718700
1403636752.813555479 3.837410 1.775067 0.636061 -0.26077800 -0.77338700 -0.18246500 0.54826500
1403636752.863555431 3.837263 1.775753 0.647625 -0.25095700 -0.77752300 -0.17619200 0.54903700
1403636752.913555622 3.837154 1.776261 0.658041 -0.23927600 -0.78056900 -0.17236500 0.55114000
1403636752.963555574 3.836871 1.776422 0.666279 -0.22751900 -0.78420900 -0.16804800 0.55228400
1403636753.013555527 3.836478 1.776058 0.672840 -0.21591900 -0.78783900 -0.16319400 0.55323100
1403636753.063555717 3.835927 1.775142 0.677668 -0.20423900 -0.79133600 -0.15790000 0.55421000
1403636753.113555431 3.834933 1.773510 0.680807 -0.19271200 -0.79447100 -0.15188800 0.55553200
1403636753.163555384 3.833464 1.771105 0.682431 -0.18130900 -0.79743000 -0.14534400 0.55687900
1403636753.213555574 3.831530 1.767954 0.682469 -0.16969800 -0.80023700 -0.13882700 0.55819000
1403636753.263555765 3.829088 1.763998 0.680866 -0.15739600 -0.80294400 -0.13330000 0.55923800
1403636753.313555479 3.826027 1.759084 0.677885 -0.14424200 -0.80531300 -0.12894900 0.56039600
1403636753.363555431 3.822639 1.753159 0.673853 -0.13394000 -0.80636000 -0.12276200 0.56283200
1403636753.413555622 3.818705 1.746314 0.670055 -0.12633700 -0.80701200 -0.11588100 0.56510800
1403636753.463555574 3.813851 1.738664 0.666944 -0.12170700 -0.80736900 -0.10792700 0.56718500
1403636753.513555527 3.808997 1.730247 0.665445 -0.11848400 -0.80763700 -0.10125400 0.56871200
1403636753.563555717 3.804461 1.721122 0.666007 -0.11640400 -0.80771800 -0.09504900 0.57010000
1403636753.613555431 3.800273 1.711525 0.668197 -0.11458800 -0.80699100 -0.09102500 0.57214600
1403636753.663555384 3.797102 1.701364 0.671926 -0.11376400 -0.80684600 -0.08794600 0.57299700
1403636753.713555574 3.793577 1.691282 0.675112 -0.11362200 -0.80682600 -0.08570200 0.57339100
1403636753.763555765 3.789947 1.681131 0.678266 -0.11277700 -0.80626900 -0.08566000 0.57434700
1403636753.813555479 3.786591 1.670618 0.680030 -0.11218500 -0.80598800 -0.08621500 0.57477400
1403636753.863555431 3.783902 1.659719 0.680224 -0.11242000 -0.80557400 -0.08686200 0.57521100
1403636753.913555622 3.781347 1.648391 0.678757 -0.11381600 -0.80556800 -0.08639600 0.57501400
1403636753.963555574 3.779324 1.636669 0.676333 -0.11436500 -0.80520500 -0.08737100 0.57526800
1403636754.013555527 3.777591 1.624652 0.674392 -0.11499500 -0.80472400 -0.08888300 0.57558300
1403636754.063555717 3.775684 1.612274 0.674225 -0.11612600 -0.80264600 -0.08974100 0.57812000
1403636754.113555431 3.773875 1.599550 0.675961 -0.11701300 -0.80040700 -0.09063200 0.58089800
1403636754.163555384 3.772767 1.586176 0.679265 -0.11767600 -0.79873800 -0.09222400 0.58280800
1403636754.213555574 3.772573 1.572098 0.683445 -0.11764700 -0.79724300 -0.09491000 0.58442700
1403636754.263555765 3.773777 1.557104 0.689294 -0.11799300 -0.79651800 -0.09696700 0.58500800
1403636754.313555479 3.775007 1.541503 0.696558 -0.11853100 -0.79635500 -0.09858100 0.58485200
1403636754.363555431 3.776608 1.525237 0.705404 -0.11805500 -0.79637000 -0.10035000 0.58462600
1403636754.413555622 3.778938 1.507658 0.715255 -0.11775500 -0.79653800 -0.09973500 0.58456300
1403636754.463555574 3.782048 1.488774 0.725375 -0.11636400 -0.79703200 -0.09821200 0.58442700
1403636754.513555527 3.785782 1.468862 0.734789 -0.11379800 -0.79791600 -0.09677200 0.58396600
1403636754.563555717 3.790016 1.447797 0.742594 -0.10955200 -0.79963600 -0.09523500 0.58267700
1403636754.613555431 3.794594 1.425566 0.748736 -0.10456400 -0.80137700 -0.09251500 0.58164000
1403636754.663555384 3.799553 1.402259 0.753620 -0.09896200 -0.80236100 -0.08845700 0.58189400
1403636754.713555574 3.804954 1.377990 0.757233 -0.09322500 -0.80372000 -0.08314000 0.58175100
1403636754.763555765 3.810575 1.352776 0.760113 -0.08640600 -0.80429000 -0.07761400 0.58277800
1403636754.813555479 3.816708 1.327186 0.761652 -0.07945100 -0.80519000 -0.07301900 0.58312600
1403636754.863555431 3.823249 1.301034 0.761878 -0.07413500 -0.80579000 -0.06747400 0.58365700
1403636754.913555622 3.830372 1.274447 0.761079 -0.06849900 -0.80600200 -0.06440300 0.58440000
1403636754.963555574 3.837881 1.247337 0.759100 -0.06439300 -0.80658900 -0.06006800 0.58451800
1403636755.013555527 3.845650 1.219806 0.756420 -0.05930500 -0.80728600 -0.05863600 0.58424000
1403636755.063555717 3.854013 1.191677 0.753374 -0.05701400 -0.80730800 -0.05543200 0.58475100
1403636755.113555431 3.863027 1.163077 0.751517 -0.05423700 -0.80772800 -0.05355100 0.58460900
1403636755.163555384 3.873489 1.133742 0.750502 -0.05289900 -0.80825500 -0.05090100 0.58424000
1403636755.213555574 3.884823 1.103833 0.751005 -0.05161200 -0.80844900 -0.04900400 0.58424800
1403636755.263555765 3.896295 1.073612 0.753280 -0.05088300 -0.81007800 -0.04784700 0.58214800
1403636755.313555479 3.907617 1.042995 0.757100 -0.05056600 -0.81308600 -0.04645200 0.57808100
1403636755.363555431 3.919695 1.012063 0.762790 -0.05080100 -0.81667300 -0.04508500 0.57309100
1403636755.413555622 3.931223 0.981201 0.770101 -0.05047700 -0.81974400 -0.04514100 0.56871300
1403636755.463555574 3.941750 0.950243 0.778606 -0.05104700 -0.82168500 -0.04455200 0.56590100
1403636755.513555527 3.951513 0.919195 0.787289 -0.05102000 -0.82225300 -0.04550100 0.56500100
1403636755.563555717 3.960582 0.887899 0.794894 -0.05056800 -0.82238800 -0.04725500 0.56470200
1403636755.613555431 3.968918 0.856303 0.801230 -0.05031500 -0.82141900 -0.04867600 0.56601300
1403636755.663555384 3.976562 0.824223 0.805842 -0.05182500 -0.82047000 -0.04794900 0.56731300
1403636755.713555574 3.984019 0.791885 0.808899 -0.05262600 -0.81991700 -0.04800800 0.56803400
1403636755.763555765 3.991191 0.759238 0.810758 -0.05395800 -0.81885000 -0.04729500 0.56950600
1403636755.813555479 3.998002 0.726393 0.811515 -0.05484700 -0.81708100 -0.04705700 0.57197600
1403636755.863555431 4.004872 0.693267 0.810822 -0.05555300 -0.81598400 -0.04661600 0.57350700
1403636755.913555622 4.011469 0.659940 0.809619 -0.05563500 -0.81439000 -0.04687500 0.57574000
1403636755.963555574 4.017968 0.626329 0.808543 -0.05644000 -0.81379300 -0.04591800 0.57658200
1403636756.013555527 4.024824 0.592526 0.808756 -0.05677700 -0.81301300 -0.04547800 0.57768400
1403636756.063555717 4.031078 0.558710 0.810382 -0.05705000 -0.81241900 -0.04508600 0.57852200
1403636756.113555431 4.037216 0.524935 0.813741 -0.05618500 -0.81201000 -0.04627800 0.57908700
1403636756.163555384 4.042631 0.490925 0.819093 -0.05565300 -0.81136700 -0.04670000 0.58000500
1403636756.213555574 4.049212 0.456792 0.825589 -0.05572600 -0.81062600 -0.04639900 0.58105700
1403636756.263555765 4.056112 0.422367 0.832547 -0.05574400 -0.81046400 -0.04584300 0.58132600
1403636756.313555479 4.063369 0.387778 0.839011 -0.05554100 -0.81040100 -0.04550400 0.58145900
1403636756.363555431 4.070573 0.353181 0.844665 -0.05478700 -0.81008400 -0.04555100 0.58196800
1403636756.413555622 4.078049 0.318557 0.849087 -0.05392200 -0.80980700 -0.04610600 0.58239200
1403636756.463555574 4.085908 0.283768 0.851865 -0.05372000 -0.80961100 -0.04546400 0.58273200
1403636756.513555527 4.094100 0.248828 0.852933 -0.05354400 -0.80954800 -0.04468200 0.58289800
1403636756.563555717 4.102474 0.213834 0.852835 -0.05289200 -0.80948100 -0.04468500 0.58304900
1403636756.613555431 4.110988 0.178427 0.851658 -0.05272200 -0.80910700 -0.04419600 0.58362100
1403636756.663555384 4.119879 0.142783 0.850493 -0.05249200 -0.80898700 -0.04341000 0.58386700
1403636756.713555574 4.129457 0.107082 0.850406 -0.05195300 -0.80827700 -0.04307100 0.58492300
1403636756.763555765 4.139797 0.071210 0.851709 -0.05153600 -0.80788800 -0.04272800 0.58552200
1403636756.813555479 4.151043 0.035197 0.853854 -0.05140400 -0.80755200 -0.04184600 0.58606100
1403636756.863555431 4.162626 -0.000915 0.857585 -0.05118900 -0.80768300 -0.04111100 0.58595100
1403636756.913555622 4.174918 -0.037131 0.863042 -0.05074800 -0.80788200 -0.04119700 0.58570800
1403636756.963555574 4.187923 -0.073558 0.870551 -0.05084800 -0.80806400 -0.04009100 0.58552600
1403636757.013555527 4.201667 -0.109867 0.878251 -0.05019200 -0.80802000 -0.04023900 0.58563300
1403636757.063555717 4.215648 -0.146426 0.885265 -0.05118600 -0.80821000 -0.03806600 0.58543000
1403636757.113555431 4.229929 -0.182982 0.891570 -0.05079900 -0.80796000 -0.03812800 0.58580500
1403636757.163555384 4.244334 -0.219560 0.896184 -0.05086000 -0.80845900 -0.03780200 0.58513100
1403636757.213555574 4.259396 -0.256021 0.899478 -0.05096600 -0.80816800 -0.03751900 0.58554200
1403636757.263555765 4.274866 -0.292413 0.901323 -0.05025700 -0.80841300 -0.03793000 0.58523800
1403636757.313555479 4.290812 -0.328596 0.901389 -0.04864500 -0.80902800 -0.03994300 0.58439100
1403636757.363555431 4.307059 -0.365013 0.899981 -0.04868900 -0.80965400 -0.03935600 0.58355900
1403636757.413555622 4.323651 -0.401529 0.897146 -0.04750600 -0.81078700 -0.04046900 0.58200500
1403636757.463555574 4.340255 -0.438221 0.894026 -0.04624400 -0.81214000 -0.04183600 0.58012100
1403636757.513555527 4.357183 -0.475371 0.891828 -0.04379800 -0.81376000 -0.04207500 0.57802000
1403636757.563555717 4.373982 -0.513213 0.891162 -0.04117900 -0.81630400 -0.04067400 0.57471900
1403636757.613555431 4.390655 -0.551424 0.891065 -0.03797300 -0.81988700 -0.03841200 0.56997500
1403636757.663555384 4.406969 -0.589987 0.893163 -0.03504600 -0.82365800 -0.03612200 0.56485100
1403636757.713555574 4.422431 -0.628806 0.896620 -0.03235900 -0.82727400 -0.03305500 0.55989300
1403636757.763555765 4.436549 -0.667717 0.902329 -0.03014600 -0.83017900 -0.02991100 0.55587800
1403636757.813555479 4.448988 -0.706747 0.910386 -0.02776200 -0.83246000 -0.02724000 0.55272300
1403636757.863555431 4.459572 -0.745595 0.921285 -0.02640700 -0.83368300 -0.02395400 0.55109300
1403636757.913555622 4.468744 -0.784445 0.935237 -0.02490100 -0.83373200 -0.02155600 0.55118700
1403636757.963555574 4.476453 -0.823329 0.950501 -0.02420600 -0.83216900 -0.01839600 0.55368900
1403636758.013555527 4.482248 -0.861690 0.966783 -0.02257700 -0.82768100 -0.01762500 0.56047000
1403636758.063555717 4.487009 -0.899780 0.981474 -0.02146300 -0.82365000 -0.01611900 0.56646400
1403636758.113555431 4.491205 -0.937673 0.994645 -0.02118600 -0.81984700 -0.01434900 0.57201700
1403636758.163555384 4.495132 -0.975364 1.006220 -0.02068200 -0.81666500 -0.01339500 0.57658700
1403636758.213555574 4.499355 -1.012573 1.016067 -0.02017600 -0.81390300 -0.01260500 0.58051300
1403636758.263555765 4.504061 -1.049533 1.024052 -0.02047300 -0.81256800 -0.01133100 0.58239700
1403636758.313555479 4.508988 -1.086219 1.030195 -0.02113500 -0.81133400 -0.00992800 0.58411700
1403636758.363555431 4.514361 -1.122451 1.033562 -0.02177800 -0.81220200 -0.00867100 0.58290500
1403636758.413555622 4.520465 -1.158477 1.034166 -0.02356000 -0.81581700 -0.00598300 0.57780200
1403636758.463555574 4.526596 -1.194128 1.032722 -0.02613200 -0.82084100 -0.00231400 0.57055900
1403636758.513555527 4.532364 -1.229416 1.029806 -0.03006700 -0.82682900 0.00324500 0.56164500
1403636758.563555717 4.537246 -1.263743 1.026316 -0.03462100 -0.83245300 0.00962800 0.55295000
1403636758.613555431 4.540915 -1.296450 1.022557 -0.03843400 -0.83678700 0.01498700 0.54597600
1403636758.663555384 4.542255 -1.327097 1.019704 -0.03965800 -0.83767800 0.01600500 0.54448800
1403636758.713555574 4.541250 -1.355709 1.017885 -0.03938700 -0.83422600 0.01466600 0.54982000
1403636758.763555765 4.538598 -1.382281 1.016034 -0.03746500 -0.82956500 0.01039900 0.55705900
1403636758.813555479 4.534806 -1.407612 1.013575 -0.03677900 -0.82496700 0.00906500 0.56391300
1403636758.863555431 4.530400 -1.431515 1.010678 -0.03442100 -0.82032400 0.00559100 0.57083700
1403636758.913555622 4.526167 -1.454093 1.006643 -0.03093400 -0.81750500 0.00008700 0.57509100
1403636758.963555574 4.522177 -1.475895 1.001693 -0.02932100 -0.81500300 -0.00244300 0.57871000
1403636759.013555527 4.518710 -1.497068 0.995719 -0.02796000 -0.81384100 -0.00436600 0.58040000
1403636759.063555717 4.515517 -1.518066 0.989149 -0.02905700 -0.81226100 -0.00246600 0.58256600
1403636759.113555431 4.512682 -1.538560 0.981668 -0.03326200 -0.81112300 0.00367400 0.58392000
1403636759.163555384 4.510163 -1.558404 0.973486 -0.03950100 -0.81013500 0.01319400 0.58476700
1403636759.213555574 4.508098 -1.576664 0.964579 -0.04552700 -0.80926600 0.02234900 0.58525200
1403636759.263555765 4.506575 -1.592747 0.954647 -0.05062300 -0.80851300 0.03005600 0.58552800
1403636759.313555479 4.505566 -1.606256 0.943841 -0.05167600 -0.80832200 0.03212900 0.58559000
1403636759.363555431 4.505204 -1.616942 0.932429 -0.04739900 -0.80825400 0.02645400 0.58632900
1403636759.413555622 4.505507 -1.625279 0.919768 -0.04229800 -0.80899300 0.01944600 0.58598100
1403636759.463555574 4.506432 -1.631954 0.906444 -0.03726300 -0.80886300 0.01275100 0.58667900
1403636759.513555527 4.508238 -1.637323 0.892010 -0.03235000 -0.80929700 0.00589800 0.58648100
1403636759.563555717 4.510655 -1.641965 0.877167 -0.02854400 -0.80923500 0.00174700 0.58679300
1403636759.613555431 4.513767 -1.645820 0.863780 -0.02439000 -0.80934300 -0.00320800 0.58682200
1403636759.663555384 4.518373 -1.649223 0.852865 -0.02187900 -0.80963900 -0.00592300 0.58649000
1403636759.713555574 4.523159 -1.652526 0.844428 -0.02016300 -0.81009700 -0.00753900 0.58590100
1403636759.763555765 4.528498 -1.655994 0.838642 -0.02010000 -0.80971100 -0.00660000 0.58644800
1403636759.813555479 4.533723 -1.659225 0.835611 -0.01891600 -0.80916400 -0.00805800 0.58722300
1403636759.863555431 4.539424 -1.662299 0.833484 -0.01937300 -0.80972200 -0.00754700 0.58644600
1403636759.913555622 4.545902 -1.665429 0.830452 -0.01937900 -0.81274800 -0.00731900 0.58224700
1403636759.963555574 4.552971 -1.668447 0.826691 -0.01934600 -0.81605800 -0.00750900 0.57759800
1403636760.013555527 4.560237 -1.671576 0.822435 -0.01996500 -0.81871100 -0.00694400 0.57381900
1403636760.063555717 4.567323 -1.674582 0.817490 -0.02140700 -0.82103600 -0.00533000 0.57045100
1403636760.113555431 4.574105 -1.677447 0.811936 -0.02132300 -0.82372600 -0.00595800 0.56655700
1403636760.163555384 4.580079 -1.680398 0.806352 -0.02143800 -0.82577600 -0.00609100 0.56355900
1403636760.213555574 4.584782 -1.683072 0.801539 -0.02191800 -0.82334300 -0.00550600 0.56709500
1403636760.263555765 4.588899 -1.685345 0.796718 -0.02210200 -0.81910900 -0.00576500 0.57318600
1403636760.313555479 4.592726 -1.687478 0.791393 -0.02276900 -0.81493800 -0.00471600 0.57908900
1403636760.363555431 4.596634 -1.689061 0.785004 -0.02189800 -0.81258000 -0.00611700 0.58240700
1403636760.413555622 4.600854 -1.690532 0.777945 -0.02056900 -0.81035800 -0.00770100 0.58552300
1403636760.463555574 4.605605 -1.691922 0.769992 -0.01956300 -0.80968700 -0.00914300 0.58646500
1403636760.513555527 4.611304 -1.693356 0.761630 -0.01851700 -0.81073900 -0.01059100 0.58502000
1403636760.563555717 4.617461 -1.695165 0.752939 -0.01788800 -0.81378300 -0.01094100 0.58079400
1403636760.613555431 4.623741 -1.696979 0.744197 -0.01729900 -0.81703200 -0.01148000 0.57622000
1403636760.663555384 4.629928 -1.699014 0.736015 -0.01586700 -0.81945000 -0.01312900 0.57278100
1403636760.713555574 4.635938 -1.701284 0.728344 -0.01459600 -0.82147900 -0.01426400 0.56987400
1403636760.763555765 4.641337 -1.703874 0.721608 -0.01311500 -0.82144100 -0.01589300 0.56992100
1403636760.813555479 4.646136 -1.707012 0.715124 -0.01222000 -0.82000900 -0.01659300 0.57197900
1403636760.863555431 4.650707 -1.710567 0.708906 -0.01075100 -0.81795100 -0.01821700 0.57489900
1403636760.913555622 4.655411 -1.714733 0.702745 -0.00940300 -0.81618100 -0.01917100 0.57740300
1403636760.963555574 4.660204 -1.719575 0.696145 -0.00926000 -0.81634200 -0.01907900 0.57717900
1403636761.013555527 4.665144 -1.725317 0.689249 -0.01023900 -0.81837800 -0.01713500 0.57433500
1403636761.063555717 4.669925 -1.731353 0.681933 -0.01168200 -0.82105200 -0.01495700 0.57053900
1403636761.113555431 4.674099 -1.737960 0.674523 -0.01307500 -0.82468000 -0.01248900 0.56531200
1403636761.163555384 4.677542 -1.744837 0.666823 -0.01389000 -0.82897600 -0.01105100 0.55900500
1403636761.213555574 4.680049 -1.751947 0.659771 -0.01324400 -0.83283700 -0.01122100 0.55324800
1403636761.263555765 4.681423 -1.759255 0.653595 -0.01416300 -0.83531400 -0.00983000 0.54950300
1403636761.313555479 4.680993 -1.766638 0.648730 -0.01377000 -0.83600400 -0.01031400 0.54845400
1403636761.363555431 4.678698 -1.774051 0.645067 -0.01380800 -0.83441100 -0.00987100 0.55088200
1403636761.413555622 4.675061 -1.781443 0.643012 -0.01358900 -0.83043900 -0.01019100 0.55685300
1403636761.463555574 4.670460 -1.788817 0.641964 -0.01308700 -0.82595800 -0.01118900 0.56347100
1403636761.513555527 4.665184 -1.796320 0.641680 -0.01338200 -0.82173400 -0.01109400 0.56960700
1403636761.563555717 4.659791 -1.803923 0.642034 -0.01365300 -0.81812400 -0.01139200 0.57477200
1403636761.613555431 4.654378 -1.811685 0.642797 -0.01436100 -0.81528900 -0.01105700 0.57877200
1403636761.663555384 4.649369 -1.819502 0.643475 -0.01706200 -0.81381900 -0.00783600 0.58081700
1403636761.713555574 4.644647 -1.827279 0.644568 -0.02131600 -0.81255100 -0.00252400 0.58249700
1403636761.763555765 4.640287 -1.834649 0.645897 -0.02504100 -0.81207200 0.00245400 0.58301600
1403636761.813555479 4.636336 -1.841300 0.647832 -0.02832100 -0.81170300 0.00652100 0.58334700
1403636761.863555431 4.632908 -1.847022 0.650275 -0.03022800 -0.81158000 0.00901100 0.58338900
1403636761.913555622 4.630137 -1.851246 0.653147 -0.02974500 -0.81212100 0.00785400 0.58267700
1403636761.963555574 4.627812 -1.854214 0.656512 -0.02785800 -0.81262300 0.00454800 0.58210700
1403636762.013555527 4.625563 -1.856288 0.660622 -0.02255900 -0.81258200 -0.00346300 0.58240300
1403636762.063555717 4.623536 -1.858069 0.665100 -0.01737600 -0.81250500 -0.01182200 0.58258700
1403636762.113555431 4.622257 -1.859893 0.670106 -0.01017900 -0.81258200 -0.02258100 0.58232500
1403636762.163555384 4.621392 -1.862565 0.674982 -0.00532500 -0.81350600 -0.03013600 0.58075200
1403636762.213555574 4.620944 -1.866530 0.679151 -0.00394100 -0.81646500 -0.03293400 0.57644300
1403636762.263555765 4.620300 -1.871941 0.682329 -0.00506700 -0.82090100 -0.03188800 0.57015900
1403636762.313555479 4.618824 -1.878498 0.683908 -0.00730000 -0.82541800 -0.02933100 0.56372100
1403636762.363555431 4.617462 -1.885801 0.683316 -0.00974900 -0.82932400 -0.02620400 0.55807000
1403636762.413555622 4.614318 -1.893941 0.680764 -0.01267700 -0.83126700 -0.02235900 0.55528000
1403636762.463555574 4.610071 -1.902849 0.676253 -0.01766200 -0.83177100 -0.01533900 0.55463000
1403636762.513555527 4.604355 -1.912274 0.670521 -0.02620000 -0.82882500 -0.00324900 0.55889300
1403636762.563555717 4.597971 -1.921354 0.662889 -0.03417100 -0.82490500 0.00796700 0.56421000
1403636762.613555431 4.591154 -1.929537 0.653316 -0.04178100 -0.82064700 0.01880500 0.56960200
1403636762.663555384 4.583949 -1.936013 0.642015 -0.04586600 -0.81642900 0.02483000 0.57508700
1403636762.713555574 4.576851 -1.940303 0.628568 -0.04325500 -0.81392600 0.02150800 0.57895800
